heartrate,rrvalues
75.6547,0.793
75.4254,0.796
74.8397,0.801
70.6504,0.85
69.9851,0.857
71.8661,0.835
75.1771,0.798
78.2277,0.767
78.0142,0.769
78.8055,0.761
79.3776,0.756
80.2651,0.748
80.6693,0.744
79.3036,0.756
77.586,0.774
77.2772,0.776
77.1454,0.778
77.5328,0.774
76.8533,0.78
75.746,0.792
75.9968,0.79
77.1953,0.777
77.9106,0.77
77.2152,0.777
75.6364,0.794
75.7875,0.791
77.3823,0.776
76.1254,0.788
74.3004,0.807
75.3293,0.797
77.1805,0.777
76.3619,0.786
75.0692,0.799
73.5678,0.816
74.2048,0.808
76.3446,0.786
77.7406,0.772
77.8515,0.771
77.1966,0.777
76.1503,0.788
75.6632,0.793
73.6347,0.815
72.5675,0.827
70.9411,0.845
73.4268,0.818
74.2473,0.808
74.7469,0.802
75.2779,0.797
75.3272,0.797
74.9004,0.801
74.3359,0.807
72.8284,0.824
71.5404,0.839
73.1457,0.82
72.3098,0.83
72.1229,0.832
72.163,0.831
73.1884,0.82
74.6471,0.804
74.8941,0.801
75.2091,0.798
75.1069,0.798
74.7932,0.803
73.5759,0.815
69.7737,0.86
70.1209,0.856
72.4255,0.828
73.6134,0.815
74.0422,0.811
74.0874,0.809
74.3355,0.808
74.1859,0.808
73.6101,0.815
72.6023,0.827
70.5119,0.851
71.0444,0.844
71.9252,0.835
71.2072,0.842
70.3083,0.854
69.6438,0.861
71.8802,0.835
73.1226,0.82
73.6423,0.815
71.7378,0.836
71.3661,0.841
71.4178,0.84
71.1706,0.843
70.81,0.848
69.2711,0.866
70.01,0.857
70.3834,0.852
73.3071,0.819
73.5855,0.815
73.189,0.82
71.771,0.836
70.5275,0.851
71.373,0.84
72.4772,0.828
71.1423,0.844
72.9064,0.823
73.1344,0.82
72.2019,0.831
68.7442,0.873
67.892,0.884
65.2567,0.919
67.6073,0.888
68.4652,0.876
68.2631,0.879
68.0757,0.881
68.8711,0.871
70.7127,0.849
71.5729,0.838
72.9532,0.823
71.7693,0.836
72.2671,0.83
72.0014,0.833
71.8227,0.836
73.0563,0.821
70.7532,0.848
68.9005,0.871
68.0419,0.882
69.0888,0.868
70.8603,0.847
72.6072,0.826
72.7352,0.825
73.2647,0.819
73.2558,0.819
70.9591,0.846
68.4386,0.876
65.799,0.912
64.0289,0.937
64.6979,0.928
65.8125,0.911
66.4679,0.903
67.2052,0.893
68.5115,0.876
69.6761,0.861
68.226,0.879
67.8341,0.885
66.8071,0.898
68.5708,0.875
66.791,0.898
67.8492,0.884
70.6726,0.849
73.459,0.817
75.0264,0.8
71.4292,0.84
67.8417,0.884
66.6436,0.901
73.5994,0.815
74.4346,0.806
75.2017,0.798
75.9281,0.79
75.4921,0.795
76.4034,0.785
77.711,0.772
81.3029,0.738
84.6621,0.709
85.9482,0.698
81.4664,0.736
80.5404,0.745
77.0248,0.779
73.9546,0.812
72.732,0.825
72.8125,0.824
73.4588,0.816
73.6287,0.815
72.2028,0.831
73.3924,0.818
75.0869,0.799
76.2707,0.787
76.8736,0.78
75.1221,0.799
74.1452,0.809
72.0606,0.833
71.4157,0.84
71.604,0.838
70.5766,0.85
70.3012,0.853
69.8644,0.859
71.4963,0.839
72.1437,0.832
72.3291,0.83
71.9713,0.833
72.0156,0.833
72.7574,0.825
72.7112,0.825
71.9312,0.834
71.89,0.835
71.7313,0.836
72.4981,0.828
72.8317,0.824
72.1003,0.832
71.3007,0.841
72.5804,0.827
73.4902,0.817
72.9601,0.822
72.9019,0.823
74.3402,0.807
75.6137,0.794
74.3059,0.807
73.3714,0.818
70.8451,0.847
70.7361,0.848
71.7096,0.837
72.3065,0.829
71.5789,0.839
72.0352,0.833
73.4156,0.817
72.1863,0.831
72.2629,0.83
71.4324,0.84
73.1377,0.821
72.8495,0.823
72.322,0.83
71.9494,0.834
72.1418,0.832
71.7316,0.836
70.3701,0.853
69.215,0.867
69.5717,0.862
68.3529,0.878
67.3708,0.89
68.0006,0.883
70.1684,0.855
71.8835,0.834
73.9881,0.811
76.7612,0.782
77.6339,0.773
80.6996,0.743
75.9524,0.79
70.0303,0.857
67.5253,0.889
69.1392,0.867
66.8107,0.899
66.9427,0.896
68.9027,0.871
71.2232,0.842
71.8329,0.835
71.5499,0.839
72.3173,0.83
73.8943,0.812
74.2068,0.808
72.6978,0.825
71.6371,0.838
70.2639,0.854
71.2842,0.842
71.9781,0.833
71.8121,0.836
71.0469,0.844
71.0025,0.845
71.2365,0.843
72.1266,0.831
70.7808,0.848
71.1138,0.844
71.0897,0.844
70.5353,0.85
71.0417,0.845
69.8103,0.86
70.0574,0.856
70.8258,0.847
71.4735,0.84
70.8438,0.846
71.1325,0.844
70.8682,0.847
71.4815,0.839
71.8399,0.835
71.5017,0.839
72.1584,0.832
70.7648,0.848
70.4258,0.852
71.1871,0.843
70.7892,0.847
70.233,0.854
68.3524,0.878
68.0134,0.882
66.0011,0.909
65.4022,0.918
65.3016,0.919
66.4101,0.903
66.4824,0.903
67.5361,0.888
70.2341,0.854
69.3204,0.866
68.2788,0.879
65.9428,0.91
65.9015,0.91
64.6142,0.929
64.8556,0.925
64.4321,0.931
67.0788,0.894
67.6423,0.887
67.108,0.894
67.5996,0.888
68.2551,0.879
68.5441,0.875
68.9252,0.871
69.2543,0.866
71.6831,0.837
73.2453,0.82
74.4516,0.805
69.3609,0.865
66.5878,0.902
66.6039,0.9
71.3434,0.841
69.5267,0.863
70.4513,0.852
72.4352,0.828
70.9945,0.845
70.3416,0.853
69.9682,0.858
71.2708,0.842
72.5672,0.827
73.0426,0.821
72.2521,0.831
71.4227,0.84
70.2157,0.854
72.688,0.826
73.0417,0.821
72.925,0.823
72.0736,0.832
71.6084,0.838
72.6259,0.826
72.8387,0.824
73.433,0.817
71.6717,0.837
70.6433,0.85
70.0075,0.857
70.7994,0.847
71.4436,0.84
70.8457,0.847
70.5669,0.85
71.2713,0.842
71.839,0.835
72.8158,0.824
73.7493,0.814
75.1377,0.798
75.9188,0.791
76.9408,0.779
76.2535,0.787
75.5219,0.795
75.0041,0.8
74.1474,0.809
74.0185,0.81
74.9654,0.801
74.4262,0.806
72.2589,0.83
70.8456,0.847
70.7569,0.848
71.8982,0.835
74.3331,0.807
74.1788,0.809
73.8898,0.812
72.7332,0.825
71.8382,0.835
71.2272,0.842
71.3087,0.842
70.8536,0.847
69.5867,0.862
69.4904,0.863
69.0089,0.87
70.878,0.846
72.1306,0.832
73.7574,0.814
75.9071,0.79
75.9562,0.79
71.9151,0.834
69.1262,0.868
63.6345,0.943
61.07,0.983
62.0149,0.967
63.4338,0.946
62.9881,0.952
63.585,0.944
65.0848,0.922
67.4072,0.89
69.646,0.862
70.0162,0.857
70.8161,0.847
69.7368,0.86
70.4388,0.852
69.5794,0.862
66.9964,0.896
66.94,0.896
69.0752,0.869
70.2655,0.854
66.3532,0.904
65.7622,0.912
68.8889,0.871
68.6161,0.875
73.0716,0.821
81.027,0.74
82.0641,0.731
77.9977,0.77
71.7676,0.836
68.4857,0.876
65.776,0.912
69.0356,0.869
69.7036,0.861
70.1623,0.855
69.1434,0.868
69.0515,0.869
76.453,0.785
86.1087,0.696
84.832,0.708
79.7848,0.752
77.5284,0.774
72.9381,0.822
70.2619,0.854
69.9913,0.857
75.8605,0.791
77.6121,0.773
74.0718,0.81
71.7781,0.836
72.4959,0.828
74.5316,0.805
77.4426,0.775
78.342,0.766
76.9804,0.779
75.4776,0.795
74.5582,0.805
79.3099,0.756
79.5262,0.755
81.0848,0.74
80.8763,0.742
80.7059,0.743
81.8441,0.733
83.3346,0.72
86.5538,0.693
86.7322,0.692
86.1188,0.697
86.6192,0.693
87.9846,0.681
89.1705,0.673
90.1862,0.666
89.901,0.667
87.8014,0.683
88.7393,0.676
87.5018,0.686
86.6071,0.693
86.9348,0.69
82.8135,0.725
80.2423,0.747
81.0916,0.74
83.0424,0.723
83.7321,0.716
83.5176,0.719
81.7183,0.734
80.9242,0.741
80.4993,0.746
81.943,0.732
81.5429,0.736
82.1159,0.731
80.8126,0.742
78.5788,0.764
79.7612,0.752
79.7951,0.752
80.5182,0.745
79.1655,0.758
78.8198,0.761
79.2221,0.757
79.096,0.759
79.6659,0.753
79.1118,0.759
79.6045,0.753
80.8669,0.742
80.7116,0.744
79.1461,0.758
77.3298,0.776
77.1263,0.778
78.2075,0.767
79.521,0.754
78.539,0.764
77.4228,0.775
77.1693,0.778
77.9913,0.769
79.7887,0.752
78.4784,0.765
77.1715,0.777
77.3749,0.775
77.236,0.777
76.1588,0.788
73.9642,0.811
72.5393,0.827
72.0005,0.834
74.0317,0.81
77.0309,0.779
77.7496,0.772
76.5685,0.783
76.3672,0.786
74.9241,0.801
76.1547,0.788
77.5624,0.773
76.3762,0.786
75.077,0.799
74.9024,0.801
75.6126,0.794
78.5598,0.763
79.6463,0.754
79.5197,0.754
79.3215,0.757
79.9104,0.751
79.6361,0.753
77.5724,0.774
78.5497,0.763
76.2031,0.788
75.2791,0.797
76.1447,0.788
77.4277,0.775
77.7627,0.771
76.1403,0.788
76.2838,0.787
76.7684,0.781
77.3357,0.776
75.9119,0.791
72.2993,0.829
72.9521,0.823
72.7121,0.825
72.7629,0.825
71.2594,0.842
69.4818,0.863
67.4759,0.889
71.0396,0.845
73.9741,0.811
76.9343,0.78
77.088,0.778
74.109,0.81
69.5842,0.862
70.3519,0.853
69.3069,0.866
70.059,0.856
69.1995,0.867
69.3942,0.865
70.1978,0.855
71.5208,0.839
71.461,0.839
69.1088,0.868
69.7928,0.86
69.8404,0.859
70.1907,0.855
69.5933,0.862
68.28,0.879
67.3962,0.89
67.9995,0.882
69.696,0.861
70.6217,0.85
71.8828,0.835
75.0341,0.799
77.5171,0.774
74.7754,0.803
71.5666,0.838
66.0429,0.909
65.5487,0.915
66.0642,0.908
68.3736,0.878
69.6797,0.861
68.9135,0.87
69.1089,0.869
68.7192,0.873
71.7714,0.836
72.1936,0.831
72.3304,0.829
71.7845,0.836
72.6394,0.826
77.4538,0.775
77.8393,0.771
75.9823,0.789
75.6112,0.794
73.2351,0.819
72.5468,0.827
69.1978,0.867
67.7382,0.886
68.1749,0.88
69.5387,0.863
71.2574,0.842
71.8942,0.835
73.6325,0.814
74.3233,0.808
75.5253,0.794
75.2333,0.798
73.0067,0.821
71.3071,0.842
70.4033,0.852
71.8842,0.835
72.6263,0.826
73.2839,0.819
72.9424,0.822
73.3274,0.818
76.3538,0.786
77.0753,0.779
77.1842,0.777
74.9736,0.8
74.6094,0.805
75.449,0.795
74.6269,0.804
75.4794,0.795
74.3722,0.806
74.0353,0.811
75.9619,0.79
75.2374,0.797
76.6157,0.783
76.1135,0.789
76.2456,0.787
77.2507,0.776
77.2371,0.777
75.647,0.793
75.7418,0.792
76.7887,0.782
77.3341,0.776
77.0532,0.778
75.5011,0.795
75.0633,0.799
77.0903,0.779
76.4383,0.785
77.3776,0.775
75.3927,0.796
75.0357,0.8
74.4394,0.806
73.9727,0.811
73.8659,0.812
74.6899,0.803
73.5135,0.816
75.8248,0.792
76.5647,0.783
75.1408,0.799
73.708,0.814
75.5053,0.795
75.7075,0.792
76.0871,0.789
75.246,0.797
75.3889,0.796
75.3423,0.796
76.1,0.789
75.097,0.799
75.0479,0.799
74.1635,0.809
75.7072,0.793
76.1464,0.788
74.1992,0.808
71.6258,0.838
71.8097,0.836
73.7394,0.813
77.0628,0.779
75.1992,0.798
75.3261,0.796
74.6146,0.804
74.2107,0.809
72.2623,0.83
70.6709,0.849
73.3406,0.818
75.1622,0.799
77.3868,0.775
76.6396,0.783
77.0093,0.779
76.12,0.788
75.6437,0.793
75.7117,0.793
75.4011,0.796
76.1472,0.787
78.201,0.768
77.5404,0.774
75.2013,0.797
73.971,0.811
74.7351,0.803
75.149,0.799
76.9757,0.779
76.4272,0.785
76.0744,0.789
73.5562,0.816
75.5273,0.794
75.5543,0.794
74.8226,0.802
73.5133,0.816
72.5949,0.827
72.4677,0.828
72.2437,0.83
71.2361,0.843
70.2442,0.854
68.9278,0.87
72.9741,0.822
77.0996,0.779
76.2403,0.787
74.3336,0.807
73.1364,0.82
72.9088,0.823
71.2138,0.843
70.7536,0.848
71.1171,0.843
72.8622,0.824
73.8193,0.813
75.0914,0.799
73.7528,0.813
73.0079,0.822
73.077,0.821
72.0502,0.833
70.5207,0.851
70.7337,0.848
70.7322,0.848
71.6644,0.837
72.121,0.832
72.6969,0.826
72.6286,0.826
73.5278,0.816
75.086,0.799
74.3745,0.807
73.7379,0.813
73.9067,0.812
73.7148,0.814
72.7261,0.825
70.4856,0.851
71.76,0.836
74.8637,0.802
75.7027,0.792
76.5133,0.785
74.8589,0.801
73.5077,0.816
74.4848,0.806
74.9792,0.8
73.1363,0.821
70.6822,0.848
71.4273,0.84
75.1749,0.799
76.0425,0.789
75.4577,0.795
73.6568,0.814
72.57,0.827
73.4584,0.817
75.1127,0.799
73.44,0.817
73.7579,0.813
73.5416,0.816
75.7577,0.792
75.7042,0.793
78.025,0.769
75.8002,0.791
73.1903,0.82
71.6523,0.837
71.9677,0.834
72.2765,0.83
70.8415,0.847
70.7306,0.848
74.0358,0.811
81.1713,0.739
84.746,0.708
81.5291,0.736
80.1542,0.748
77.671,0.773
76.7112,0.782
75.1622,0.798
75.2065,0.798
74.9551,0.801
75.9061,0.79
77.5949,0.773
75.9615,0.79
75.8622,0.791
75.232,0.798
77.6606,0.772
79.0606,0.759
78.9567,0.76
78.8891,0.761
78.2119,0.767
77.4279,0.775
77.4726,0.774
76.7219,0.782
75.864,0.791
73.9354,0.812
76.5525,0.783
77.3919,0.776
79.9956,0.75
78.8964,0.76
79.0677,0.759
79.0896,0.759
78.7116,0.762
78.6145,0.763
77.2263,0.777
75.868,0.791
75.6777,0.793
75.8803,0.791
77.6817,0.772
75.9293,0.79
74.7765,0.803
72.5814,0.826
74.1139,0.81
74.4376,0.806
73.354,0.818
73.108,0.82
73.7561,0.814
76.0613,0.789
78.5405,0.764
78.3714,0.765
79.0308,0.759
83.4492,0.719
86.602,0.693
87.242,0.688
82.7306,0.725
80.5918,0.745
76.9244,0.78
76.1197,0.788
74.6842,0.803
74.2873,0.808
77.505,0.774
77.8394,0.771
78.042,0.769
78.5664,0.764
76.3275,0.786
77.6866,0.772
75.663,0.793
74.3469,0.807
73.226,0.819
75.1945,0.798
78.1639,0.768
80.8027,0.742
79.6345,0.754
79.2167,0.757
78.0052,0.769
77.2859,0.777
77.0048,0.779
79.0378,0.759
77.3337,0.776
78.786,0.762
79.5014,0.754
79.2114,0.758
78.99,0.759
79.6984,0.753
80.449,0.746
82.0171,0.732
84.1934,0.712
84.7619,0.708
82.5223,0.727
81.8285,0.733
79.9764,0.751
79.6472,0.753
78.2535,0.767
76.3591,0.785
76.1314,0.788
78.5793,0.764
78.0617,0.769
80.1715,0.748
80.7028,0.744
79.8001,0.751
80.1395,0.749
80.838,0.742
79.9271,0.751
79.753,0.752
77.0768,0.779
75.9902,0.789
75.9295,0.791
78.3451,0.765
80.1195,0.749
79.9079,0.751
79.9997,0.75
80.5778,0.745
80.586,0.744
80.5503,0.745
79.3651,0.756
78.1874,0.768
77.761,0.771
78.5346,0.764
79.0561,0.759
78.0545,0.769
75.2034,0.798
75.2601,0.797
76.8213,0.781
77.4221,0.775
79.3336,0.756
77.7867,0.772
78.6896,0.762
78.0901,0.768
77.3294,0.776
76.64,0.783
73.4968,0.817
72.7206,0.825
74.8139,0.802
75.5576,0.794
78.2205,0.767
79.3417,0.756
81.4003,0.737
82.0182,0.732
81.4029,0.737
81.1328,0.739
78.9459,0.76
74.1688,0.809
72.5508,0.827
73.992,0.811
75.3871,0.796
78.0017,0.769
78.4813,0.765
77.9692,0.769
77.9745,0.77
78.4927,0.764
78.9454,0.76
78.7706,0.762
75.643,0.793
83.0329,0.723
85.7802,0.699
87.0796,0.689
83.9817,0.715
81.8459,0.733
81.2693,0.738
77.5537,0.774
74.9111,0.801
72.849,0.823
72.5393,0.827
76.0781,0.789
79.2093,0.757
77.8129,0.772
77.4915,0.774
74.2874,0.808
74.7287,0.802
76.3506,0.786
74.0448,0.811
72.0131,0.833
72.0492,0.833
72.3142,0.829
75.1252,0.799
75.9215,0.79
74.5402,0.805
75.4321,0.796
76.2828,0.786
75.7816,0.792
74.1471,0.809
73.0171,0.822
73.0612,0.821
73.0887,0.821
72.9942,0.822
73.1548,0.82
73.0741,0.821
76.4125,0.785
75.8153,0.792
74.3186,0.807
73.638,0.815
73.1134,0.821
73.3353,0.818
76.6951,0.782
74.2775,0.808
74.7671,0.802
74.6494,0.804
74.5608,0.805
76.7199,0.782
74.3401,0.807
74.8409,0.802
76.2683,0.786
76.531,0.784
75.5204,0.795
75.9104,0.79
77.5134,0.774
77.438,0.775
78.2366,0.767
76.8997,0.78
74.636,0.804
73.8926,0.812
75.3927,0.796
75.6657,0.793
75.5328,0.794
76.2923,0.787
77.0308,0.779
77.9694,0.769
77.8749,0.771
76.5756,0.783
75.7626,0.792
75.4604,0.795
76.0418,0.789
76.3291,0.786
75.2623,0.798
74.2506,0.808
74.4716,0.805
74.1198,0.81
73.7054,0.814
72.6428,0.826
71.4028,0.84
72.8829,0.823
79.6226,0.754
81.1317,0.739
82.927,0.724
82.5203,0.727
80.3601,0.747
77.6085,0.773
74.1499,0.809
73.4349,0.817
73.099,0.821
73.6854,0.814
74.1717,0.809
73.8624,0.812
75.5101,0.795
76.3717,0.786
77.7078,0.772
79.0074,0.759
78.756,0.762
77.0233,0.779
77.3061,0.776
74.7624,0.803
76.1309,0.788
75.2156,0.798
75.0138,0.799
74.4639,0.806
74.7628,0.803
77.5615,0.773
77.3123,0.776
76.9774,0.78
76.8644,0.78
76.7999,0.782
75.4342,0.795
75.76,0.792
73.7791,0.813
72.1858,0.831
72.1319,0.832
72.6276,0.826
75.2794,0.797
75.6262,0.794
75.7341,0.792
75.5483,0.794
75.1926,0.798
76.2632,0.787
76.1083,0.788
74.173,0.809
73.2717,0.819
71.9122,0.834
72.9371,0.823
72.6388,0.826
71.3546,0.841
72.8853,0.823
72.6461,0.826
77.0127,0.779
76.4052,0.785
77.3446,0.776
77.2468,0.777
77.853,0.771
78.8022,0.761
78.9716,0.76
77.3396,0.776
76.026,0.789
76.1821,0.787
75.5821,0.794
75.1614,0.798
74.9346,0.801
72.4953,0.828
73.3529,0.818
71.8335,0.835
70.2219,0.854
70.3167,0.854
71.8094,0.835
75.3196,0.797
75.7893,0.792
76.0191,0.789
75.7915,0.791
74.6317,0.804
72.6665,0.826
69.2776,0.866
67.8341,0.885
69.5838,0.862
71.4497,0.84
73.755,0.813
76.4315,0.785
76.3527,0.786
77.8288,0.771
78.7337,0.762
80.9004,0.742
82.209,0.73
81.3983,0.737
79.3181,0.756
77.6187,0.773
73.2112,0.82
74.3596,0.807
76.9487,0.779
75.0616,0.8
75.6687,0.793
77.5488,0.773
79.2018,0.758
81.0907,0.74
81.1896,0.739
81.6066,0.735
78.696,0.762
77.6953,0.773
75.6695,0.793
75.1569,0.798
75.754,0.792
74.1578,0.809
72.7857,0.824
72.7885,0.825
79.5359,0.754
84.6563,0.709
85.6855,0.7
83.4948,0.719
82.1372,0.73
80.6576,0.744
74.7179,0.803
72.2073,0.831
73.3418,0.818
73.6583,0.815
74.5955,0.804
75.063,0.799
74.8264,0.802
76.5919,0.784
77.377,0.775
76.542,0.784
73.4299,0.817
70.9059,0.846
71.1936,0.843
73.8339,0.813
75.8034,0.791
75.6295,0.793
75.6753,0.793
76.3512,0.786
79.7522,0.752
81.9297,0.733
88.1446,0.68
88.2693,0.68
85.8247,0.699
82.2073,0.73
76.8175,0.781
75.6691,0.793
75.3102,0.797
73.4503,0.817
70.6907,0.849
74.62,0.804
74.9839,0.8
76.2627,0.787
74.6314,0.803
76.0443,0.789
76.6199,0.784
75.8419,0.791
79.8978,0.751
78.44,0.765
76.4036,0.785
75.5087,0.794
76.5864,0.784
76.2736,0.787
77.353,0.775
72.732,0.825
71.9541,0.834
73.7482,0.814
74.5244,0.805
77.2338,0.777
73.7547,0.813
71.4948,0.839
68.5532,0.876
71.5587,0.838
74.6099,0.804
75.3175,0.797
71.7462,0.836
73.2955,0.819
73.5194,0.816
72.4342,0.828
72.7825,0.825
71.2067,0.842
70.9572,0.846
70.1053,0.856
70.9629,0.845
73.0267,0.822
75.5229,0.794
78.2385,0.767
77.2829,0.776
76.6946,0.783
76.0046,0.789
75.1667,0.798
70.8578,0.847
71.3906,0.841
72.627,0.826
73.4789,0.816
74.3407,0.807
73.266,0.819
74.4309,0.806
75.679,0.793
77.7124,0.772
77.5074,0.774
76.4128,0.786
76.4714,0.784
76.3302,0.786
77.3079,0.776
76.8661,0.781
74.7271,0.803
75.7239,0.792
82.7244,0.726
83.6756,0.717
81.875,0.733
78.445,0.764
75.9294,0.791
71.8183,0.835
71.0476,0.845
71.201,0.842
75.1109,0.799
78.7187,0.762
79.4269,0.756
77.2785,0.776
75.0052,0.8
74.4553,0.806
74.7949,0.802
75.4204,0.796
71.6412,0.837
69.1989,0.867
70.0678,0.856
73.8482,0.813
77.7936,0.771
77.7149,0.772
77.6965,0.773
74.9789,0.8
72.7982,0.824
74.6027,0.804
72.8561,0.824
71.4213,0.84
68.9217,0.87
70.8512,0.847
73.2292,0.82
76.3009,0.786
77.9565,0.77
79.2114,0.757
78.6146,0.763
76.4338,0.785
75.4971,0.795
74.2318,0.808
70.7958,0.848
70.5115,0.851
72.0441,0.833
73.5838,0.815
76.473,0.785
76.8137,0.781
75.906,0.79
75.0194,0.8
76.9473,0.78
75.1707,0.798
73.8326,0.812
72.6033,0.827
74.1314,0.809
74.9251,0.801
74.4227,0.806
73.7004,0.814
73.1729,0.82
75.4364,0.796
75.1484,0.798
73.7198,0.814
75.545,0.794
74.3349,0.807
74.4754,0.806
75.7604,0.792
74.9925,0.8
75.2862,0.797
75.2931,0.797
75.8083,0.791
76.791,0.782
74.9365,0.8
74.7975,0.803
74.7392,0.802
75.9202,0.791
77.6065,0.773
77.8614,0.77
76.2532,0.787
75.0106,0.8
75.9484,0.79
74.9109,0.801
75.4063,0.796
73.5713,0.815
73.9285,0.812
74.944,0.801
76.8136,0.781
77.978,0.769
77.0777,0.779
76.9542,0.779
78.5363,0.764
84.5897,0.709
86.7046,0.693
82.2289,0.729
77.3015,0.776
78.2993,0.767
75.6113,0.793
73.4358,0.817
73.4377,0.817
75.7707,0.792
79.9112,0.751
79.8637,0.751
82.5487,0.727
83.3539,0.72
81.2887,0.738
78.8276,0.761
77.9502,0.77
73.056,0.821
72.1007,0.832
72.2159,0.831
74.2778,0.808
75.0856,0.799
75.3933,0.796
76.2342,0.787
76.7906,0.781
77.7899,0.772
78.6812,0.762
78.764,0.762
78.571,0.764
78.9959,0.759
78.7869,0.762
78.5387,0.764
76.5957,0.783
75.9453,0.79
76.8986,0.78
79.027,0.759
81.4953,0.737
83.6647,0.717
82.5517,0.727
80.9528,0.741
80.9871,0.741
79.4925,0.754
76.8697,0.781
74.5297,0.805
72.7867,0.824
75.2019,0.798
76.9009,0.78
77.079,0.779
76.6312,0.783
76.7061,0.782
77.4696,0.775
77.2174,0.777
77.1645,0.777
76.7364,0.782
76.2654,0.787
78.3146,0.766
78.1712,0.767
78.8809,0.761
77.2691,0.777
75.3824,0.796
76.6341,0.782
76.9948,0.78
78.3772,0.765
77.7142,0.772
75.6996,0.793
75.9908,0.79
75.1129,0.798
77.4738,0.775
76.5699,0.783
76.9186,0.78
76.2337,0.787
78.6321,0.764
78.5462,0.763
76.303,0.787
74.7188,0.803
73.2574,0.819
73.9774,0.811
76.2069,0.787
76.5319,0.784
76.704,0.782
76.8183,0.781
75.7116,0.793
75.1281,0.799
76.5019,0.784
75.2134,0.798
70.5615,0.85
72.5083,0.827
72.791,0.825
77.0464,0.778
78.7292,0.763
79.4772,0.754
80.6279,0.745
80.6915,0.743
81.955,0.732
81.7722,0.734
78.3521,0.766
75.7616,0.792
74.178,0.809
75.9083,0.79
78.3517,0.766
77.0384,0.779
75.1365,0.798
74.3026,0.808
76.0705,0.788
76.9686,0.78
77.9018,0.77
76.8599,0.781
75.3729,0.796
75.1381,0.798
76.7194,0.783
78.0124,0.769
77.2055,0.777
75.5599,0.794
74.8868,0.801
75.7618,0.792
76.6516,0.783
75.5361,0.794
75.3987,0.796
73.8329,0.813
76.8673,0.78
77.6088,0.773
76.4541,0.785
74.0511,0.81
74.1307,0.81
76.3372,0.786
76.7066,0.782
75.0728,0.799
74.465,0.806
77.1839,0.777
79.5865,0.754
81.283,0.738
80.376,0.747
69.0818,0.868
74.0655,0.81
68.6005,0.875
68.8492,0.871
71.8563,0.835
73.035,0.822
73.3722,0.818
77.1947,0.777
80.1979,0.748
80.3049,0.747
81.3917,0.737
81.893,0.733
84.1915,0.713
82.3342,0.728
79.5657,0.755
77.9067,0.77
78.7088,0.762
78.5626,0.764
81.0218,0.74
82.1776,0.73
79.7443,0.753
80.5838,0.744
79.5486,0.755
80.4692,0.745
80.8883,0.742
83.071,0.722
81.6771,0.735
80.1588,0.748
81.0209,0.741
82.361,0.728
83.1677,0.722
82.1329,0.73
80.6934,0.744
79.2597,0.757
80.7119,0.743
80.3699,0.747
85.0899,0.705
82.784,0.725
81.6549,0.735
86.4717,0.693
90.3323,0.665
92.2738,0.65
87.2352,0.688
86.298,0.695
86.1171,0.697
84.234,0.712
81.9975,0.732
81.566,0.735
84.4291,0.711
86.6073,0.693
87.5457,0.685
88.3921,0.679
84.8837,0.707
83.2151,0.721
81.6098,0.735
80.7823,0.743
79.6451,0.753
76.8753,0.781
75.7164,0.792
77.5705,0.774
81.1847,0.739
83.4711,0.718
82.791,0.725
84.1834,0.713
82.0082,0.731
82.0145,0.732
81.6968,0.734
80.4131,0.747
76.1351,0.788
75.3823,0.796
76.8636,0.78
79.295,0.757
81.2111,0.739
78.6442,0.763
79.4794,0.755
77.6372,0.772
78.8266,0.762
77.7481,0.771
76.6965,0.783
73.561,0.815
73.748,0.814
74.0207,0.81
75.3897,0.796
78.7538,0.762
79.1289,0.758
82.2138,0.73
82.0014,0.732
81.5939,0.735
80.855,0.742
78.0617,0.769
73.7377,0.814
71.7016,0.836
74.7811,0.803
78.6995,0.762
78.5583,0.764
79.9774,0.75
81.8296,0.733
81.2216,0.739
80.0892,0.749
79.8642,0.752
75.6712,0.792
72.8926,0.824
74.1566,0.809
75.6869,0.792
76.0697,0.789
77.1374,0.778
78.6776,0.763
79.8004,0.751
78.4237,0.766
77.1507,0.777
74.8454,0.802
75.878,0.791
72.1147,0.832
71.1913,0.842
71.167,0.844
72.8281,0.823
75.1436,0.799
75.8204,0.791
77.6933,0.772
79.2156,0.758
79.5395,0.754
78.8021,0.762
76.1243,0.788
72.3447,0.829
69.362,0.865
68.3418,0.878
69.4887,0.864
73.1206,0.82
73.031,0.822
74.3191,0.807
73.5115,0.816
76.9555,0.78
74.9191,0.801
76.4112,0.785
74.9956,0.8
73.171,0.82
73.8725,0.812
71.6988,0.837
71.6485,0.838
70.068,0.856
68.8081,0.872
69.5936,0.862
72.3412,0.829
71.3322,0.842
73.9822,0.811
73.7658,0.813
77.9811,0.769
77.1348,0.778
76.9057,0.78
74.4705,0.806
70.5659,0.85
68.2258,0.88
68.9751,0.87
70.3666,0.852
72.0729,0.833
72.7042,0.825
71.7884,0.836
73.3966,0.817
74.2023,0.809
75.7962,0.792
78.3245,0.766
76.7794,0.781
78.5979,0.763
76.7639,0.782
75.7763,0.792
74.8452,0.801
76.4842,0.785
77.2404,0.777
74.657,0.803
74.9384,0.801
75.1023,0.799
75.9432,0.79
77.6421,0.773
78.5258,0.764
77.0807,0.778
76.8753,0.781
75.6609,0.793
75.4387,0.795
74.7973,0.802
81.2171,0.739
83.0656,0.722
81.9963,0.732
81.2421,0.739
78.4344,0.765
74.2235,0.808
71.1566,0.843
70.0541,0.857
71.4269,0.84
74.5614,0.804
77.5092,0.775
77.2913,0.776
79.261,0.757
80.4028,0.746
83.9654,0.715
82.8917,0.723
82.7972,0.725
79.5819,0.754
73.8946,0.812
70.0572,0.856
69.1493,0.868
70.4044,0.852
70.4199,0.852
72.5921,0.827
73.2686,0.819
77.0064,0.779
76.8268,0.781
73.8192,0.813
72.8496,0.823
71.8274,0.836
71.5219,0.839
71.3438,0.841
70.2636,0.854
71.6385,0.837
72.9593,0.822
73.9861,0.811
76.7248,0.782
75.9268,0.791
73.2832,0.818
72.7633,0.825
69.4106,0.864
68.5776,0.875
71.1928,0.843
69.9515,0.858
70.6418,0.849
70.8933,0.847
71.9282,0.834
73.8928,0.812
73.0817,0.821
72.135,0.832
70.63,0.849
70.8045,0.847
71.1363,0.844
71.5747,0.838
71.0238,0.845
73.3085,0.818
74.8587,0.802
80.101,0.749
79.8871,0.751
78.9194,0.76
77.9186,0.77
78.98,0.76
73.6841,0.814
76.0307,0.789
75.0564,0.8
76.9293,0.78
78.7251,0.762
78.6288,0.763
78.1677,0.768
76.432,0.785
74.9892,0.8
74.1712,0.809
74.8162,0.802
74.2971,0.807
73.5369,0.816
74.5045,0.805
74.9388,0.801
76.936,0.78
78.2019,0.767
79.6244,0.754
75.9932,0.789
74.3235,0.808
71.6788,0.837
71.9799,0.833
70.5053,0.851
69.7777,0.86
69.3806,0.865
71.2563,0.842
73.2674,0.819
74.7933,0.802
76.3485,0.786
75.4851,0.795
77.4655,0.774
78.6227,0.763
77.9724,0.77
78.995,0.759
76.1104,0.789
73.6693,0.814
72.2603,0.831
71.9587,0.833
72.9678,0.823
70.9064,0.846
74.0156,0.811
73.478,0.816
76.3224,0.786
75.6864,0.793
73.1243,0.82
72.7036,0.826
70.0344,0.856
71.6287,0.838
73.4128,0.817
76.8769,0.781
75.7356,0.792
73.9459,0.812
69.2972,0.865
69.9578,0.858
69.7957,0.86
69.8871,0.858
72.4911,0.828
76.453,0.785
77.6144,0.773
78.4948,0.764
76.0536,0.789
72.9925,0.822
70.934,0.846
71.7266,0.836
75.0164,0.8
77.1351,0.778
77.9421,0.77
77.5514,0.774
79.3526,0.756
81.4804,0.736
80.4411,0.746
81.0814,0.74
77.684,0.772
77.1319,0.778
75.2241,0.798
75.5346,0.794
76.946,0.78
78.3685,0.766
77.1348,0.777
76.9829,0.78
76.8697,0.78
77.3384,0.776
78.2026,0.767
78.9503,0.76
78.2656,0.767
77.5722,0.773
77.4009,0.776
77.8496,0.77
78.4422,0.765
78.0326,0.769
76.4643,0.785
75.9806,0.79
75.7714,0.791
76.2912,0.787
79.0561,0.759
79.8138,0.752
77.3693,0.775
75.1991,0.798
76.7905,0.781
76.0745,0.789
77.8622,0.771
76.7377,0.781
74.9901,0.801
78.9795,0.759
84.6913,0.709
88.3919,0.678
88.3497,0.68
86.5276,0.693
85.5829,0.701
82.5765,0.727
75.3918,0.796
73.8853,0.812
75.1795,0.798
75.3421,0.796
81.1885,0.739
80.612,0.744
79.8029,0.752
82.7508,0.725
79.2641,0.757
81.301,0.738
83.0263,0.723
82.9183,0.724
78.7718,0.761
78.2622,0.767
76.0876,0.788
74.6859,0.804
77.2799,0.776
75.4697,0.795
75.2203,0.798
75.5983,0.794
77.75,0.771
80.773,0.743
81.4202,0.737
81.1667,0.739
81.236,0.739
79.9937,0.75
77.562,0.773
79.8801,0.752
78.9263,0.76
77.1552,0.777
76.3709,0.786
75.9951,0.79
75.7082,0.792
76.3641,0.786
77.3134,0.776
77.1353,0.778
79.434,0.755
79.45,0.755
80.438,0.746
79.1035,0.759
77.316,0.776
76.315,0.786
78.4239,0.765
77.271,0.776
79.0899,0.759
76.1245,0.788
76.9036,0.781
76.7458,0.781
78.9713,0.76
78.8835,0.761
80.3907,0.746
78.4922,0.764
78.3239,0.767
76.1304,0.788
74.4612,0.805
74.7197,0.803
73.7936,0.813
74.9224,0.801
76.4494,0.785
80.4709,0.746
82.0783,0.731
83.4257,0.719
81.2951,0.738
78.0119,0.769
74.239,0.808
73.8194,0.813
73.6754,0.815
73.2829,0.818
70.8964,0.847
73.8056,0.813
73.8917,0.812
78.2448,0.766
80.545,0.745
81.5624,0.736
79.8549,0.751
75.899,0.791
73.5483,0.816
75.203,0.797
74.6863,0.804
75.0548,0.799
72.8638,0.824
74.1443,0.809
73.6109,0.815
76.1213,0.788
76.8926,0.781
78.6361,0.763
79.1667,0.757
85.5822,0.701
82.4652,0.728
79.5524,0.754
73.0699,0.821
68.5242,0.876
68.546,0.875
68.1726,0.88
68.9833,0.87
71.2535,0.842
72.0393,0.833
73.6826,0.814
75.6324,0.794
78.8304,0.761
80.202,0.748
79.2281,0.757
78.5115,0.765
77.5316,0.773
79.7581,0.753
85.0268,0.705
83.0321,0.723
83.136,0.722
82.2599,0.729
83.0625,0.722
82.8244,0.725
80.4741,0.745
79.2693,0.757
78.0833,0.769
79.0037,0.759
81.715,0.734
82.0377,0.732
79.9082,0.751
77.3326,0.776
76.8995,0.78
75.9938,0.789
76.3958,0.786
76.12,0.788
74.0459,0.81
73.2805,0.819
72.8437,0.824
75.0534,0.799
74.9637,0.801
73.1677,0.82
73.0073,0.821
75.6947,0.793
75.2519,0.797
75.2725,0.798
74.3496,0.807
74.3609,0.806
73.6748,0.815
73.9355,0.811
72.9194,0.823
73.2538,0.819
71.3992,0.841
71.5982,0.838
71.4769,0.839
74.879,0.801
75.855,0.791
76.7758,0.782
77.0709,0.778
76.6318,0.783
75.0619,0.8
75.5854,0.793
73.4698,0.817
73.8877,0.812
72.6481,0.826
72.9537,0.822
73.5664,0.816
76.2362,0.787
77.5057,0.774
80.9913,0.741
80.0741,0.749
80.0174,0.75
78.9347,0.76
77.5335,0.774
76.8618,0.781
75.2096,0.798
74.4579,0.805
74.5555,0.805
76.6011,0.783
77.2517,0.777
77.6921,0.772
79.0962,0.759
79.237,0.757
81.1359,0.74
84.2326,0.712
84.6668,0.709
85.0227,0.705
82.4415,0.728
76.2108,0.787
75.0771,0.8
73.2232,0.819
73.745,0.814
75.8995,0.79
75.8756,0.791
76.3357,0.786
78.3465,0.766
81.0477,0.74
85.0768,0.705
85.5451,0.702
83.678,0.717
81.1182,0.739
77.0244,0.779
74.6995,0.804
73.9,0.811
73.1544,0.821
72.4168,0.828
75.5767,0.794
77.4677,0.775
81.586,0.735
81.5133,0.736
84.0423,0.714
82.7193,0.725
81.3439,0.738
78.5118,0.764
77.3584,0.776
73.3209,0.818
72.5362,0.827
72.9522,0.823
76.6972,0.782
77.4177,0.775
78.8442,0.761
79.549,0.754
78.6276,0.763
78.021,0.769
79.3517,0.757
77.3052,0.776
73.4018,0.817
73.1822,0.82
71.7975,0.836
73.7736,0.813
75.5399,0.794
75.0559,0.8
77.3131,0.776
79.4429,0.755
79.0437,0.759
81.9193,0.732
81.8907,0.733
79.4717,0.755
79.3645,0.756
78.2571,0.767
79.1708,0.758
75.6115,0.793
73.0944,0.821
71.8298,0.835
74.5727,0.805
79.6518,0.753
82.9381,0.724
81.2171,0.738
81.5963,0.736
77.2046,0.777
71.6371,0.837
74.1369,0.81
74.4128,0.806
75.3656,0.796
73.5893,0.816
73.0897,0.82
73.1994,0.82
74.0736,0.81
78.5466,0.764
78.1819,0.767
82.9786,0.724
80.7479,0.743
79.6487,0.753
78.0962,0.768
78.9696,0.76
78.7402,0.762
80.3878,0.746
76.8769,0.781
75.8714,0.791
80.0873,0.749
86.529,0.693
89.6987,0.669
89.6223,0.67
88.9342,0.674
88.4396,0.679
84.6681,0.708
82.4786,0.728
80.3063,0.747
79.017,0.759
80.5966,0.745
82.8044,0.724
82.8716,0.724
81.5493,0.736
80.9491,0.741
77.8998,0.771
77.8144,0.771
78.9223,0.76
79.2394,0.757
75.9374,0.79
76.2504,0.787
77.7163,0.772
78.3661,0.766
82.3626,0.728
81.7733,0.734
79.2739,0.757
80.1367,0.749
76.6666,0.782
78.7739,0.762
79.8196,0.751
79.0388,0.76
75.982,0.789
75.1176,0.799
77.9925,0.769
77.6758,0.773
76.8594,0.78
75.9869,0.79
75.8139,0.791
77.8719,0.771
79.139,0.758
80.8195,0.742
80.0401,0.75
81.9072,0.733
80.3272,0.747
79.9589,0.75
79.0946,0.759
78.5439,0.763
76.1152,0.789
76.7529,0.781
76.7863,0.782
78.8767,0.761
81.3359,0.737
82.9996,0.723
83.9723,0.715
82.4553,0.727
79.2303,0.758
77.3805,0.775
78.4439,0.765
74.7708,0.802
72.5664,0.827
72.4763,0.828
75.7956,0.792
78.3366,0.766
76.4946,0.784
78.6973,0.762
78.7988,0.762
82.2882,0.729
84.6454,0.709
85.7676,0.699
86.6191,0.693
82.9431,0.723
76.7548,0.782
71.8117,0.836
70.8672,0.846
75.0107,0.8
77.5577,0.774
79.1467,0.758
79.9159,0.751
79.3784,0.756
82.1217,0.73
83.2192,0.721
84.0229,0.714
81.794,0.734
79.0318,0.759
76.8943,0.78
74.2155,0.809
71.7067,0.836
69.0658,0.869
68.1672,0.88
67.9003,0.884
70.4266,0.852
73.9993,0.811
78.4392,0.765
77.9758,0.769
77.6483,0.773
76.1388,0.788
71.0562,0.844
67.605,0.888
68.6619,0.874
65.4328,0.917
66.5345,0.901
70.127,0.856
73.6125,0.815
75.687,0.793
78.7305,0.762
79.0742,0.759
80.7661,0.743
79.1953,0.757
78.5529,0.764
80.9822,0.741
78.5065,0.764
74.1065,0.81
73.5333,0.816
75.0643,0.799
75.3032,0.797
78.4732,0.764
79.8791,0.752
79.1777,0.757
80.3514,0.747
86.3037,0.695
88.7828,0.676
87.4114,0.687
82.3652,0.728
79.7453,0.752
78.1407,0.768
71.6639,0.838
71.3751,0.84
73.3389,0.818
77.3704,0.776
80.9557,0.741
82.8156,0.724
82.4765,0.728
83.1711,0.721
82.9324,0.724
81.926,0.732
81.576,0.736
77.6143,0.773
75.3804,0.796
72.9976,0.822
74.3301,0.807
77.1776,0.777
79.2409,0.757
79.9363,0.751
78.691,0.763
77.8031,0.771
76.777,0.781
77.5529,0.774
79.6598,0.753
78.1919,0.767
76.0358,0.789
74.296,0.808
74.7662,0.803
76.5318,0.784
79.4199,0.755
78.8546,0.761
79.1939,0.758
79.6985,0.752
78.0503,0.769
76.075,0.789
75.3682,0.796
71.8014,0.836
70.5417,0.85
70.1647,0.855
69.776,0.86
72.7216,0.825
77.0481,0.779
78.6328,0.763
77.828,0.771
76.9615,0.78
75.8761,0.79
75.9987,0.79
76.4618,0.784
75.7378,0.793
74.0079,0.81
73.3763,0.818
73.9668,0.811
76.2172,0.788
76.9141,0.78
80.4964,0.745
78.7679,0.762
78.742,0.762
76.7018,0.782
77.9175,0.77
77.7839,0.771
77.2218,0.777
77.318,0.776
75.2345,0.798
73.5295,0.816
72.2464,0.83
72.6794,0.826
75.4451,0.795
76.5337,0.784
76.9614,0.78
78.8945,0.76
79.3523,0.756
80.4283,0.746
77.4557,0.775
77.9429,0.77
73.074,0.821
71.1832,0.843
72.0517,0.833
75.5396,0.794
76.7249,0.782
78.5951,0.763
79.4432,0.756
78.9772,0.759
80.9828,0.741
80.8264,0.742
81.4482,0.737
83.6063,0.718
82.6595,0.726
80.4406,0.746
79.5187,0.754
76.9623,0.78
77.7515,0.771
78.8629,0.761
79.8526,0.752
83.1163,0.721
83.0574,0.723
86.1598,0.696
89.5399,0.67
93.688,0.641
89.7384,0.668
83.7063,0.717
80.3431,0.747
79.7828,0.752
74.1655,0.809
74.1335,0.809
74.6594,0.804
75.5049,0.795
77.7413,0.771
77.0813,0.779
78.1135,0.768
80.5703,0.745
81.0822,0.74
80.191,0.748
82.1176,0.73
80.7073,0.744
80.1444,0.749
79.7648,0.752
79.7251,0.752
80.3258,0.747
78.4513,0.765
80.0032,0.75
79.6165,0.754
80.193,0.748
81.6084,0.735
80.673,0.744
79.3377,0.756
77.2194,0.777
76.1936,0.788
74.3317,0.807
74.8909,0.801
75.6788,0.793
77.8536,0.77
80.0165,0.75
79.6252,0.754
78.0252,0.769
73.5099,0.816
70.861,0.847
67.9192,0.883
69.4152,0.865
69.2691,0.866
72.9772,0.822
75.2914,0.797
81.7796,0.733
82.1883,0.73
83.4103,0.72
81.4658,0.736
78.8934,0.761
72.9457,0.822
68.5521,0.876
70.9536,0.845
72.8977,0.823
74.6954,0.804
74.1551,0.809
75.0121,0.8
75.2666,0.797
78.8812,0.76
79.6065,0.754
78.4824,0.765
76.9583,0.779
72.309,0.83
71.2633,0.842
69.7236,0.86
71.43,0.84
72.4746,0.828
76.3819,0.786
78.8934,0.76
82.3872,0.729
83.9008,0.715
81.886,0.733
78.8634,0.76
77.1302,0.778
74.7672,0.803
72.9136,0.823
73.7604,0.813
76.7414,0.782
78.7959,0.761
80.8607,0.742
79.6302,0.754
79.9422,0.75
80.7774,0.743
81.7767,0.734
80.5982,0.744
81.6796,0.735
79.874,0.751
78.546,0.764
78.7334,0.762
77.4813,0.774
79.862,0.752
77.1996,0.777
76.9014,0.78
76.7918,0.781
75.7464,0.793
78.2538,0.766
79.0268,0.76
79.0349,0.759
76.5029,0.784
77.7701,0.772
78.9694,0.759
78.5214,0.764
76.9944,0.78
75.9825,0.789
73.7438,0.814
75.0804,0.799
76.5084,0.784
76.4308,0.785
77.0124,0.779
79.7985,0.752
78.4893,0.765
77.8039,0.771
76.9954,0.779
75.663,0.793
73.3851,0.818
71.9521,0.834
71.8593,0.835
72.3109,0.829
70.3385,0.853
70.1876,0.855
72.2109,0.831
76.8983,0.78
80.362,0.747
82.3192,0.729
81.6175,0.735
77.6811,0.772
70.4927,0.852
69.8611,0.858
70.8025,0.848
71.7014,0.837
71.4855,0.839
73.0255,0.822
76.5263,0.784
78.8478,0.761
79.8332,0.751
80.8605,0.742
81.2691,0.739
85.0836,0.705
89.3948,0.671
93.3221,0.643
90.0746,0.666
89.381,0.671
85.6313,0.701
86.4997,0.694
83.3077,0.72
78.2746,0.766
78.6978,0.763
77.798,0.771
79.1987,0.758
79.7529,0.752
80.4122,0.746
82.0139,0.732
82.2841,0.729
80.2761,0.747
80.9342,0.742
80.476,0.745
84.1883,0.713
80.6269,0.744
78.4946,0.764
78.3667,0.766
78.5013,0.764
79.8536,0.752
79.8294,0.751
79.8934,0.751
77.8216,0.771
76.9053,0.78
78.0237,0.769
78.5564,0.764
77.757,0.772
77.749,0.772
75.4052,0.795
74.4139,0.807
71.5049,0.839
71.2229,0.842
72.4883,0.828
69.2155,0.867
69.1414,0.867
69.6071,0.862
73.7187,0.814
75.88,0.791
78.3929,0.765
80.3195,0.747
77.139,0.778
72.4284,0.829
68.4422,0.876
69.7238,0.861
70.5409,0.85
71.8075,0.836
71.3527,0.841
74.0844,0.81
78.2771,0.766
82.0913,0.731
86.276,0.696
87.0537,0.689
87.3241,0.687
87.2852,0.687
86.7091,0.692
81.3301,0.738
78.2002,0.767
76.9306,0.78
77.3974,0.775
78.1022,0.769
78.0562,0.768
76.158,0.788
79.086,0.759
78.1244,0.768
79.4556,0.755
79.8473,0.751
82.6435,0.726
81.8838,0.733
80.482,0.746
79.2626,0.757
78.8867,0.76
78.52,0.764
80.3257,0.747
79.1503,0.758
79.8856,0.752
78.503,0.764
79.6979,0.753
81.8032,0.733
81.4765,0.737
83.9468,0.714
83.2561,0.721
80.0462,0.75
78.3667,0.765
74.5219,0.805
76.7706,0.782
76.9202,0.78
74.7928,0.802
73.4703,0.817
72.1284,0.832
71.5436,0.838
72.0703,0.833
71.3418,0.841
71.7121,0.836
69.0459,0.869
69.1766,0.868
69.7906,0.86
67.4891,0.889
66.9452,0.896
68.6223,0.874
72.7317,0.825
77.2398,0.777
81.8638,0.733
80.0022,0.75
73.3666,0.818
67.5139,0.888
72.4262,0.829
76.3901,0.785
74.1879,0.809
76.8867,0.78
77.2966,0.777
75.4203,0.795
75.2875,0.797
75.6993,0.793
77.9733,0.769
81.0138,0.741
81.3343,0.737
80.4434,0.746
80.6358,0.744
80.9457,0.742
79.8029,0.751
79.564,0.755
80.7115,0.743
80.0162,0.75
77.705,0.772
77.4176,0.775
77.5858,0.773
78.6937,0.763
81.1688,0.739
83.0869,0.722
81.7392,0.734
79.398,0.756
78.3695,0.765
78.6035,0.764
79.1599,0.758
79.7412,0.752
77.7784,0.772
76.724,0.782
76.6632,0.782
77.4018,0.775
78.197,0.768
81.3624,0.737
82.4952,0.727
82.3905,0.729
81.5075,0.736
82.2812,0.729
78.9374,0.76
77.3689,0.776
78.7805,0.761
78.3056,0.767
80.7416,0.743
81.87,0.732
80.6867,0.744
79.8284,0.752
80.688,0.743
82.5183,0.727
80.3201,0.747
82.4883,0.728
81.1309,0.739
79.851,0.752
83.3035,0.72
81.8027,0.733
81.9267,0.733
81.2299,0.739
80.5022,0.745
79.5615,0.754
77.9675,0.77
75.9411,0.79
77.2516,0.776
77.891,0.771
76.8648,0.78
76.6953,0.782
77.6606,0.773
77.8511,0.771
78.8313,0.761
79.934,0.751
78.5338,0.764
78.1937,0.767
77.4455,0.775
77.2652,0.776
76.8944,0.78
75.3813,0.796
73.3316,0.819
70.6667,0.849
70.7448,0.848
72.5085,0.827
70.5666,0.851
71.7417,0.836
73.0326,0.821
74.151,0.81
73.6436,0.814
71.847,0.835
70.4548,0.852
69.9674,0.858
69.9647,0.857
70.9751,0.845
73.749,0.814
81.1335,0.74
87.8952,0.682
93.1586,0.644
82.332,0.729
74.1576,0.809
72.3201,0.83
69.755,0.86
65.7041,0.913
66.625,0.901
69.1541,0.867
73.8537,0.813
76.8663,0.78
75.7861,0.792
77.5935,0.773
77.8048,0.771
78.0071,0.77
81.4685,0.736
81.5244,0.736
80.5277,0.745
79.777,0.752
78.8017,0.762
76.3521,0.785
77.1901,0.778
77.4551,0.774
80.648,0.744
80.3789,0.747
79.8451,0.751
80.1507,0.749
80.3526,0.747
81.573,0.735
82.0846,0.731
82.3395,0.729
82.2578,0.729
83.0241,0.723
81.7333,0.734
85.2139,0.704
83.808,0.716
85.6155,0.701
86.712,0.692
85.0371,0.705
85.3264,0.704
84.1695,0.712
84.9483,0.707
86.0312,0.697
87.5728,0.685
85.3505,0.703
84.0666,0.714
85.5616,0.701
85.7651,0.7
86.8397,0.691
88.3929,0.678
88.3447,0.68
87.886,0.682
86.307,0.696
83.6275,0.717
83.2867,0.72
84.8559,0.707
82.3198,0.729
82.8756,0.724
83.0031,0.723
82.8158,0.725
84.9467,0.706
83.6732,0.717
85.2562,0.704
82.1694,0.73
82.5817,0.727
82.0763,0.731
81.9417,0.732
83.6238,0.717
82.3433,0.729
84.3125,0.712
82.6736,0.725
83.1194,0.722
83.7919,0.716
85.3845,0.703
80.1802,0.748
78.184,0.768
79.9564,0.75
85.4748,0.702
90.3718,0.664
91.9752,0.652
90.2611,0.665
89.0383,0.674
88.4202,0.679
86.882,0.69
85.3161,0.703
82.2223,0.73
79.7165,0.753
85.2561,0.704
85.2641,0.703
86.3836,0.695
86.2204,0.696
85.5335,0.701
83.225,0.721
82.5149,0.727
81.3816,0.738
80.0332,0.749
78.0537,0.769
78.2934,0.766
79.5898,0.754
79.6812,0.753
81.2147,0.739
83.493,0.719
84.0954,0.713
83.4417,0.719
80.814,0.743
80.5847,0.744
79.8787,0.751
76.4494,0.785
76.9437,0.78
78.5012,0.764
79.1594,0.758
81.1292,0.74
82.118,0.73
83.4326,0.72
82.0073,0.731
82.6284,0.726
81.2861,0.738
80.5752,0.745
80.1649,0.749
81.094,0.739
80.4744,0.746
80.6208,0.744
79.6151,0.754
81.4416,0.737
83.3612,0.719
83.2615,0.721
81.6285,0.735
78.7007,0.762
81.0188,0.741
79.1578,0.758
83.1857,0.721
80.7887,0.743
81.2564,0.738
81.0357,0.741
81.5645,0.735
83.9092,0.715
83.5238,0.719
83.5808,0.718
82.7842,0.724
80.9973,0.741
80.1315,0.749
79.3838,0.756
78.959,0.76
76.6105,0.783
76.9426,0.78
77.937,0.769
79.0151,0.76
81.6085,0.735
82.8876,0.724
84.3865,0.711
82.2817,0.729
78.3423,0.766
78.6447,0.763
78.3953,0.765
77.46,0.775
76.9086,0.78
75.9934,0.79
77.1589,0.777
78.3089,0.766
80.9687,0.741
83.0541,0.723
85.3673,0.703
87.4097,0.686
83.8342,0.716
79.7316,0.752
79.1207,0.759
78.9597,0.76
78.744,0.761
79.4669,0.756
79.491,0.754
79.1803,0.758
80.9753,0.741
82.9774,0.723
88.6496,0.677
93.0821,0.645
93.5035,0.641
89.5995,0.67
86.6156,0.693
80.3546,0.746
76.8333,0.781
73.4693,0.817
72.0649,0.832
74.6083,0.805
79.1238,0.758
81.7751,0.734
80.9693,0.741
83.8705,0.715
83.3492,0.72
81.0073,0.741
80.3307,0.747
80.6126,0.744
79.1455,0.758
76.4639,0.785
76.0128,0.789
79.1523,0.758
79.8754,0.751
84.7363,0.708
83.714,0.717
84.2541,0.712
83.2108,0.721
83.4408,0.719
84.2556,0.712
86.2022,0.696
85.6272,0.701
83.6064,0.718
81.1354,0.739
78.4929,0.765
81.6289,0.735
79.9477,0.75
81.271,0.738
80.6716,0.744
80.4164,0.746
79.9038,0.751
80.9344,0.742
81.8891,0.732
80.7568,0.743
79.0095,0.76
79.6908,0.753
79.2821,0.756
80.8912,0.742
80.9814,0.741
79.3325,0.756
76.2492,0.787
74.1281,0.81
73.8041,0.813
76.3009,0.786
78.4034,0.765
79.1308,0.758
84.8303,0.708
89.0925,0.673
92.713,0.647
89.5572,0.67
84.9495,0.707
81.7681,0.733
78.9796,0.76
76.6115,0.783
76.0375,0.789
74.0206,0.811
76.0889,0.788
77.8222,0.771
82.4579,0.728
82.9627,0.723
87.1467,0.689
84.0263,0.714
84.5545,0.709
83.3145,0.721
82.409,0.728
78.9775,0.759
75.942,0.791
76.3783,0.785
78.1627,0.768
81.5115,0.736
85.7021,0.7
83.1678,0.721
84.4215,0.711
83.6793,0.717
84.8395,0.707
84.2441,0.713
82.7878,0.724
76.5159,0.784
75.3831,0.796
75.7113,0.793
75.739,0.792
78.4913,0.764
79.1664,0.758
80.2904,0.748
81.3157,0.737
82.4358,0.728
84.8916,0.707
87.8102,0.683
86.991,0.69
84.2336,0.712
79.1404,0.759
71.0216,0.844
72.2702,0.831
70.9403,0.845
73.1404,0.821
74.0303,0.81
74.4935,0.806
77.2173,0.777
78.3831,0.765
79.565,0.754
79.5016,0.755
78.7545,0.762
74.447,0.806
72.4997,0.827
71.1946,0.843
70.8482,0.847
71.7147,0.837
73.6829,0.814
76.1479,0.788
79.3623,0.756
79.0001,0.759
78.6744,0.763
81.8896,0.733
86.7493,0.691
88.2645,0.68
88.9009,0.675
89.3502,0.672
85.1967,0.704
85.9673,0.698
79.4302,0.755
77.6505,0.773
76.5352,0.784
77.4193,0.775
80.6702,0.744
81.5496,0.735
81.716,0.735
81.0895,0.739
84.3901,0.711
83.1718,0.722
85.7394,0.7
83.9262,0.715
83.376,0.719
80.63,0.744
79.8919,0.751
79.784,0.752
79.9601,0.751
81.2281,0.738
80.5828,0.745
79.6444,0.753
80.5641,0.745
81.9863,0.732
82.2221,0.73
82.9765,0.723
83.5994,0.717
82.644,0.726
81.7614,0.734
80.4441,0.746
78.9307,0.76
78.3358,0.766
80.0297,0.75
80.2096,0.748
80.1307,0.749
81.3196,0.738
81.5593,0.735
80.5985,0.745
81.5172,0.736
80.9436,0.741
81.1684,0.739
81.1041,0.74
81.0609,0.74
78.8623,0.761
78.7263,0.762
75.8285,0.791
74.9123,0.801
75.0244,0.8
76.2853,0.787
77.7001,0.772
78.9157,0.76
80.7421,0.743
79.8055,0.752
79.5314,0.754
79.2815,0.757
78.4882,0.765
75.4681,0.795
75.0541,0.799
75.9455,0.79
80.5277,0.745
84.6334,0.709
85.0553,0.706
86.6668,0.692
86.9871,0.69
85.9885,0.697
84.0874,0.714
83.878,0.715
83.8363,0.716
83.5831,0.718
85.1731,0.704
83.3725,0.72
81.2832,0.738
80.073,0.749
80.7682,0.743
80.2024,0.748
82.3365,0.729
80.6691,0.744
78.8728,0.761
78.4862,0.764
78.5673,0.764
79.1089,0.758
79.2481,0.757
78.4788,0.765
79.3655,0.756
79.2823,0.757
78.9952,0.759
76.8163,0.781
73.6835,0.815
69.2932,0.865
68.3324,0.879
70.0591,0.856
69.7448,0.86
69.9946,0.857
70.8565,0.847
73.2098,0.82
77.5128,0.774
79.813,0.752
80.1245,0.748
79.1427,0.759
76.0864,0.788
72.9002,0.823
73.5563,0.816
76.2042,0.787
77.7941,0.772
76.7704,0.781
77.2789,0.776
77.726,0.772
79.7579,0.753
80.7811,0.742
81.8947,0.733
84.5409,0.71
82.6414,0.726
86.4512,0.694
87.9311,0.682
91.8595,0.653
89.4914,0.671
89.413,0.671
86.4509,0.694
84.7726,0.708
82.4249,0.728
78.2642,0.766
77.4995,0.774
77.7389,0.772
79.8629,0.752
81.2323,0.738
82.6329,0.726
82.7999,0.725
83.4386,0.719
81.9745,0.732
83.0068,0.723
83.2864,0.72
82.8934,0.724
80.5914,0.745
83.1672,0.721
83.5127,0.718
84.2235,0.713
88.5801,0.677
87.3416,0.687
84.6495,0.709
86.7402,0.692
85.2453,0.704
84.8648,0.707
85.6165,0.7
83.7169,0.717
81.243,0.739
80.1597,0.748
80.0013,0.75
82.6966,0.726
84.4182,0.71
83.458,0.719
84.0027,0.715
83.2012,0.721
83.9775,0.714
83.7812,0.716
83.7076,0.717
83.0601,0.722
81.8168,0.734
79.4551,0.755
79.3503,0.756
80.0824,0.749
81.4778,0.737
82.8191,0.724
83.4519,0.719
84.5309,0.71
84.4541,0.71
85.4537,0.703
81.9091,0.732
76.7438,0.782
73.3174,0.818
72.1578,0.832
75.3326,0.796
79.9514,0.751
83.4558,0.719
85.0039,0.705
86.195,0.697
84.5518,0.709
80.6029,0.745
74.4876,0.805
69.7543,0.86
68.1773,0.88
68.414,0.877
69.03,0.869
72.4136,0.829
74.0078,0.811
79.5243,0.754
82.989,0.723
89.311,0.672
95.3208,0.63
92.7593,0.646
82.6114,0.727
74.2631,0.808
69.5583,0.862
68.5118,0.876
70.9617,0.845
73.863,0.813
74.1763,0.809
76.5189,0.784
77.3995,0.775
79.909,0.751
81.8219,0.733
82.7539,0.725
83.2283,0.721
83.5526,0.718
83.815,0.716
84.0558,0.714
83.0371,0.722
84.0162,0.715
83.7095,0.716
80.2271,0.748
77.4361,0.775
78.4645,0.765
79.1395,0.758
78.943,0.76
82.3537,0.728
82.7007,0.726
83.7643,0.716
81.1649,0.74
81.3046,0.737
81.267,0.739
82.4962,0.727
80.8965,0.742
79.6612,0.753
79.1771,0.758
79.2062,0.757
81.7517,0.734
83.0139,0.723
83.3578,0.72
81.8417,0.733
80.0592,0.749
77.9082,0.77
78.2017,0.768
80.4191,0.746
79.0484,0.759
79.5611,0.754
78.7738,0.762
79.6113,0.753
80.2764,0.748
82.3042,0.729
81.4038,0.737
81.7593,0.734
80.324,0.747
84.885,0.706
80.9538,0.742
83.6225,0.717
81.5845,0.736
81.0046,0.74
81.7501,0.734
83.8938,0.715
83.6608,0.718
87.7851,0.683
88.3379,0.679
87.0199,0.69
85.4251,0.702
83.1827,0.721
80.8789,0.742
80.7927,0.743
79.8376,0.752
78.0556,0.768
78.7533,0.762
79.912,0.751
80.2328,0.748
79.3987,0.755
80.8421,0.743
80.3655,0.746
79.1271,0.758
77.6525,0.773
76.1989,0.788
76.6988,0.782
77.8205,0.771
79.6016,0.754
81.6046,0.735
82.7733,0.725
81.6961,0.734
78.5174,0.764
76.3092,0.787
73.0527,0.821
77.1949,0.777
80.3105,0.747
82.5341,0.727
84.2669,0.712
88.4289,0.679
93.4976,0.641
96.3889,0.623
97.0505,0.618
92.4424,0.649
91.8993,0.653
88.1025,0.681
87.7999,0.684
85.4519,0.702
82.7629,0.725
83.2388,0.72
84.3207,0.712
86.2466,0.696
87.1613,0.688
87.4271,0.686
87.5641,0.686
86.529,0.693
87.3056,0.687
86.2051,0.696
83.1347,0.722
84.8207,0.707
81.4886,0.737
85.1584,0.704
84.7507,0.708
85.3117,0.703
82.8804,0.724
82.3406,0.729
80.1957,0.748
80.5625,0.745
80.4378,0.746
81.3388,0.738
79.0671,0.758
78.4596,0.765
79.2133,0.758
80.699,0.743
81.74,0.734
81.2826,0.738
80.6547,0.744
82.2748,0.729
81.7052,0.735
84.5228,0.71
88.9064,0.675
91.9694,0.652
90.994,0.659
86.5569,0.694
82.1482,0.73
81.9762,0.732
77.7521,0.772
75.576,0.793
75.8811,0.791
79.422,0.756
82.8108,0.724
84.2862,0.712
85.2997,0.703
85.9394,0.699
84.9122,0.706
82.6166,0.726
81.903,0.733
80.7935,0.743
75.7504,0.792
76.3869,0.785
78.1551,0.768
78.7135,0.762
79.5867,0.754
78.987,0.76
81.1204,0.739
84.392,0.711
84.5887,0.71
83.4515,0.719
83.5569,0.718
81.0943,0.74
78.3119,0.766
78.5737,0.763
78.4001,0.766
77.3497,0.775
78.8468,0.761
79.5989,0.754
79.7509,0.752
82.5566,0.727
82.7911,0.725
82.345,0.729
82.6249,0.726
81.7745,0.733
79.5298,0.755
78.174,0.767
81.3098,0.738
80.6945,0.744
79.0007,0.759
81.1504,0.74
80.9931,0.74
81.9291,0.733
82.3754,0.728
82.4373,0.728
81.833,0.733
81.086,0.74
81.6441,0.735
80.514,0.745
81.1124,0.74
78.7452,0.762
80.2856,0.747
80.4453,0.746
82.2115,0.73
82.4065,0.728
80.8305,0.742
87.2084,0.688
89.5472,0.67
90.4185,0.664
92.174,0.651
97.0918,0.618
90.1661,0.665
83.2027,0.721
78.8994,0.761
76.4505,0.785
75.2392,0.797
75.9807,0.79
78.4418,0.765
79.7593,0.752
80.2699,0.748
81.2874,0.738
82.8722,0.724
83.6726,0.717
83.0548,0.722
82.7749,0.725
80.7746,0.743
78.196,0.767
76.022,0.789
76.5614,0.784
75.5193,0.795
76.9163,0.78
77.9239,0.77
78.5981,0.763
79.0489,0.759
80.5825,0.745
80.2786,0.747
81.1888,0.739
79.1694,0.758
79.6333,0.753
77.5356,0.774
74.7589,0.803
77.1237,0.778
78.0758,0.768
78.6631,0.763
79.7785,0.752
80.7203,0.743
81.5877,0.736
81.6643,0.734
81.2876,0.739
79.7038,0.752
77.8543,0.771
75.3679,0.796
77.2336,0.777
77.4841,0.774
77.7527,0.772
77.7772,0.771
79.214,0.758
80.4389,0.746
81.7518,0.734
83.2179,0.721
83.2742,0.72
83.5882,0.718
81.9677,0.732
82.1585,0.73
82.5602,0.727
81.8019,0.734
82.4184,0.728
83.019,0.722
82.5879,0.727
81.7604,0.734
81.6043,0.735
82.0754,0.731
82.6627,0.726
82.0558,0.731
82.9888,0.723
80.853,0.742
79.2789,0.757
77.0729,0.778
76.4357,0.785
77.5426,0.774
79.677,0.753
79.4359,0.755
77.4961,0.775
76.7043,0.782
76.0781,0.789
76.3311,0.786
73.5552,0.815
75.7407,0.793
73.2559,0.819
75.1466,0.798
77.196,0.777
80.5786,0.745
82.7741,0.725
84.5709,0.709
85.19,0.704
84.893,0.707
82.18,0.73
79.615,0.754
77.3836,0.775
77.3075,0.776
75.3117,0.797
74.6519,0.804
76.3715,0.786
79.009,0.759
79.3808,0.756
83.5751,0.718
83.6417,0.717
84.9343,0.706
85.186,0.705
83.4988,0.718
84.3316,0.712
82.1687,0.73
80.8666,0.742
77.6105,0.773
74.8962,0.801
75.4533,0.795
75.9053,0.791
76.7783,0.781
79.02,0.76
78.4906,0.764
78.3914,0.765
76.4637,0.785
77.273,0.777
78.2972,0.766
80.8803,0.742
83.0586,0.722
84.0063,0.714
82.662,0.726
78.0393,0.769
80.7305,0.743
76.9805,0.78
75.1349,0.798
75.541,0.795
75.5854,0.793
73.8251,0.813
74.29,0.808
75.1374,0.798
78.0539,0.769
80.6344,0.744
82.1897,0.73
82.6605,0.726
83.6916,0.717
84.5648,0.709
83.698,0.717
82.4366,0.728
83.1673,0.722
81.4495,0.736
79.6837,0.753
79.2008,0.758
79.0334,0.759
80.2978,0.747
80.8812,0.742
82.8662,0.724
82.5718,0.727
82.9049,0.723
82.911,0.724
82.1631,0.73
81.2423,0.739
79.7619,0.752
79.4468,0.755
80.6844,0.744
81.1025,0.74
84.5082,0.71
84.2772,0.712
83.4891,0.718
83.8908,0.715
85.1693,0.705
84.0508,0.714
85.5539,0.701
84.3511,0.711
85.1905,0.705
84.0618,0.714
82.9232,0.723
81.3927,0.737
81.1788,0.739
81.5841,0.736
80.5347,0.745
81.0706,0.74
79.8514,0.751
80.5455,0.745
81.0956,0.74
80.9514,0.741
81.8517,0.733
82.4906,0.728
82.5747,0.726
82.6026,0.727
81.6741,0.734
82.7713,0.725
81.3055,0.738
79.4018,0.756
77.5731,0.773
78.5747,0.764
78.4676,0.764
78.2983,0.767
77.3301,0.776
76.634,0.783
76.829,0.781
78.212,0.767
80.1108,0.749
83.4946,0.718
83.7026,0.717
80.8147,0.743
78.7836,0.761
74.5432,0.805
73.589,0.815
73.9198,0.812
74.6766,0.804
76.3307,0.786
76.7537,0.781
79.9138,0.751
84.415,0.711
89.4432,0.671
93.2944,0.643
94.104,0.637
93.7824,0.64
89.2157,0.673
85.7528,0.699
82.4803,0.728
84.3123,0.712
81.5727,0.735
78.6209,0.763
78.659,0.763
77.9301,0.77
80.3583,0.747
80.9584,0.741
84.6627,0.708
86.3025,0.696
87.4822,0.685
85.5204,0.702
83.921,0.715
84.5624,0.71
83.7287,0.716
82.6212,0.726
81.3211,0.738
81.3429,0.738
81.3084,0.738
81.009,0.74
81.755,0.734
85.1031,0.705
83.3555,0.72
83.814,0.716
87.764,0.684
85.454,0.702
83.6569,0.717
81.5103,0.736
81.1132,0.74
80.1419,0.748
79.5274,0.755
80.2309,0.748
84.3636,0.711
85.4082,0.702
85.7432,0.7
85.9403,0.698
85.6099,0.701
84.9135,0.707
82.8991,0.724
82.2571,0.729
81.9139,0.733
82.753,0.725
86.4054,0.694
88.4828,0.678
91.3088,0.657
89.0285,0.674
91.1254,0.659
90.0292,0.666
90.5757,0.662
92.0462,0.652
86.7086,0.692
86.19,0.696
84.5766,0.71
90.2461,0.665
96.03,0.624
95.8783,0.626
95.5568,0.628
94.2423,0.637
98.5132,0.609
96.4722,0.622
91.2128,0.658
91.1992,0.658
91.3046,0.657
91.1779,0.658
91.7097,0.654
93.7323,0.64
93.7794,0.64
88.6678,0.677
85.9468,0.698
84.7226,0.708
84.2113,0.712
86.5666,0.693
85.8638,0.699
83.824,0.716
85.1244,0.705
84.0623,0.714
86.5656,0.693
88.036,0.681
89.1914,0.673
90.186,0.665
93.2188,0.644
94.504,0.635
99.3519,0.604
96.9123,0.619
93.8674,0.639
93.7729,0.64
91.5259,0.655
94.422,0.636
90.2802,0.664
89.3537,0.672
86.7871,0.691
90.7905,0.661
89.597,0.67
92.0421,0.652
92.1069,0.651
88.2048,0.68
86.9552,0.69
86.7043,0.692
86.6995,0.692
89.1357,0.674
91.8328,0.653
89.8444,0.668
92.1323,0.651
88.8238,0.675
87.808,0.684
88.8723,0.675
90.1492,0.665
90.4149,0.664
90.702,0.662
87.1183,0.688
85.3668,0.703
87.4885,0.686
89.8979,0.667
93.8952,0.639
96.8932,0.62
97.7324,0.614
98.3495,0.61
97.9359,0.612
97.6348,0.615
101.1083,0.593
95.2661,0.63
89.9286,0.667
86.7238,0.692
87.203,0.688
87.2839,0.688
85.7521,0.699
86.2993,0.696
87.4831,0.685
90.964,0.66
94.4891,0.635
97.4596,0.616
96.7903,0.619
96.72,0.621
93.6603,0.64
94.4567,0.636
92.6756,0.647
91.5338,0.656
94.3551,0.635
92.799,0.647
90.2135,0.665
88.5827,0.677
87.3361,0.687
90.9984,0.66
91.4777,0.656
93.8506,0.639
93.4864,0.642
91.4808,0.656
91.1538,0.658
89.5438,0.67
90.4059,0.664
91.41,0.656
92.2267,0.651
93.368,0.642
92.8179,0.647
93.2797,0.643
93.2211,0.644
92.3604,0.649
94.7856,0.633
95.6179,0.628
94.3668,0.635
87.5051,0.686
87.0381,0.69
91.051,0.658
96.8665,0.62
99.0602,0.606
98.1816,0.611
95.9785,0.625
99.338,0.604
96.318,0.623
95.5013,0.628
93.3868,0.643
88.9665,0.674
89.2095,0.673
92.1606,0.651
92.6021,0.647
90.836,0.661
91.7843,0.654
91.2154,0.657
89.6787,0.67
93.7388,0.64
93.0341,0.645
92.6298,0.647
89.6518,0.67
88.8667,0.675
87.3205,0.687
88.1381,0.681
86.4109,0.694
90.2044,0.665
87.3326,0.687
87.2544,0.688
87.1694,0.688
89.4879,0.671
91.7853,0.653
93.1133,0.645
90.3187,0.664
88.2969,0.679
88.7757,0.676
43.2602,1.387
92.6046,0.648
95.3457,0.63
91.5905,0.655
90.5381,0.662
88.9237,0.675
92.2095,0.651
95.3223,0.629
97.7728,0.614
95.5462,0.628
95.2336,0.63
93.4603,0.642
92.2496,0.65
90.0768,0.666
87.5574,0.686
85.4911,0.701
83.5495,0.719
83.818,0.715
82.1348,0.731
84.8164,0.707
85.793,0.7
85.9809,0.697
85.0575,0.706
87.5719,0.685
86.4562,0.694
83.4721,0.719
85.5267,0.701
82.2206,0.73
81.8417,0.733
81.5015,0.736
82.6537,0.726
84.3296,0.712
85.8192,0.699
85.8309,0.699
87.0406,0.689
85.9996,0.698
88.0739,0.681
86.2746,0.696
84.7855,0.707
85.5656,0.702
84.5667,0.709
83.6288,0.718
83.2128,0.721
82.8566,0.724
85.1938,0.704
83.5866,0.718
84.1741,0.713
91.3623,0.656
94.9208,0.633
96.8181,0.619
95.0793,0.631
89.4669,0.671
90.412,0.664
84.3867,0.711
79.3172,0.756
76.7979,0.781
75.4371,0.796
78.6786,0.762
80.7077,0.744
82.9295,0.723
82.8543,0.724
84.6083,0.71
85.6152,0.7
87.7915,0.684
89.4161,0.671
92.4641,0.649
87.4693,0.686
84.8933,0.706
79.7325,0.753
79.8599,0.751
79.4508,0.755
81.2288,0.739
81.4698,0.737
80.4782,0.745
84.3376,0.712
86.5568,0.693
87.7752,0.683
87.1745,0.689
81.5726,0.735
81.3527,0.738
79.5163,0.754
79.1109,0.759
78.2824,0.766
81.9254,0.732
81.8103,0.734
82.2018,0.73
83.3921,0.719
84.1906,0.713
85.5922,0.701
87.4363,0.686
86.9794,0.69
86.7922,0.691
83.8607,0.716
85.3384,0.703
84.1928,0.712
85.1785,0.705
84.6444,0.709
83.2036,0.721
84.3821,0.711
86.2704,0.695
87.7787,0.684
88.9206,0.675
94.1965,0.637
93.3974,0.642
92.1886,0.651
88.8622,0.675
85.8175,0.699
85.9074,0.699
86.3326,0.695
86.1657,0.696
84.0318,0.714
83.7211,0.717
87.5957,0.685
86.7507,0.691
87.9885,0.682
87.2453,0.688
89.7285,0.669
87.202,0.688
85.6661,0.7
87.9513,0.682
90.7764,0.661
96.1788,0.624
92.3797,0.65
93.4287,0.642
92.6054,0.648
92.8544,0.646
90.5514,0.662
88.5745,0.678
87.5221,0.685
87.549,0.686
88.5267,0.677
90.8175,0.661
88.3121,0.68
86.137,0.696
85.8191,0.699
86.6726,0.692
86.8857,0.691
91.1522,0.658
92.7985,0.647
90.0597,0.666
87.4435,0.686
85.4239,0.703
84.9437,0.706
86.9401,0.69
87.7348,0.684
85.4012,0.703
84.6391,0.708
85.5874,0.701
88.3616,0.679
86.468,0.694
90.8362,0.661
88.9729,0.674
88.4007,0.679
91.0978,0.659
90.8671,0.66
89.957,0.667
92.3875,0.649
92.9602,0.646
89.8147,0.668
86.915,0.69
86.487,0.694
86.0915,0.697
87.0437,0.689
89.1497,0.673
88.4034,0.679
86.9893,0.69
87.396,0.686
88.6367,0.677
89.932,0.667
90.9962,0.66
94.9943,0.631
90.7975,0.661
87.8599,0.683
82.1393,0.73
86.0519,0.698
91.5685,0.655
90.54,0.663
86.9356,0.69
89.251,0.672
89.9877,0.667
88.6684,0.676
89.8283,0.668
88.0541,0.682
83.032,0.722
88.9875,0.675
87.8173,0.683
91.7722,0.654
90.9667,0.659
86.098,0.697
84.3299,0.712
84.1511,0.713
81.8809,0.732
85.571,0.702
82.8135,0.724
83.9466,0.715
86.9589,0.69
89.398,0.671
87.9217,0.682
91.1877,0.658
90.3279,0.665
89.8874,0.667
90.2283,0.665
90.1528,0.666
89.214,0.672
91.9505,0.653
92.3987,0.649
89.9154,0.667
86.9361,0.691
84.2718,0.712
84.2432,0.712
84.1299,0.713
84.7794,0.708
80.6517,0.744
83.8313,0.715
83.147,0.722
82.3011,0.729
84.8565,0.707
90.4144,0.664
89.9509,0.667
91.2601,0.657
90.9075,0.66
90.0696,0.666
88.2574,0.68
86.3065,0.695
82.1982,0.73
80.5624,0.745
81.3557,0.738
83.6928,0.716
86.1892,0.697
88.5977,0.677
89.8791,0.667
92.7912,0.647
96.4166,0.622
96.5555,0.622
99.4218,0.603
94.4598,0.635
89.8714,0.668
89.3686,0.671
87.6195,0.685
82.6033,0.727
81.4894,0.736
84.2276,0.712
87.9291,0.683
90.5332,0.662
92.3006,0.65
90.0308,0.667
86.2216,0.696
84.0206,0.714
82.3442,0.728
83.3296,0.72
81.2595,0.739
82.0476,0.731
81.964,0.732
86.5796,0.693
88.2624,0.68
91.8362,0.653
92.3836,0.65
93.6682,0.64
93.6147,0.641
98.8636,0.607
96.1831,0.624
91.4242,0.656
86.5784,0.693
84.8141,0.708
84.8845,0.706
81.4443,0.737
82.5264,0.727
83.9027,0.715
85.0995,0.705
87.5883,0.685
91.2191,0.658
92.1691,0.651
91.4761,0.656
91.5552,0.655
90.241,0.665
89.9681,0.667
88.4319,0.679
84.7056,0.708
84.1821,0.713
83.3649,0.719
85.9305,0.699
85.0904,0.705
92.6984,0.647
92.5415,0.648
91.0614,0.659
87.9618,0.682
86.1147,0.697
84.0233,0.714
84.8086,0.708
80.4592,0.746
81.7666,0.733
81.5407,0.736
82.945,0.724
82.3612,0.728
87.9371,0.682
89.4384,0.671
88.0322,0.682
88.6695,0.676
86.8437,0.691
90.719,0.662
87.261,0.687
84.9655,0.706
81.0372,0.741
80.7986,0.742
80.7459,0.744
83.3492,0.719
85.4515,0.703
86.5538,0.693
86.635,0.692
85.0636,0.706
85.6786,0.7
86.2198,0.696
86.1688,0.696
87.2592,0.688
89.0829,0.673
89.2275,0.673
92.9502,0.645
96.9616,0.619
96.5167,0.622
92.6833,0.647
93.5557,0.641
89.3568,0.672
90.6066,0.662
88.1709,0.681
86.0853,0.697
87.416,0.686
86.8998,0.69
91.4672,0.656
91.6048,0.655
91.3672,0.657
91.5721,0.655
90.3969,0.664
89.5514,0.67
89.918,0.667
86.3736,0.695
84.0842,0.713
83.5043,0.719
86.2323,0.696
87.435,0.686
90.598,0.662
90.1066,0.666
91.1408,0.658
87.6407,0.685
88.1266,0.681
85.1955,0.704
85.5042,0.702
84.0487,0.714
82.6739,0.726
83.6665,0.717
86.3211,0.695
89.8327,0.668
90.2666,0.664
90.192,0.666
90.4621,0.663
89.9195,0.667
88.9522,0.675
87.8673,0.682
87.7587,0.684
85.0965,0.705
84.6,0.709
83.4212,0.72
83.9309,0.715
86.8458,0.69
88.2853,0.68
87.0725,0.689
88.0218,0.682
88.1613,0.68
90.7807,0.661
91.229,0.658
90.3483,0.664
90.6679,0.662
92.36,0.649
94.4169,0.636
96.6045,0.621
97.2958,0.617
94.1291,0.637
93.811,0.64
95.1433,0.63
93.9278,0.639
89.978,0.667
89.9024,0.667
88.2191,0.681
86.8195,0.691
89.3333,0.671
89.9613,0.667
87.9705,0.682
89.1512,0.673
91.6692,0.655
89.2403,0.672
91.7867,0.654
92.1388,0.651
90.2023,0.665
89.2526,0.672
89.3855,0.672
88.5604,0.677
90.7746,0.661
88.5628,0.678
88.8161,0.675
86.3318,0.695
88.2441,0.68
89.7115,0.669
89.2818,0.672
92.6759,0.647
89.719,0.669
88.0365,0.682
87.1645,0.688
86.8522,0.691
87.7078,0.684
87.829,0.683
87.3479,0.687
86.7913,0.691
88.2173,0.68
87.6323,0.685
89.8332,0.668
90.2081,0.665
91.3618,0.657
90.1014,0.666
88.583,0.677
87.9398,0.682
90.9563,0.66
87.499,0.686
87.7185,0.684
86.2247,0.696
85.8418,0.699
83.7119,0.716
86.8154,0.691
85.0049,0.706
85.7539,0.7
85.3307,0.703
86.4656,0.694
86.8317,0.691
88.0826,0.681
90.9617,0.66
92.6636,0.647
93.3237,0.643
94.5721,0.635
93.5408,0.641
88.3155,0.68
90.5098,0.662
92.5987,0.648
94.7265,0.634
87.4363,0.686
90.798,0.661
88.2597,0.68
87.7488,0.683
89.4974,0.671
88.8759,0.675
88.7941,0.676
91.6914,0.654
94.615,0.634
96.1882,0.624
99.8446,0.601
98.0073,0.612
92.5452,0.648
87.4819,0.686
91.3603,0.657
87.3445,0.687
89.2309,0.672
89.0659,0.674
90.1344,0.666
93.5108,0.641
94.1914,0.637
93.0051,0.645
92.1311,0.652
91.5641,0.655
89.8846,0.667
89.7969,0.669
90.4883,0.663
92.0633,0.651
92.6904,0.648
94.1437,0.637
92.4188,0.649
91.4204,0.657
90.6749,0.661
92.4847,0.649
90.4762,0.663
94.2926,0.637
92.6365,0.647
91.4613,0.656
89.4225,0.671
92.6017,0.648
89.0072,0.674
93.6554,0.641
89.6633,0.669
90.3766,0.664
88.343,0.679
87.1267,0.689
86.4693,0.694
87.0426,0.689
87.1467,0.689
86.4855,0.693
85.6366,0.701
86.8378,0.691
88.2228,0.68
88.9698,0.674
93.4436,0.642
89.6337,0.67
89.3529,0.671
85.847,0.699
84.1186,0.714
84.8466,0.707
84.8885,0.706
82.2251,0.73
81.4657,0.737
85.9165,0.698
88.818,0.676
92.4759,0.648
95.1198,0.631
94.3354,0.636
92.1702,0.651
90.5657,0.663
89.3266,0.671
87.7503,0.684
90.0558,0.666
89.1612,0.673
89.8607,0.668
90.4066,0.664
90.1809,0.665
90.6304,0.662
90.7644,0.661
88.279,0.68
88.2362,0.68
88.3693,0.679
86.8641,0.69
87.4383,0.687
88.1176,0.681
91.2466,0.657
89.8491,0.668
91.3981,0.656
91.2276,0.658
89.7519,0.669
90.9074,0.66
87.5335,0.685
85.9639,0.698
84.7172,0.708
82.3942,0.728
80.4946,0.746
83.3074,0.72
81.4233,0.737
82.5573,0.727
84.8171,0.707
87.2401,0.688
85.5269,0.701
87.317,0.688
87.1718,0.688
83.9245,0.715
80.8038,0.742
80.6805,0.744
81.8397,0.733
81.1715,0.739
81.3505,0.738
84.3407,0.711
83.5912,0.718
85.0988,0.705
86.5909,0.693
88.1101,0.681
88.0651,0.681
88.9747,0.675
87.6537,0.684
87.7513,0.684
88.991,0.674
89.1812,0.673
90.2921,0.664
91.0001,0.66
89.3355,0.671
89.0441,0.674
87.7005,0.684
88.0328,0.682
85.882,0.699
85.8098,0.699
84.0595,0.714
82.6033,0.726
82.9032,0.724
85.1827,0.704
87.7603,0.684
88.0839,0.681
87.6009,0.685
87.8977,0.682
86.898,0.691
88.6938,0.676
86.3823,0.695
84.2555,0.712
82.7496,0.725
80.7905,0.743
79.9895,0.75
83.1465,0.722
83.8592,0.715
89.7779,0.668
88.8168,0.676
87.7511,0.684
87.338,0.687
89.0895,0.673
84.7429,0.708
85.7849,0.7
85.2746,0.703
81.2345,0.739
77.6403,0.773
79.6253,0.753
80.1431,0.749
80.304,0.747
81.6555,0.735
81.6669,0.734
83.1337,0.722
84.4713,0.71
86.9225,0.691
86.7836,0.691
88.0218,0.682
87.7566,0.683
84.095,0.714
81.0587,0.74
77.4336,0.775
80.3464,0.747
78.5639,0.763
81.39,0.738
81.0075,0.74
82.9842,0.723
84.6047,0.71
86.2389,0.695
87.5724,0.685
87.1282,0.689
89.8252,0.668
91.4157,0.656
92.6098,0.648
93.4234,0.642
91.1376,0.659
88.045,0.681
83.3749,0.72
81.3332,0.738
77.7822,0.771
81.8942,0.733
83.9166,0.715
87.6281,0.684
87.8764,0.683
88.0557,0.682
91.9444,0.652
90.5533,0.663
89.8018,0.668
89.5383,0.67
87.3209,0.687
91.4193,0.656
89.5785,0.67
90.7047,0.662
88.4809,0.678
88.3031,0.679
87.1621,0.689
89.705,0.669
90.605,0.662
88.8838,0.675
91.283,0.657
89.8362,0.668
87.2616,0.688
88.471,0.678
87.9716,0.682
89.2072,0.672
85.6371,0.701
86.9416,0.69
85.2094,0.704
82.9307,0.724
85.9063,0.698
86.468,0.694
84.4187,0.711
87.9026,0.682
88.2071,0.681
87.6182,0.684
90.211,0.666
90.9663,0.659
89.6039,0.67
84.6154,0.709
82.5792,0.726
79.4859,0.755
81.3576,0.738
82.5901,0.726
82.1103,0.731
83.6218,0.717
85.4611,0.702
86.8106,0.692
88.2135,0.68
88.548,0.677
91.7225,0.655
93.4713,0.641
90.7718,0.661
86.3143,0.696
87.8656,0.682
85.705,0.701
86.7448,0.691
83.1052,0.722
83.9709,0.715
85.7641,0.699
86.2959,0.696
89.3612,0.671
90.899,0.66
94.1471,0.637
89.4919,0.671
89.632,0.669
85.2886,0.704
83.8212,0.716
84.9792,0.706
81.1268,0.739
81.5223,0.736
82.9629,0.723
84.397,0.711
86.3539,0.695
89.854,0.668
89.9501,0.667
88.4645,0.678
89.976,0.667
88.9654,0.674
87.8193,0.684
89.0059,0.674
93.4751,0.642
93.2158,0.643
85.7689,0.7
84.6169,0.709
83.6259,0.717
83.4242,0.72
81.5669,0.735
81.0177,0.741
84.4494,0.71
86.1634,0.697
87.8085,0.683
92.7075,0.647
93.5964,0.641
91.5704,0.655
87.6716,0.685
83.6365,0.717
82.2704,0.73
79.2735,0.756
77.5319,0.774
76.6918,0.783
76.6531,0.782
80.8864,0.742
84.3565,0.711
84.5268,0.71
84.7657,0.708
89.5816,0.67
88.9482,0.674
90.0048,0.667
87.971,0.682
87.2741,0.688
82.7038,0.725
79.5907,0.754
78.0527,0.769
78.3732,0.765
80.9943,0.741
80.2187,0.748
84.048,0.714
89.0678,0.673
90.4097,0.664
93.7902,0.64
97.6862,0.614
95.315,0.63
95.6759,0.627
90.6941,0.661
87.0485,0.689
83.8867,0.716
81.4089,0.737
78.7355,0.762
80.6559,0.744
83.3856,0.719
85.5188,0.702
87.3543,0.687
91.5491,0.655
94.0633,0.638
94.2236,0.637
90.9972,0.659
89.5466,0.67
87.2991,0.687
82.916,0.724
80.7477,0.743
80.0183,0.75
81.5526,0.736
82.1666,0.73
82.2162,0.73
84.8532,0.707
86.3126,0.695
87.9206,0.682
90.1403,0.666
93.0245,0.645
92.5122,0.649
92.2861,0.65
86.2195,0.696
85.4781,0.702
87.9713,0.682
86.5646,0.693
83.1617,0.721
84.3615,0.711
84.0384,0.714
86.3363,0.695
86.3144,0.695
90.1673,0.666
89.7755,0.668
90.1678,0.666
85.9842,0.697
86.1149,0.697
85.0913,0.705
86.7563,0.692
86.5281,0.693
86.7984,0.692
85.0854,0.705
84.3175,0.711
83.9463,0.715
86.6558,0.693
84.5264,0.709
83.5522,0.718
85.1817,0.705
88.0929,0.681
92.0757,0.652
95.8597,0.625
94.9444,0.632
95.2735,0.63
91.6486,0.655
91.4159,0.656
89.2589,0.672
84.7269,0.709
83.409,0.719
84.8179,0.707
86.2386,0.696
86.1858,0.696
89.5683,0.67
91.9626,0.653
90.8677,0.66
88.6651,0.677
88.1274,0.68
90.0848,0.666
90.1357,0.666
90.6704,0.662
88.7608,0.676
87.0743,0.689
87.5419,0.685
82.3426,0.729
82.2991,0.729
83.442,0.719
81.4457,0.737
85.9638,0.698
84.9121,0.706
86.9662,0.69
89.1641,0.673
90.3817,0.664
91.9457,0.653
91.1633,0.658
86.3314,0.695
91.7706,0.654
88.3392,0.679
85.6428,0.7
84.7571,0.708
87.297,0.688
86.7965,0.691
88.7607,0.676
89.1134,0.673
91.6344,0.655
91.0604,0.659
91.1404,0.658
90.8977,0.66
89.4687,0.671
86.7011,0.692
86.7803,0.691
84.7068,0.709
83.8266,0.715
89.4501,0.671
93.1407,0.644
97.0707,0.618
95.6385,0.628
94.6046,0.634
96.2852,0.623
94.4941,0.635
91.2568,0.658
86.9774,0.689
85.5428,0.702
84.2968,0.712
84.7905,0.707
87.5504,0.685
86.5387,0.694
88.7982,0.675
91.1228,0.659
91.0211,0.659
90.0484,0.666
90.6149,0.663
88.3926,0.678
88.079,0.682
88.0487,0.681
91.1835,0.658
91.3907,0.657
93.4259,0.642
94.5462,0.634
93.5678,0.642
93.9476,0.638
93.1538,0.644
93.3064,0.643
95.0873,0.631
95.1307,0.631
92.2264,0.651
90.8871,0.66
87.8911,0.683
89.9342,0.667
89.8656,0.667
93.1258,0.645
93.6154,0.641
92.2493,0.65
96.0505,0.625
97.4028,0.616
101.3617,0.592
102.868,0.583
99.3104,0.604
97.9697,0.612
95.2713,0.63
92.5992,0.648
86.9313,0.69
85.7439,0.7
85.1481,0.705
86.9946,0.69
89.7154,0.668
93.1588,0.644
93.8904,0.639
94.0408,0.638
92.9557,0.646
91.4988,0.656
92.9195,0.645
92.6076,0.648
87.4426,0.686
86.0832,0.697
85.426,0.703
86.1304,0.696
86.703,0.692
86.92,0.691
86.7016,0.692
88.6861,0.676
88.2867,0.68
91.9054,0.653
88.9943,0.674
92.6989,0.647
89.8203,0.668
88.3212,0.68
90.723,0.661
88.6333,0.677
89.5874,0.67
92.6381,0.647
90.7453,0.661
90.1449,0.666
93.4009,0.642
93.6981,0.641
93.693,0.64
91.5501,0.656
90.1847,0.665
86.0145,0.697
85.4755,0.702
83.9664,0.715
87.1438,0.688
86.1298,0.697
84.8174,0.707
88.8473,0.676
87.3668,0.687
88.3185,0.679
89.8346,0.668
90.7882,0.661
91.3901,0.656
91.2642,0.658
90.962,0.659
89.7774,0.669
90.7884,0.66
90.0279,0.667
89.7073,0.669
92.3496,0.649
88.2565,0.68
94.7385,0.634
98.6077,0.608
96.4276,0.622
98.4107,0.61
92.3774,0.65
91.8619,0.653
89.9397,0.667
91.1565,0.658
90.6102,0.662
92.0734,0.652
94.3303,0.636
92.66,0.647
93.1383,0.645
91.7952,0.653
92.9877,0.645
91.8539,0.654
89.3189,0.671
87.3837,0.687
91.5025,0.656
91.5702,0.655
92.1693,0.651
94.8215,0.633
94.7731,0.633
92.7079,0.647
90.3822,0.664
86.3206,0.695
85.8834,0.699
85.4835,0.701
84.3636,0.712
85.2403,0.704
85.6501,0.7
86.5272,0.694
90.4623,0.663
89.9611,0.667
90.2386,0.665
91.8872,0.653
91.3356,0.657
90.3808,0.663
90.4248,0.664
89.317,0.672
85.5664,0.701
82.0499,0.731
83.105,0.722
82.2829,0.729
85.6711,0.701
85.2913,0.703
86.3604,0.695
85.7006,0.7
85.5371,0.701
86.0713,0.698
85.2667,0.703
85.1874,0.705
87.8173,0.683
84.1494,0.713
83.389,0.719
80.6693,0.744
81.6028,0.735
81.8118,0.734
82.5752,0.726
86.1421,0.697
84.4091,0.711
83.957,0.714
80.4415,0.746
81.2227,0.739
83.1604,0.722
79.51,0.754
81.887,0.733
79.6073,0.754
79.8692,0.751
80.2026,0.748
79.9405,0.75
83.0731,0.723
83.171,0.721
84.0202,0.714
81.1583,0.74
79.2802,0.756
77.8392,0.771
75.7341,0.792
76.1504,0.788
77.6844,0.773
78.8811,0.76
79.7447,0.753
81.266,0.738
85.7576,0.7
84.732,0.708
84.9114,0.706
80.6843,0.744
79.4692,0.755
75.623,0.793
73.1245,0.821
75.5002,0.795
76.0807,0.788
78.2575,0.767
79.2699,0.757
85.3756,0.703
90.0749,0.666
94.5819,0.634
98.7439,0.608
95.1694,0.63
92.7298,0.647
91.0009,0.66
87.9286,0.682
85.8428,0.699
83.4045,0.719
79.4507,0.756
77.8151,0.771
78.111,0.768
81.4303,0.737
81.9221,0.732
82.2722,0.729
81.5925,0.736
79.7856,0.752
77.4204,0.775
77.4494,0.774
77.6632,0.773
78.0069,0.769
78.7436,0.762
79.6516,0.753
79.8268,0.752
80.2512,0.748
80.6046,0.744
82.2298,0.73
80.1307,0.748
79.3813,0.756
76.499,0.785
73.449,0.816
72.7476,0.825
74.1887,0.809
76.1775,0.788
78.812,0.761
79.0677,0.759
77.8012,0.771
75.408,0.796
72.4246,0.828
71.9966,0.833
72.535,0.828
74.8899,0.801
75.7937,0.791
74.5992,0.805
75.9884,0.789
77.4851,0.775
78.8858,0.76
80.5319,0.745
79.7738,0.752
79.7384,0.753
79.2587,0.757
78.3078,0.766
75.2706,0.797
74.6405,0.804
75.8991,0.791
76.5958,0.783
77.1475,0.778
80.9843,0.741
82.4142,0.728
82.1193,0.73
80.8446,0.742
77.6677,0.773
75.9165,0.79
75.8803,0.791
75.9463,0.79
73.974,0.811
74.303,0.808
75.0264,0.799
75.3567,0.797
76.978,0.779
77.7926,0.771
77.0221,0.779
75.6587,0.793
76.8227,0.781
75.7194,0.793
76.605,0.783
77.7954,0.771
78.5582,0.764
81.2079,0.739
80.1056,0.749
77.9787,0.769
76.3043,0.787
78.7627,0.761
80.5423,0.745
77.5537,0.774
77.3057,0.776
79.9846,0.75
86.3169,0.695
90.8783,0.661
88.7387,0.676
87.9911,0.682
84.7538,0.708
78.5205,0.764
75.1584,0.798
73.2614,0.819
75.2292,0.798
76.8742,0.78
76.83,0.781
77.8178,0.771
78.2135,0.767
79.8435,0.752
81.6493,0.734
81.3646,0.738
78.1256,0.768
75.3696,0.796
74.4675,0.806
75.418,0.795
77.0993,0.778
79.4734,0.755
80.4041,0.747
82.1193,0.73
83.8167,0.716
82.8694,0.724
83.0884,0.722
80.7085,0.744
78.2831,0.766
74.2299,0.808
76.1986,0.788
76.1329,0.788
77.3248,0.776
78.7305,0.762
85.1043,0.705
84.3164,0.712
90.5947,0.662
89.133,0.673
88.3257,0.679
85.7971,0.7
84.2039,0.712
83.8456,0.716
84.6541,0.709
84.9426,0.706
87.2383,0.688
85.8436,0.699
79.8076,0.752
80.9191,0.741
83.1184,0.722
43.2236,1.388
95.5173,0.628
94.0049,0.638
98.4667,0.61
42.5798,1.409
82.9708,0.723
81.951,0.732
82.3872,0.728
82.5349,0.727
80.7406,0.744
81.8223,0.733
81.5229,0.736
76.2965,0.786
92.8739,0.646
88.3341,0.68
86.3324,0.694
84.606,0.71
82.347,0.728
77.5706,0.774
75.8322,0.791
75.7892,0.792
77.7296,0.772
77.132,0.777
76.6834,0.783
76.5238,0.784
77.2849,0.776
78.6512,0.763
82.4092,0.728
83.6634,0.717
81.394,0.738
79.1707,0.757
78.5534,0.764
75.4831,0.795
75.5717,0.794
75.8371,0.791
75.0633,0.8
76.6661,0.782
79.9773,0.75
81.0754,0.74
80.713,0.744
79.7539,0.752
78.3462,0.766
77.5755,0.773
79.7861,0.752
79.4785,0.755
79.6052,0.754
74.7805,0.802
72.4568,0.828
69.7769,0.86
71.0414,0.845
74.259,0.808
75.5086,0.795
75.391,0.795
75.3238,0.797
76.5009,0.784
79.5613,0.754
78.798,0.762
79.3173,0.756
76.8092,0.781
78.3078,0.767
81.5747,0.735
85.8256,0.699
90.6016,0.662
87.4633,0.687
83.0878,0.722
78.6992,0.762
77.2862,0.776
76.0981,0.789
73.774,0.813
73.4199,0.817
73.8492,0.813
73.8679,0.812
76.7674,0.782
78.0456,0.768
79.2906,0.757
75.9528,0.79
69.3604,0.865
69.1837,0.867
69.0907,0.869
69.353,0.865
70.769,0.848
70.0823,0.856
72.2655,0.83
74.2947,0.808
78.5609,0.764
80.159,0.748
82.5803,0.727
82.7574,0.725
81.5961,0.735
74.1565,0.809
69.1153,0.868
68.774,0.873
70.2299,0.854
69.334,0.865
71.1897,0.843
73.4285,0.817
76.7703,0.782
78.8796,0.76
78.8832,0.761
77.1679,0.778
75.6861,0.792
74.7432,0.803
72.5331,0.827
72.2281,0.831
70.9087,0.846
69.2083,0.867
72.2704,0.83
74.236,0.809
75.7399,0.792
76.3307,0.786
77.0152,0.779
76.4615,0.785
76.2555,0.786
75.5582,0.794
75.4905,0.795
75.3614,0.796
75.2297,0.798
73.1213,0.821
73.0977,0.82
73.1405,0.821
75.0194,0.8
73.6124,0.815
72.1523,0.831
72.2805,0.83
73.4922,0.817
72.7493,0.824
73.0779,0.821
72.6757,0.826
74.2083,0.809
74.9745,0.8
76.7424,0.782
76.2313,0.787
73.707,0.814
71.546,0.838
70.5745,0.851
74.4252,0.806
73.7401,0.813
74.4859,0.806
72.7644,0.825
74.2889,0.807
75.0697,0.799
77.1998,0.778
77.9022,0.77
78.3124,0.766
77.4431,0.775
76.9356,0.78
79.9842,0.75
80.2881,0.747
76.6578,0.783
78.5522,0.764
76.1983,0.787
75.7695,0.792
75.5062,0.795
76.1633,0.787
76.8366,0.781
79.1646,0.758
80.3585,0.747
78.8446,0.761
77.1418,0.778
72.5021,0.827
72.2016,0.831
75.0066,0.8
75.5451,0.794
74.009,0.811
74.1951,0.809
76.1481,0.788
76.2296,0.787
76.4421,0.785
75.0132,0.799
74.9284,0.801
75.5482,0.794
76.3019,0.787
74.2421,0.808
74.4795,0.806
74.5877,0.804
76.7785,0.781
77.6483,0.773
77.1287,0.778
74.9256,0.801
74.8411,0.802
76.2203,0.787
78.2588,0.766
78.3037,0.767
77.915,0.77
76.1494,0.788
73.6189,0.815
73.9458,0.811
73.8949,0.812
71.6161,0.838
72.6503,0.826
74.3102,0.807
77.785,0.772
78.1918,0.767
77.8269,0.771
76.3738,0.785
74.5999,0.805
74.9146,0.801
76.4155,0.785
75.5554,0.794
75.5514,0.794
75.606,0.794
76.046,0.789
77.0165,0.779
75.1088,0.799
74.1939,0.808
73.861,0.813
75.9644,0.789
76.9792,0.78
77.5152,0.774
78.2039,0.767
76.8147,0.781
78.5887,0.764
80.1536,0.748
82.5183,0.727
77.3633,0.776
79.6755,0.753
79.9861,0.75
83.4084,0.719
87.5155,0.686
89.881,0.668
84.7788,0.707
83.4233,0.72
81.6994,0.734
80.9574,0.741
78.7759,0.762
76.6811,0.782
73.9221,0.812
76.6577,0.783
76.504,0.784
77.2938,0.776
76.0329,0.789
75.9032,0.791
75.4189,0.795
75.8658,0.791
77.0046,0.779
75.422,0.796
76.7824,0.781
78.2235,0.767
78.6909,0.763
77.9279,0.77
76.4562,0.785
74.5163,0.805
72.2541,0.83
70.2229,0.855
71.17,0.843
74.3985,0.806
73.9301,0.812
74.4935,0.805
75.0765,0.799
75.0272,0.8
75.4668,0.795
75.462,0.795
74.4985,0.805
72.0651,0.833
71.0898,0.844
69.9265,0.858
71.471,0.84
71.7696,0.836
71.9181,0.834
70.641,0.849
73.4559,0.817
72.8957,0.823
75.7877,0.792
77.5131,0.774
76.3718,0.786
77.0231,0.779
75.6243,0.793
73.44,0.817
72.5071,0.827
71.6146,0.838
72.056,0.833
