ecg,Rrvalues
-1.397,0.793
-1.3831,0.796
-1.3663,0.801
-1.3627,0.85
-1.3843,0.857
-1.3874,0.835
-1.3955,0.798
-1.393,0.767
-1.3923,0.769
-1.3923,0.761
-1.3746,0.756
-1.3732,0.748
-1.373,0.744
-1.3858,0.756
-1.3915,0.774
-1.371,0.776
-1.365,0.778
-1.3713,0.774
-1.3761,0.78
-1.4014,0.792
-1.3915,0.79
-1.382,0.777
-1.3749,0.77
-1.3799,0.777
-1.3868,0.794
-1.3891,0.791
-1.3771,0.776
-1.3654,0.788
-1.3692,0.807
-1.3773,0.797
-1.3785,0.777
-1.3715,0.786
-1.3801,0.799
-1.3913,0.816
-1.3966,0.808
-1.3811,0.786
-1.3811,0.772
-1.3827,0.771
-1.3871,0.777
-1.3691,0.788
-1.3731,0.793
-1.3686,0.815
-1.3838,0.827
-1.3883,0.845
-1.3791,0.818
-1.367,0.808
-1.3593,0.802
-1.3841,0.797
-1.386,0.797
-1.3722,0.801
-1.3604,0.807
-1.3723,0.824
-1.3827,0.839
-1.3783,0.82
-1.3614,0.83
-1.3691,0.832
-1.3806,0.831
-1.3858,0.82
-1.376,0.804
-1.3667,0.801
-1.3679,0.798
-1.3711,0.798
-1.3751,0.803
-1.3766,0.815
-1.371,0.86
-1.3681,0.856
-1.3787,0.828
-1.3652,0.815
-1.3651,0.811
-1.3838,0.809
-1.395,0.808
-1.3796,0.808
-1.3713,0.815
-1.3689,0.827
-1.3777,0.851
-1.3767,0.844
-1.3702,0.835
-1.3708,0.842
-1.3896,0.854
-1.3779,0.861
-1.3772,0.835
-1.372,0.82
-1.372,0.815
-1.3849,0.836
-1.3814,0.841
-1.3697,0.84
-1.3697,0.843
-1.3708,0.848
-1.3736,0.866
-1.3982,0.857
-1.3836,0.852
-1.3613,0.819
-1.3661,0.815
-1.3842,0.82
-1.3694,0.836
-1.3758,0.851
-1.3772,0.84
-1.3733,0.828
-1.3729,0.844
-1.3702,0.823
-1.3697,0.82
-1.3722,0.831
-1.3785,0.873
-1.3778,0.884
-1.3686,0.919
-1.3764,0.888
-1.3704,0.876
-1.374,0.879
-1.3929,0.881
-1.3849,0.871
-1.3672,0.849
-1.3638,0.838
-1.3747,0.823
-1.3921,0.836
-1.3843,0.83
-1.3626,0.833
-1.3598,0.836
-1.3711,0.821
-1.3785,0.848
-1.38,0.871
-1.3722,0.882
-1.3486,0.868
-1.3452,0.847
-1.3704,0.826
-1.389,0.825
-1.385,0.819
-1.3695,0.819
-1.2993,0.846
-1.3575,0.876
-1.3962,0.912
-1.4026,0.937
-1.3815,0.928
-1.3742,0.911
-1.3626,0.903
-1.3822,0.893
-1.3813,0.876
-1.3752,0.861
-1.3692,0.879
-1.3702,0.885
-1.3655,0.898
-1.3755,0.875
-1.3766,0.898
-1.381,0.884
-1.3757,0.849
-1.3628,0.817
-1.361,0.8
-1.368,0.84
-1.3901,0.884
-1.3722,0.901
-1.3759,0.815
-1.3841,0.806
-1.356,0.798
-1.3709,0.79
-1.3788,0.795
-1.373,0.785
-1.378,0.772
-1.3754,0.738
-1.3731,0.709
-1.3869,0.698
-1.3831,0.736
-1.3778,0.745
-1.3814,0.779
-1.3886,0.812
-1.3907,0.825
-1.374,0.824
-1.3536,0.816
-1.3437,0.815
-1.3802,0.831
-1.4069,0.818
-1.3901,0.799
-1.3689,0.787
-1.3536,0.78
-1.3699,0.799
-1.3885,0.809
-1.3852,0.833
-1.3758,0.84
-1.3546,0.838
-1.3551,0.85
-1.3748,0.853
-1.3803,0.859
-1.3707,0.839
-1.3538,0.832
-1.3606,0.83
-1.3757,0.833
-1.3845,0.833
-1.3758,0.825
-1.3661,0.825
-1.3503,0.834
-1.3698,0.835
-1.377,0.836
-1.3681,0.828
-1.36,0.824
-1.3867,0.832
-1.3774,0.841
-1.3656,0.827
-1.3576,0.817
-1.3737,0.822
-1.3861,0.823
-1.3898,0.807
-1.3683,0.794
-1.3604,0.807
-1.3779,0.818
-1.3863,0.847
-1.3791,0.848
-1.3658,0.837
-1.3658,0.829
-1.3726,0.839
-1.3795,0.833
-1.372,0.817
-1.3665,0.831
-1.3951,0.83
-1.4076,0.84
-1.4071,0.821
-1.3716,0.823
-1.3514,0.83
-1.3625,0.834
-1.3649,0.832
-1.3673,0.836
-1.3672,0.853
-1.3687,0.867
-1.3747,0.862
-1.3659,0.878
-1.361,0.89
-1.3732,0.883
-1.3838,0.855
-1.369,0.834
-1.3683,0.811
-1.376,0.782
-1.3773,0.773
-1.3797,0.743
-1.3901,0.79
-1.3862,0.857
-1.3643,0.889
-1.3703,0.867
-1.3802,0.899
-1.3787,0.896
-1.3702,0.871
-1.3575,0.842
-1.3682,0.835
-1.3845,0.839
-1.3669,0.83
-1.3556,0.812
-1.3532,0.808
-1.3664,0.825
-1.3792,0.838
-1.3846,0.854
-1.3712,0.842
-1.3525,0.833
-1.3507,0.836
-1.3656,0.844
-1.3778,0.845
-1.3726,0.843
-1.3602,0.831
-1.3731,0.848
-1.3909,0.844
-1.3911,0.844
-1.3658,0.85
-1.3628,0.845
-1.3825,0.86
-1.3786,0.856
-1.364,0.847
-1.3606,0.84
-1.3695,0.846
-1.3772,0.844
-1.3712,0.847
-1.3642,0.839
-1.3599,0.835
-1.3699,0.839
-1.3745,0.832
-1.3761,0.848
-1.3671,0.852
-1.3675,0.843
-1.3627,0.847
-1.3775,0.854
-1.3859,0.878
-1.388,0.882
-1.3754,0.909
-1.3734,0.918
-1.3756,0.919
-1.3814,0.903
-1.3779,0.903
-1.3734,0.888
-1.3651,0.854
-1.3539,0.866
-1.3694,0.879
-1.3756,0.91
-1.3857,0.91
-1.3697,0.929
-1.3662,0.925
-1.3706,0.931
-1.3822,0.894
-1.3726,0.887
-1.3618,0.894
-1.2645,0.888
-1.3043,0.879
-1.3542,0.875
-1.3755,0.871
-1.3771,0.866
-1.376,0.837
-1.3615,0.82
-1.3626,0.805
-1.35,0.865
-1.3761,0.902
-1.3901,0.9
-1.3939,0.841
-1.3671,0.863
-1.3539,0.852
-1.3752,0.828
-1.3903,0.845
-1.3935,0.853
-1.382,0.858
-1.3743,0.842
-1.3616,0.827
-1.3596,0.821
-1.3703,0.831
-1.3865,0.84
-1.3709,0.854
-1.3603,0.826
-1.3444,0.821
-1.3479,0.823
-1.3759,0.832
-1.3891,0.838
-1.3771,0.826
-1.3655,0.824
-1.3465,0.817
-1.3596,0.837
-1.3752,0.85
-1.3625,0.857
-1.3751,0.847
-1.3579,0.84
-1.3514,0.847
-1.3588,0.85
-1.3666,0.842
-1.3685,0.835
-1.3648,0.824
-1.3517,0.814
-1.3665,0.798
-1.3808,0.791
-1.3753,0.779
-1.3652,0.787
-1.3651,0.795
-1.3606,0.8
-1.3604,0.809
-1.3718,0.81
-1.3711,0.801
-1.3629,0.806
-1.3625,0.83
-1.3771,0.847
-1.3591,0.848
-1.3494,0.835
-1.349,0.807
-1.3647,0.809
-1.3867,0.812
-1.3831,0.825
-1.3641,0.835
-1.3741,0.842
-1.3793,0.842
-1.359,0.847
-1.3589,0.862
-1.3753,0.863
-1.3752,0.87
-1.3747,0.846
-1.3614,0.832
-1.3645,0.814
-1.383,0.79
-1.3829,0.79
-1.3831,0.834
-1.3755,0.868
-1.3637,0.943
-1.3576,0.983
-1.3897,0.967
-1.3537,0.946
-1.3416,0.952
-1.3454,0.944
-1.3627,0.922
-1.3795,0.89
-1.3882,0.862
-1.3781,0.857
-1.3774,0.847
-1.3716,0.86
-1.3792,0.852
-1.3888,0.862
-1.3817,0.896
-1.3786,0.896
-1.3685,0.869
-1.3573,0.854
-1.3485,0.904
-1.3618,0.912
-1.3797,0.871
-1.3731,0.875
-1.3605,0.821
-1.3623,0.74
-1.3525,0.731
-1.3579,0.77
-1.3765,0.836
-1.3546,0.876
-1.3794,0.912
-1.3742,0.869
-1.3622,0.861
-1.3621,0.855
-1.3671,0.868
-1.3731,0.869
-1.3776,0.785
-1.3587,0.696
-1.381,0.708
-1.3705,0.752
-1.3629,0.774
-1.3752,0.822
-1.3897,0.854
-1.3853,0.857
-1.3641,0.791
-1.3646,0.773
-1.3583,0.81
-1.37,0.836
-1.3846,0.828
-1.3695,0.805
-1.3562,0.775
-1.351,0.766
-1.3672,0.779
-1.3778,0.795
-1.375,0.805
-1.3659,0.756
-1.3566,0.755
-1.3562,0.74
-1.377,0.742
-1.3805,0.743
-1.373,0.733
-1.3673,0.72
-1.3582,0.693
-1.3619,0.692
-1.3787,0.697
-1.3802,0.693
-1.3694,0.681
-1.3631,0.673
-1.354,0.666
-1.3654,0.667
-1.3799,0.683
-1.3671,0.676
-1.3634,0.686
-1.3544,0.693
-1.3534,0.69
-1.3709,0.725
-1.3743,0.747
-1.3687,0.74
-1.3679,0.723
-1.3631,0.716
-1.3858,0.719
-1.4261,0.734
-1.4049,0.741
-1.3814,0.746
-1.3561,0.732
-1.3338,0.736
-1.3525,0.731
-1.3792,0.742
-1.3796,0.764
-1.3655,0.752
-1.3764,0.752
-1.3723,0.745
-1.3848,0.758
-1.3704,0.761
-1.3592,0.757
-1.3493,0.759
-1.3668,0.753
-1.3794,0.759
-1.3694,0.753
-1.3548,0.742
-1.3372,0.744
-1.348,0.758
-1.373,0.776
-1.3832,0.778
-1.3765,0.767
-1.3631,0.754
-1.3461,0.764
-1.3637,0.775
-1.3717,0.778
-1.3594,0.769
-1.343,0.752
-1.3499,0.765
-1.3669,0.777
-1.3729,0.775
-1.3823,0.777
-1.3562,0.788
-1.3658,0.811
-1.372,0.827
-1.3642,0.834
-1.3705,0.81
-1.3722,0.779
-1.3548,0.772
-1.3538,0.783
-1.3784,0.786
-1.3811,0.801
-1.3844,0.788
-1.379,0.773
-1.3637,0.786
-1.367,0.799
-1.3804,0.801
-1.3727,0.794
-1.3685,0.763
-1.3673,0.754
-1.3663,0.754
-1.3728,0.757
-1.3749,0.751
-1.3802,0.753
-1.3853,0.774
-1.373,0.763
-1.3651,0.788
-1.3612,0.797
-1.3659,0.788
-1.388,0.775
-1.3704,0.771
-1.364,0.788
-1.3749,0.787
-1.3778,0.781
-1.3659,0.776
-1.3628,0.791
-1.3752,0.829
-1.3825,0.823
-1.3808,0.825
-1.3716,0.825
-1.3634,0.842
-1.3654,0.863
-1.3649,0.889
-1.3698,0.845
-1.3687,0.811
-1.3618,0.78
-1.3554,0.778
-1.3601,0.81
-1.3679,0.862
-1.375,0.853
-1.364,0.866
-1.3546,0.856
-1.3738,0.867
-1.3917,0.865
-1.3682,0.855
-1.3895,0.839
-1.404,0.839
-1.3723,0.868
-1.3757,0.86
-1.3759,0.859
-1.3788,0.855
-1.3595,0.862
-1.356,0.879
-1.3645,0.89
-1.3595,0.882
-1.3669,0.861
-1.3587,0.85
-1.3715,0.835
-1.3682,0.799
-1.3687,0.774
-1.3672,0.803
-1.3581,0.838
-1.3657,0.909
-1.3836,0.915
-1.3735,0.908
-1.381,0.878
-1.3454,0.861
-1.3482,0.87
-1.3648,0.869
-1.3804,0.873
-1.3772,0.836
-1.3583,0.831
-1.3535,0.829
-1.3634,0.836
-1.3818,0.826
-1.3505,0.775
-1.3588,0.771
-1.3712,0.789
-1.3575,0.794
-1.346,0.819
-1.3491,0.827
-1.3531,0.867
-1.3721,0.886
-1.3718,0.88
-1.3628,0.863
-1.3466,0.842
-1.3465,0.835
-1.3674,0.814
-1.3712,0.808
-1.3628,0.794
-1.3559,0.798
-1.3497,0.821
-1.3803,0.842
-1.383,0.852
-1.3698,0.835
-1.3436,0.826
-1.3474,0.819
-1.3677,0.822
-1.3785,0.818
-1.3747,0.786
-1.363,0.779
-1.352,0.777
-1.3573,0.8
-1.3712,0.805
-1.3629,0.795
-1.3587,0.804
-1.3608,0.795
-1.3803,0.806
-1.3857,0.811
-1.3601,0.79
-1.3563,0.797
-1.3605,0.783
-1.383,0.789
-1.399,0.787
-1.3845,0.776
-1.3633,0.777
-1.3481,0.793
-1.3743,0.792
-1.3747,0.782
-1.3642,0.776
-1.3709,0.778
-1.3842,0.795
-1.3763,0.799
-1.3612,0.779
-1.358,0.785
-1.3371,0.775
-1.3604,0.796
-1.3789,0.8
-1.3691,0.806
-1.3568,0.811
-1.3399,0.812
-1.3777,0.803
-1.3856,0.816
-1.3762,0.792
-1.3538,0.783
-1.3539,0.799
-1.371,0.814
-1.369,0.795
-1.361,0.792
-1.3644,0.789
-1.3756,0.797
-1.3767,0.796
-1.371,0.796
-1.3522,0.789
-1.3465,0.799
-1.3745,0.799
-1.3885,0.809
-1.3726,0.793
-1.3619,0.788
-1.3582,0.808
-1.3547,0.838
-1.3473,0.836
-1.3504,0.813
-1.3569,0.779
-1.3627,0.798
-1.3707,0.796
-1.3726,0.804
-1.3659,0.809
-1.3611,0.83
-1.3748,0.849
-1.3795,0.818
-1.3684,0.799
-1.3535,0.775
-1.3563,0.783
-1.3798,0.779
-1.3767,0.788
-1.3493,0.793
-1.3464,0.793
-1.3593,0.796
-1.3612,0.787
-1.3668,0.768
-1.3569,0.774
-1.3644,0.797
-1.3642,0.811
-1.355,0.803
-1.3555,0.799
-1.3505,0.779
-1.3651,0.785
-1.3796,0.789
-1.378,0.816
-1.3565,0.794
-1.3497,0.794
-1.3592,0.802
-1.3674,0.816
-1.3683,0.827
-1.3683,0.828
-1.3528,0.83
-1.3411,0.843
-1.3564,0.854
-1.3632,0.87
-1.3674,0.822
-1.3493,0.779
-1.3671,0.787
-1.3762,0.807
-1.3568,0.82
-1.3499,0.823
-1.3517,0.843
-1.3654,0.848
-1.3746,0.843
-1.3572,0.824
-1.35,0.813
-1.3594,0.799
-1.3706,0.813
-1.3748,0.822
-1.3781,0.821
-1.3541,0.833
-1.3499,0.851
-1.3623,0.848
-1.3705,0.848
-1.3652,0.837
-1.3523,0.832
-1.3556,0.826
-1.3675,0.826
-1.3621,0.816
-1.3618,0.799
-1.3574,0.807
-1.3827,0.813
-1.3746,0.812
-1.346,0.814
-1.3502,0.825
-1.3674,0.851
-1.3659,0.836
-1.3651,0.802
-1.3576,0.792
-1.354,0.785
-1.3601,0.801
-1.3578,0.816
-1.3714,0.806
-1.3776,0.8
-1.3593,0.821
-1.3592,0.848
-1.3622,0.84
-1.3624,0.799
-1.3651,0.789
-1.3573,0.795
-1.377,0.814
-1.3699,0.827
-1.3586,0.817
-1.3602,0.799
-1.3708,0.817
-1.391,0.813
-1.3707,0.816
-1.3702,0.792
-1.3598,0.793
-1.3573,0.769
-1.3585,0.791
-1.3793,0.82
-1.3668,0.837
-1.3485,0.834
-1.3508,0.83
-1.3572,0.847
-1.3733,0.848
-1.3728,0.811
-1.3747,0.739
-1.3754,0.708
-1.3575,0.736
-1.3658,0.748
-1.3585,0.773
-1.3554,0.782
-1.3739,0.798
-1.3747,0.798
-1.3695,0.801
-1.3542,0.79
-1.3553,0.773
-1.3615,0.79
-1.3695,0.791
-1.3656,0.798
-1.3547,0.772
-1.351,0.759
-1.347,0.76
-1.3709,0.761
-1.3811,0.767
-1.375,0.775
-1.3574,0.774
-1.3444,0.782
-1.3502,0.791
-1.3666,0.812
-1.377,0.783
-1.3696,0.776
-1.3491,0.75
-1.3542,0.76
-1.3693,0.759
-1.3704,0.759
-1.3707,0.762
-1.3659,0.763
-1.3628,0.777
-1.3718,0.791
-1.3699,0.793
-1.3612,0.791
-1.3555,0.772
-1.3594,0.79
-1.3644,0.803
-1.363,0.826
-1.3628,0.81
-1.3351,0.806
-1.3411,0.818
-1.3676,0.82
-1.3704,0.814
-1.3632,0.789
-1.3489,0.764
-1.34,0.765
-1.3574,0.759
-1.3788,0.719
-1.3765,0.693
-1.3589,0.688
-1.3521,0.725
-1.3619,0.745
-1.3492,0.78
-1.3468,0.788
-1.3657,0.803
-1.3683,0.808
-1.3606,0.774
-1.3498,0.771
-1.3581,0.769
-1.3723,0.764
-1.3563,0.786
-1.3552,0.772
-1.3463,0.793
-1.3565,0.807
-1.3799,0.819
-1.3673,0.798
-1.3592,0.768
-1.3434,0.742
-1.3605,0.754
-1.3818,0.757
-1.3784,0.769
-1.3639,0.777
-1.3623,0.779
-1.3534,0.759
-1.3613,0.776
-1.3679,0.762
-1.3688,0.754
-1.362,0.758
-1.3694,0.759
-1.3777,0.753
-1.3619,0.746
-1.3615,0.732
-1.3657,0.712
-1.3656,0.708
-1.3837,0.727
-1.3805,0.733
-1.3398,0.751
-1.3438,0.753
-1.3568,0.767
-1.3745,0.785
-1.3811,0.788
-1.3688,0.764
-1.3506,0.769
-1.3439,0.748
-1.3454,0.744
-1.3668,0.751
-1.3744,0.749
-1.3692,0.742
-1.3603,0.751
-1.3569,0.752
-1.3738,0.779
-1.3785,0.789
-1.3699,0.791
-1.3715,0.765
-1.371,0.749
-1.3633,0.751
-1.3725,0.75
-1.3611,0.745
-1.3565,0.744
-1.3526,0.745
-1.363,0.756
-1.3813,0.768
-1.375,0.771
-1.363,0.764
-1.3435,0.759
-1.356,0.769
-1.3708,0.798
-1.3804,0.797
-1.3667,0.781
-1.3606,0.775
-1.336,0.756
-1.3318,0.772
-1.3808,0.762
-1.3791,0.768
-1.366,0.776
-1.3595,0.783
-1.3558,0.817
-1.3711,0.825
-1.3602,0.802
-1.3712,0.794
-1.3901,0.767
-1.4018,0.756
-1.3906,0.737
-1.3862,0.732
-1.3777,0.737
-1.3792,0.739
-1.3751,0.76
-1.381,0.809
-1.3799,0.827
-1.3617,0.811
-1.3412,0.796
-1.3409,0.769
-1.3552,0.765
-1.3749,0.769
-1.3671,0.77
-1.3544,0.764
-1.3557,0.76
-1.3589,0.762
-1.4024,0.793
-1.3864,0.723
-1.3617,0.699
-1.3601,0.689
-1.3574,0.715
-1.3662,0.733
-1.3763,0.738
-1.3672,0.774
-1.3651,0.801
-1.3617,0.823
-1.3678,0.827
-1.3756,0.789
-1.3667,0.757
-1.3615,0.772
-1.3656,0.774
-1.363,0.808
-1.3692,0.802
-1.3648,0.786
-1.3489,0.811
-1.3567,0.833
-1.3604,0.833
-1.3715,0.829
-1.37,0.799
-1.3493,0.79
-1.321,0.805
-1.3932,0.796
-1.3781,0.786
-1.3732,0.792
-1.3712,0.809
-1.369,0.822
-1.3538,0.821
-1.3569,0.821
-1.354,0.822
-1.3621,0.82
-1.3712,0.821
-1.3731,0.785
-1.3592,0.792
-1.3618,0.807
-1.3713,0.815
-1.3785,0.821
-1.3703,0.818
-1.3618,0.782
-1.3621,0.808
-1.3773,0.802
-1.3676,0.804
-1.3608,0.805
-1.3665,0.782
-1.3756,0.807
-1.3837,0.802
-1.3771,0.786
-1.3632,0.784
-1.3537,0.795
-1.3663,0.79
-1.3875,0.774
-1.38,0.775
-1.3727,0.767
-1.3612,0.78
-1.3582,0.804
-1.3699,0.812
-1.3729,0.796
-1.3738,0.793
-1.3601,0.794
-1.3626,0.787
-1.3716,0.779
-1.3679,0.769
-1.3601,0.771
-1.3563,0.783
-1.3793,0.792
-1.3903,0.795
-1.3747,0.789
-1.3688,0.786
-1.3698,0.798
-1.3741,0.808
-1.378,0.805
-1.3786,0.81
-1.375,0.814
-1.3664,0.826
-1.3777,0.84
-1.3833,0.823
-1.3702,0.754
-1.3606,0.739
-1.3462,0.724
-1.3498,0.727
-1.3443,0.747
-1.3593,0.773
-1.3781,0.809
-1.374,0.817
-1.3802,0.821
-1.3951,0.814
-1.3756,0.809
-1.3599,0.812
-1.3718,0.795
-1.3719,0.786
-1.3612,0.772
-1.3587,0.759
-1.3612,0.762
-1.3686,0.779
-1.3726,0.776
-1.3676,0.803
-1.3584,0.788
-1.3546,0.798
-1.367,0.799
-1.382,0.806
-1.3701,0.803
-1.356,0.773
-1.3578,0.776
-1.3616,0.78
-1.3772,0.78
-1.3763,0.782
-1.3624,0.795
-1.3449,0.792
-1.3465,0.813
-1.3661,0.831
-1.3801,0.832
-1.3771,0.826
-1.3662,0.797
-1.3592,0.794
-1.3642,0.792
-1.3738,0.794
-1.3822,0.798
-1.3759,0.787
-1.359,0.788
-1.3504,0.809
-1.3658,0.819
-1.3687,0.834
-1.346,0.823
-1.3505,0.826
-1.3582,0.841
-1.364,0.823
-1.3653,0.826
-1.3696,0.779
-1.3613,0.785
-1.3697,0.776
-1.378,0.777
-1.3726,0.771
-1.3632,0.761
-1.344,0.76
-1.3471,0.776
-1.3613,0.789
-1.3747,0.787
-1.3842,0.794
-1.3764,0.798
-1.3821,0.801
-1.3738,0.828
-1.3599,0.818
-1.3652,0.835
-1.3684,0.854
-1.3642,0.854
-1.364,0.835
-1.3404,0.797
-1.344,0.792
-1.3701,0.789
-1.3698,0.791
-1.3594,0.804
-1.3634,0.826
-1.3644,0.866
-1.3595,0.885
-1.3676,0.862
-1.3673,0.84
-1.3574,0.813
-1.3709,0.785
-1.3759,0.786
-1.3776,0.771
-1.3921,0.762
-1.3819,0.742
-1.3792,0.73
-1.3601,0.737
-1.359,0.756
-1.3643,0.773
-1.3753,0.82
-1.3664,0.807
-1.3436,0.779
-1.3527,0.8
-1.3746,0.793
-1.3851,0.773
-1.3668,0.758
-1.3702,0.74
-1.3602,0.739
-1.3488,0.735
-1.375,0.762
-1.3957,0.773
-1.3823,0.793
-1.3781,0.798
-1.3867,0.792
-1.3828,0.809
-1.3875,0.824
-1.3829,0.825
-1.389,0.754
-1.3827,0.709
-1.3829,0.7
-1.3747,0.719
-1.3713,0.73
-1.3691,0.744
-1.3861,0.803
-1.3808,0.831
-1.3744,0.818
-1.3761,0.815
-1.3704,0.804
-1.3545,0.799
-1.3779,0.802
-1.374,0.784
-1.375,0.775
-1.3775,0.784
-1.3592,0.817
-1.3676,0.846
-1.3664,0.843
-1.3633,0.813
-1.3653,0.791
-1.3673,0.793
-1.3728,0.793
-1.3816,0.786
-1.3803,0.752
-1.3666,0.733
-1.3568,0.68
-1.3512,0.68
-1.3612,0.699
-1.3703,0.73
-1.3753,0.781
-1.3662,0.793
-1.3665,0.797
-1.3797,0.817
-1.3737,0.849
-1.3701,0.804
-1.3679,0.8
-1.3579,0.787
-1.3554,0.803
-1.3676,0.789
-1.3663,0.784
-1.3648,0.791
-1.3621,0.751
-1.3741,0.765
-1.3845,0.785
-1.378,0.794
-1.3753,0.784
-1.3711,0.787
-1.3742,0.775
-1.3805,0.825
-1.3845,0.834
-1.3855,0.814
-1.3695,0.805
-1.3655,0.777
-1.3748,0.813
-1.3829,0.839
-1.3659,0.876
-1.3685,0.838
-1.378,0.804
-1.3742,0.797
-1.3701,0.836
-1.3803,0.819
-1.3712,0.816
-1.3621,0.828
-1.3567,0.825
-1.3602,0.842
-1.362,0.846
-1.3788,0.856
-1.377,0.845
-1.3743,0.822
-1.3725,0.794
-1.3734,0.767
-1.3616,0.776
-1.3656,0.783
-1.3662,0.789
-1.3518,0.798
-1.3616,0.847
-1.3595,0.841
-1.3643,0.826
-1.3545,0.816
-1.3567,0.807
-1.3651,0.819
-1.3696,0.806
-1.3649,0.793
-1.361,0.772
-1.3694,0.774
-1.3725,0.786
-1.3726,0.784
-1.3643,0.786
-1.3657,0.776
-1.3584,0.781
-1.3761,0.803
-1.3769,0.792
-1.3617,0.726
-1.3658,0.717
-1.3674,0.733
-1.3619,0.764
-1.3583,0.791
-1.3618,0.835
-1.3787,0.845
-1.3741,0.842
-1.3702,0.799
-1.3591,0.762
-1.3462,0.756
-1.3775,0.776
-1.383,0.8
-1.3723,0.806
-1.3679,0.802
-1.3588,0.796
-1.3515,0.837
-1.3649,0.867
-1.3707,0.856
-1.3707,0.813
-1.3638,0.771
-1.3538,0.772
-1.3609,0.773
-1.3676,0.8
-1.3774,0.824
-1.3678,0.804
-1.3645,0.824
-1.3715,0.84
-1.3762,0.87
-1.3754,0.847
-1.3679,0.82
-1.3584,0.786
-1.3491,0.77
-1.3666,0.757
-1.3658,0.763
-1.3633,0.785
-1.3559,0.795
-1.3492,0.808
-1.3727,0.848
-1.3635,0.851
-1.3652,0.833
-1.3574,0.815
-1.357,0.785
-1.3545,0.781
-1.3543,0.79
-1.3623,0.8
-1.3587,0.78
-1.3602,0.798
-1.3787,0.812
-1.3735,0.827
-1.3677,0.809
-1.3601,0.801
-1.3494,0.806
-1.3672,0.814
-1.3561,0.82
-1.3503,0.796
-1.3416,0.798
-1.3448,0.814
-1.3624,0.794
-1.3626,0.807
-1.3671,0.806
-1.3618,0.792
-1.364,0.8
-1.3739,0.797
-1.37,0.797
-1.3669,0.791
-1.36,0.782
-1.3584,0.8
-1.3693,0.803
-1.3672,0.802
-1.3592,0.791
-1.3523,0.773
-1.3451,0.77
-1.3819,0.787
-1.3793,0.8
-1.3664,0.79
-1.3654,0.801
-1.3554,0.796
-1.3757,0.815
-1.3627,0.812
-1.3515,0.801
-1.3527,0.781
-1.3572,0.769
-1.373,0.779
-1.3711,0.779
-1.3562,0.764
-1.3528,0.709
-1.3508,0.693
-1.3595,0.729
-1.3667,0.776
-1.3651,0.767
-1.3592,0.793
-1.3639,0.817
-1.3695,0.817
-1.3778,0.792
-1.3711,0.751
-1.3536,0.751
-1.359,0.727
-1.3691,0.72
-1.3617,0.738
-1.3591,0.761
-1.3584,0.77
-1.3557,0.821
-1.3577,0.832
-1.3593,0.831
-1.3598,0.808
-1.3594,0.799
-1.3546,0.796
-1.3651,0.787
-1.3625,0.781
-1.3664,0.772
-1.3576,0.762
-1.3452,0.762
-1.365,0.764
-1.3669,0.759
-1.3597,0.762
-1.3556,0.764
-1.3578,0.783
-1.3695,0.79
-1.3712,0.78
-1.3646,0.759
-1.3555,0.737
-1.3529,0.717
-1.3618,0.727
-1.3605,0.741
-1.3521,0.741
-1.3599,0.754
-1.3651,0.781
-1.3675,0.805
-1.3675,0.824
-1.3622,0.798
-1.3697,0.78
-1.3767,0.779
-1.3885,0.783
-1.3673,0.782
-1.341,0.775
-1.3461,0.777
-1.3568,0.777
-1.3563,0.782
-1.3664,0.787
-1.3672,0.766
-1.3618,0.767
-1.3585,0.761
-1.3538,0.777
-1.3543,0.796
-1.3459,0.782
-1.3572,0.78
-1.3726,0.765
-1.3702,0.772
-1.3726,0.793
-1.3767,0.79
-1.3731,0.798
-1.3659,0.775
-1.3652,0.783
-1.3628,0.78
-1.3502,0.787
-1.3622,0.764
-1.3641,0.763
-1.3654,0.787
-1.3827,0.803
-1.3795,0.819
-1.4141,0.811
-1.3658,0.787
-1.3596,0.784
-1.3573,0.782
-1.371,0.781
-1.3812,0.793
-1.3574,0.799
-1.3432,0.784
-1.3489,0.798
-1.3742,0.85
-1.373,0.827
-1.3649,0.825
-1.348,0.778
-1.3575,0.763
-1.3666,0.754
-1.3526,0.745
-1.3575,0.743
-1.3655,0.732
-1.3767,0.734
-1.373,0.766
-1.3767,0.792
-1.3647,0.809
-1.3608,0.79
-1.3569,0.766
-1.3695,0.779
-1.375,0.798
-1.364,0.808
-1.3809,0.788
-1.3715,0.78
-1.3718,0.77
-1.3757,0.781
-1.3743,0.796
-1.3695,0.798
-1.3653,0.783
-1.3609,0.769
-1.3578,0.777
-1.3677,0.794
-1.3697,0.801
-1.3658,0.792
-1.3662,0.783
-1.3653,0.794
-1.3685,0.796
-1.3549,0.813
-1.3715,0.78
-1.3769,0.773
-1.376,0.785
-1.3773,0.81
-1.3732,0.81
-1.3622,0.786
-1.354,0.782
-1.363,0.799
-1.3736,0.806
-1.3671,0.777
-1.3708,0.754
-1.3592,0.738
-1.358,0.747
-1.3741,0.868
-1.3734,0.81
-1.3747,0.875
-1.3795,0.871
-1.3529,0.835
-1.3604,0.822
-1.3691,0.818
-1.3679,0.777
-1.3644,0.748
-1.3658,0.747
-1.3604,0.737
-1.3513,0.733
-1.3631,0.713
-1.3545,0.728
-1.3585,0.755
-1.3665,0.77
-1.3553,0.762
-1.3499,0.764
-1.3535,0.74
-1.3607,0.73
-1.3665,0.753
-1.3739,0.744
-1.366,0.755
-1.3583,0.745
-1.3627,0.742
-1.3641,0.722
-1.3686,0.735
-1.3798,0.748
-1.3745,0.741
-1.36,0.728
-1.3521,0.722
-1.3452,0.73
-1.3733,0.744
-1.3829,0.757
-1.3718,0.743
-1.3688,0.747
-1.3699,0.705
-1.3547,0.725
-1.3676,0.735
-1.3689,0.693
-1.359,0.665
-1.3698,0.65
-1.3597,0.688
-1.3509,0.695
-1.3582,0.697
-1.346,0.712
-1.3639,0.732
-1.3799,0.735
-1.3647,0.711
-1.382,0.693
-1.3719,0.685
-1.3634,0.679
-1.3768,0.707
-1.3697,0.721
-1.3548,0.735
-1.3614,0.743
-1.3678,0.753
-1.3693,0.781
-1.3768,0.792
-1.3637,0.774
-1.353,0.739
-1.3561,0.718
-1.3566,0.725
-1.3748,0.713
-1.3856,0.731
-1.3772,0.732
-1.3518,0.734
-1.341,0.747
-1.3668,0.788
-1.366,0.796
-1.3671,0.78
-1.3649,0.757
-1.3495,0.739
-1.3519,0.763
-1.3582,0.755
-1.3608,0.772
-1.357,0.762
-1.358,0.771
-1.3651,0.783
-1.3721,0.815
-1.3702,0.814
-1.37,0.81
-1.3575,0.796
-1.3606,0.762
-1.3761,0.758
-1.3787,0.73
-1.361,0.732
-1.3469,0.735
-1.3421,0.742
-1.3586,0.769
-1.3798,0.814
-1.3887,0.836
-1.3572,0.803
-1.3577,0.762
-1.366,0.764
-1.3706,0.75
-1.3758,0.733
-1.3767,0.739
-1.3505,0.749
-1.3559,0.752
-1.3766,0.792
-1.3774,0.824
-1.348,0.809
-1.3435,0.792
-1.3527,0.789
-1.358,0.778
-1.3613,0.763
-1.3522,0.751
-1.355,0.766
-1.3652,0.777
-1.3705,0.802
-1.373,0.791
-1.3624,0.832
-1.3636,0.842
-1.3618,0.844
-1.3545,0.823
-1.3425,0.799
-1.3609,0.791
-1.3708,0.772
-1.3675,0.758
-1.3741,0.754
-1.3713,0.762
-1.3641,0.788
-1.3678,0.829
-1.3844,0.865
-1.3393,0.878
-1.3515,0.864
-1.3544,0.82
-1.3602,0.822
-1.3647,0.807
-1.3629,0.816
-1.3592,0.78
-1.3674,0.801
-1.3496,0.785
-1.3604,0.8
-1.3653,0.82
-1.3725,0.812
-1.3712,0.837
-1.3588,0.838
-1.3686,0.856
-1.3648,0.872
-1.3594,0.862
-1.3597,0.829
-1.3479,0.842
-1.3626,0.811
-1.3622,0.813
-1.364,0.769
-1.358,0.778
-1.3513,0.78
-1.3587,0.806
-1.3648,0.85
-1.3759,0.88
-1.3679,0.87
-1.3438,0.852
-1.3371,0.833
-1.3582,0.825
-1.3766,0.836
-1.3753,0.817
-1.3598,0.809
-1.356,0.792
-1.3533,0.766
-1.3596,0.781
-1.3628,0.763
-1.376,0.782
-1.3671,0.792
-1.3591,0.801
-1.3455,0.785
-1.3473,0.777
-1.356,0.803
-1.3741,0.801
-1.3779,0.799
-1.3747,0.79
-1.3597,0.773
-1.3541,0.764
-1.3628,0.778
-1.3649,0.781
-1.3751,0.793
-1.3672,0.795
-1.3546,0.802
-1.3498,0.739
-1.3563,0.722
-1.3459,0.732
-1.3618,0.739
-1.3669,0.765
-1.3447,0.808
-1.3615,0.843
-1.3667,0.857
-1.3673,0.84
-1.3515,0.804
-1.3472,0.775
-1.3677,0.776
-1.3827,0.757
-1.3744,0.746
-1.3705,0.715
-1.37,0.723
-1.3602,0.725
-1.3659,0.754
-1.3667,0.812
-1.3629,0.856
-1.3637,0.868
-1.3541,0.852
-1.361,0.852
-1.3604,0.827
-1.3535,0.819
-1.3569,0.779
-1.3772,0.781
-1.3655,0.813
-1.3708,0.823
-1.3582,0.836
-1.361,0.839
-1.3626,0.841
-1.3683,0.854
-1.3736,0.837
-1.3672,0.822
-1.3513,0.811
-1.3585,0.782
-1.3704,0.791
-1.3721,0.818
-1.3703,0.825
-1.3678,0.864
-1.3711,0.875
-1.3606,0.843
-1.3581,0.858
-1.3606,0.849
-1.3724,0.847
-1.3666,0.834
-1.3589,0.812
-1.3588,0.821
-1.3596,0.832
-1.3578,0.849
-1.3572,0.847
-1.3602,0.844
-1.3567,0.838
-1.3611,0.845
-1.3644,0.818
-1.3791,0.802
-1.38,0.749
-1.3729,0.751
-1.361,0.76
-1.3585,0.77
-1.356,0.76
-1.3607,0.814
-1.379,0.789
-1.3777,0.8
-1.3664,0.78
-1.3678,0.762
-1.3602,0.763
-1.3682,0.768
-1.3662,0.785
-1.3764,0.8
-1.3796,0.809
-1.3652,0.802
-1.3605,0.807
-1.3704,0.816
-1.3734,0.805
-1.369,0.801
-1.3686,0.78
-1.3559,0.767
-1.3537,0.754
-1.3693,0.789
-1.3797,0.808
-1.3744,0.837
-1.3704,0.833
-1.3717,0.851
-1.3809,0.86
-1.3791,0.865
-1.3687,0.842
-1.3572,0.819
-1.3499,0.802
-1.3536,0.786
-1.3747,0.795
-1.3903,0.774
-1.3766,0.763
-1.3581,0.77
-1.3641,0.759
-1.3821,0.789
-1.3733,0.814
-1.365,0.831
-1.3696,0.833
-1.3713,0.823
-1.3568,0.846
-1.3628,0.811
-1.3811,0.816
-1.3802,0.786
-1.3612,0.793
-1.3671,0.82
-1.3713,0.826
-1.3745,0.856
-1.3689,0.838
-1.3814,0.817
-1.3773,0.781
-1.3638,0.792
-1.3566,0.812
-1.3585,0.865
-1.3743,0.858
-1.3754,0.86
-1.3598,0.858
-1.3734,0.828
-1.3761,0.785
-1.363,0.773
-1.371,0.764
-1.371,0.789
-1.3833,0.822
-1.3636,0.846
-1.3538,0.836
-1.3497,0.8
-1.3516,0.778
-1.3569,0.77
-1.3758,0.774
-1.3848,0.756
-1.3859,0.736
-1.3901,0.746
-1.3767,0.74
-1.3547,0.772
-1.376,0.778
-1.3828,0.798
-1.3801,0.794
-1.3676,0.78
-1.351,0.766
-1.3623,0.777
-1.376,0.78
-1.3773,0.78
-1.3734,0.776
-1.3669,0.767
-1.359,0.76
-1.3423,0.767
-1.355,0.773
-1.3624,0.776
-1.3691,0.77
-1.3728,0.765
-1.3597,0.769
-1.3636,0.785
-1.3742,0.79
-1.381,0.791
-1.3766,0.787
-1.3713,0.759
-1.3967,0.752
-1.3856,0.775
-1.3716,0.798
-1.3707,0.781
-1.3672,0.789
-1.3684,0.771
-1.3662,0.781
-1.37,0.801
-1.3734,0.759
-1.3726,0.709
-1.3699,0.678
-1.3758,0.68
-1.3626,0.693
-1.3704,0.701
-1.3768,0.727
-1.3671,0.796
-1.3748,0.812
-1.3712,0.798
-1.3672,0.796
-1.3696,0.739
-1.3676,0.744
-1.3812,0.752
-1.3902,0.725
-1.3766,0.757
-1.3516,0.738
-1.3498,0.723
-1.3611,0.724
-1.359,0.761
-1.367,0.767
-1.3717,0.788
-1.3703,0.804
-1.3703,0.776
-1.3714,0.795
-1.3782,0.798
-1.3652,0.794
-1.3565,0.771
-1.3633,0.743
-1.3614,0.737
-1.3767,0.739
-1.3905,0.739
-1.3846,0.75
-1.3644,0.773
-1.3634,0.752
-1.3609,0.76
-1.3581,0.777
-1.3679,0.786
-1.3771,0.79
-1.3673,0.792
-1.3647,0.786
-1.3633,0.776
-1.3579,0.778
-1.3588,0.755
-1.3615,0.755
-1.3624,0.746
-1.3619,0.759
-1.3674,0.776
-1.3664,0.786
-1.3518,0.765
-1.3528,0.776
-1.3554,0.759
-1.3589,0.788
-1.3728,0.781
-1.3725,0.781
-1.3672,0.76
-1.3574,0.761
-1.3643,0.746
-1.351,0.764
-1.349,0.767
-1.3641,0.788
-1.3695,0.805
-1.3652,0.803
-1.3658,0.813
-1.3712,0.801
-1.3673,0.785
-1.3576,0.746
-1.3622,0.731
-1.3608,0.719
-1.3611,0.738
-1.3718,0.769
-1.3718,0.808
-1.3613,0.813
-1.3652,0.815
-1.375,0.818
-1.3878,0.847
-1.3742,0.813
-1.3799,0.812
-1.381,0.766
-1.3566,0.745
-1.3537,0.736
-1.3752,0.751
-1.3848,0.791
-1.3815,0.816
-1.3827,0.797
-1.3521,0.804
-1.3354,0.799
-1.3525,0.824
-1.3802,0.809
-1.3925,0.815
-1.3756,0.788
-1.3647,0.781
-1.3642,0.763
-1.3637,0.757
-1.3906,0.701
-1.3713,0.728
-1.3864,0.754
-1.3666,0.821
-1.3614,0.876
-1.3614,0.875
-1.3531,0.88
-1.3511,0.87
-1.3533,0.842
-1.3749,0.833
-1.3779,0.814
-1.3715,0.794
-1.3733,0.761
-1.3664,0.748
-1.362,0.757
-1.3579,0.765
-1.3665,0.773
-1.3621,0.753
-1.3797,0.705
-1.3741,0.723
-1.3613,0.722
-1.3519,0.729
-1.3396,0.722
-1.3454,0.725
-1.3601,0.745
-1.3803,0.757
-1.3972,0.769
-1.3937,0.759
-1.3731,0.734
-1.3486,0.732
-1.362,0.751
-1.3818,0.776
-1.3667,0.78
-1.3589,0.789
-1.3531,0.786
-1.3568,0.788
-1.3763,0.81
-1.3852,0.819
-1.3774,0.824
-1.3537,0.799
-1.3632,0.801
-1.3721,0.82
-1.3739,0.821
-1.3733,0.793
-1.36,0.797
-1.3573,0.798
-1.3618,0.807
-1.3654,0.806
-1.3621,0.815
-1.3681,0.811
-1.3432,0.823
-1.3504,0.819
-1.3656,0.841
-1.3771,0.838
-1.3735,0.839
-1.365,0.801
-1.3476,0.791
-1.3572,0.782
-1.3638,0.778
-1.3703,0.783
-1.3706,0.8
-1.3742,0.793
-1.368,0.817
-1.3642,0.812
-1.3586,0.826
-1.3572,0.822
-1.3721,0.816
-1.3644,0.787
-1.3537,0.774
-1.3584,0.741
-1.3646,0.749
-1.3677,0.75
-1.3718,0.76
-1.3727,0.774
-1.3625,0.781
-1.3589,0.798
-1.3829,0.805
-1.3913,0.805
-1.3721,0.783
-1.3479,0.777
-1.3417,0.772
-1.3516,0.759
-1.3643,0.757
-1.371,0.74
-1.3665,0.712
-1.3516,0.709
-1.3543,0.705
-1.3626,0.728
-1.3602,0.787
-1.3719,0.8
-1.3932,0.819
-1.35,0.814
-1.349,0.79
-1.3492,0.791
-1.3557,0.786
-1.369,0.766
-1.3711,0.74
-1.3718,0.705
-1.3769,0.702
-1.3722,0.717
-1.37,0.739
-1.356,0.779
-1.3472,0.804
-1.3434,0.811
-1.3541,0.821
-1.3573,0.828
-1.3608,0.794
-1.3636,0.775
-1.3676,0.735
-1.3713,0.736
-1.3716,0.714
-1.368,0.725
-1.373,0.738
-1.3565,0.764
-1.3588,0.776
-1.3634,0.818
-1.3844,0.827
-1.3772,0.823
-1.3803,0.782
-1.3651,0.775
-1.345,0.761
-1.3522,0.754
-1.3599,0.763
-1.3715,0.769
-1.3697,0.757
-1.374,0.776
-1.3762,0.817
-1.3448,0.82
-1.3367,0.836
-1.3567,0.813
-1.3603,0.794
-1.3565,0.8
-1.3636,0.776
-1.3522,0.755
-1.3269,0.759
-1.3429,0.732
-1.3552,0.733
-1.3642,0.755
-1.3891,0.756
-1.3767,0.767
-1.3597,0.758
-1.3632,0.793
-1.3743,0.821
-1.3815,0.835
-1.3759,0.805
-1.3624,0.753
-1.3531,0.724
-1.3417,0.738
-1.3643,0.736
-1.3751,0.777
-1.3907,0.837
-1.3813,0.81
-1.3408,0.806
-1.3537,0.796
-1.356,0.816
-1.3748,0.82
-1.3778,0.82
-1.3713,0.81
-1.352,0.764
-1.3514,0.767
-1.353,0.724
-1.354,0.743
-1.3706,0.753
-1.3791,0.768
-1.372,0.76
-1.3547,0.762
-1.3528,0.746
-1.3469,0.781
-1.3532,0.791
-1.3702,0.749
-1.3645,0.693
-1.3741,0.669
-1.3776,0.67
-1.3608,0.674
-1.3653,0.679
-1.3534,0.708
-1.3737,0.728
-1.3893,0.747
-1.3787,0.759
-1.3782,0.745
-1.3669,0.724
-1.3478,0.724
-1.3492,0.736
-1.3664,0.741
-1.3747,0.771
-1.3775,0.771
-1.3731,0.76
-1.3616,0.757
-1.3443,0.79
-1.3581,0.787
-1.3636,0.772
-1.3543,0.766
-1.3574,0.728
-1.3625,0.734
-1.3574,0.757
-1.3707,0.749
-1.3751,0.782
-1.3637,0.762
-1.3593,0.751
-1.3589,0.76
-1.3753,0.789
-1.377,0.799
-1.3672,0.769
-1.3562,0.773
-1.3455,0.78
-1.3598,0.79
-1.3672,0.791
-1.371,0.771
-1.3629,0.758
-1.3526,0.742
-1.3464,0.75
-1.364,0.733
-1.374,0.747
-1.3591,0.75
-1.3565,0.759
-1.3526,0.763
-1.347,0.789
-1.3581,0.781
-1.3599,0.782
-1.3633,0.761
-1.3528,0.737
-1.3649,0.723
-1.3671,0.715
-1.3576,0.727
-1.3666,0.758
-1.3677,0.775
-1.3492,0.765
-1.3613,0.802
-1.3724,0.827
-1.3651,0.828
-1.3543,0.792
-1.3497,0.766
-1.3566,0.784
-1.3533,0.762
-1.363,0.762
-1.3652,0.729
-1.352,0.709
-1.3517,0.699
-1.3492,0.693
-1.35,0.723
-1.377,0.782
-1.3764,0.836
-1.3669,0.846
-1.362,0.8
-1.3626,0.774
-1.3483,0.758
-1.3526,0.751
-1.3645,0.756
-1.3698,0.73
-1.3568,0.721
-1.3599,0.714
-1.3648,0.734
-1.3518,0.759
-1.3461,0.78
-1.3576,0.809
-1.3631,0.836
-1.3794,0.869
-1.3819,0.88
-1.3754,0.884
-1.3614,0.852
-1.3619,0.811
-1.3646,0.765
-1.3685,0.769
-1.3558,0.773
-1.3648,0.788
-1.3559,0.844
-1.3597,0.888
-1.3574,0.874
-1.366,0.917
-1.3666,0.901
-1.3601,0.856
-1.3565,0.815
-1.3508,0.793
-1.3602,0.762
-1.3622,0.759
-1.3622,0.743
-1.3745,0.757
-1.3719,0.764
-1.3556,0.741
-1.3619,0.764
-1.3654,0.81
-1.3572,0.816
-1.3678,0.799
-1.3711,0.797
-1.3603,0.764
-1.3506,0.752
-1.3646,0.757
-1.3775,0.747
-1.3697,0.695
-1.3658,0.676
-1.3701,0.687
-1.364,0.728
-1.3686,0.752
-1.3558,0.768
-1.3586,0.838
-1.3675,0.84
-1.3668,0.818
-1.3664,0.776
-1.3533,0.741
-1.3596,0.724
-1.3651,0.728
-1.3758,0.721
-1.387,0.724
-1.3628,0.732
-1.3634,0.736
-1.3626,0.773
-1.3574,0.796
-1.3597,0.822
-1.3655,0.807
-1.3656,0.777
-1.3604,0.757
-1.3707,0.751
-1.3749,0.763
-1.3674,0.771
-1.3688,0.781
-1.3609,0.774
-1.3565,0.753
-1.3478,0.767
-1.354,0.789
-1.3569,0.808
-1.3689,0.803
-1.3588,0.784
-1.3533,0.755
-1.3347,0.761
-1.369,0.758
-1.3808,0.752
-1.3692,0.769
-1.3657,0.789
-1.3598,0.796
-1.3577,0.836
-1.3586,0.85
-1.3674,0.855
-1.3682,0.86
-1.3662,0.825
-1.3604,0.779
-1.3686,0.763
-1.3676,0.771
-1.3627,0.78
-1.3651,0.79
-1.3778,0.79
-1.3731,0.784
-1.3495,0.793
-1.3518,0.81
-1.3564,0.818
-1.3637,0.811
-1.3732,0.788
-1.3657,0.78
-1.3445,0.745
-1.3326,0.762
-1.3498,0.762
-1.3643,0.782
-1.365,0.77
-1.3701,0.771
-1.3532,0.777
-1.3438,0.776
-1.3462,0.798
-1.3612,0.816
-1.3735,0.83
-1.3725,0.826
-1.3743,0.795
-1.3672,0.784
-1.3644,0.78
-1.3584,0.76
-1.3675,0.756
-1.3721,0.746
-1.3511,0.775
-1.3414,0.77
-1.3433,0.821
-1.3485,0.843
-1.3492,0.833
-1.3662,0.794
-1.3684,0.782
-1.3666,0.763
-1.3684,0.756
-1.3664,0.759
-1.3683,0.741
-1.3751,0.742
-1.372,0.737
-1.3547,0.718
-1.3513,0.726
-1.3408,0.746
-1.3435,0.754
-1.3694,0.78
-1.3866,0.771
-1.3821,0.761
-1.3721,0.752
-1.3641,0.721
-1.3547,0.723
-1.3665,0.696
-1.3602,0.67
-1.3469,0.641
-1.3554,0.668
-1.356,0.717
-1.3652,0.747
-1.3531,0.752
-1.3493,0.809
-1.3561,0.809
-1.3686,0.804
-1.3773,0.795
-1.3657,0.771
-1.3596,0.779
-1.372,0.768
-1.3675,0.745
-1.3673,0.74
-1.3585,0.748
-1.3421,0.73
-1.3587,0.744
-1.369,0.749
-1.3506,0.752
-1.3552,0.752
-1.3542,0.747
-1.3449,0.765
-1.3656,0.75
-1.3702,0.754
-1.3708,0.748
-1.3563,0.735
-1.364,0.744
-1.369,0.756
-1.3662,0.777
-1.3819,0.788
-1.3638,0.807
-1.3542,0.801
-1.3668,0.793
-1.3821,0.77
-1.3822,0.75
-1.3682,0.754
-1.3541,0.769
-1.3535,0.816
-1.3612,0.847
-1.3695,0.883
-1.3674,0.865
-1.3519,0.866
-1.36,0.822
-1.3737,0.797
-1.3835,0.733
-1.3708,0.73
-1.3672,0.72
-1.3673,0.736
-1.3792,0.761
-1.3737,0.822
-1.3671,0.876
-1.3622,0.845
-1.3614,0.823
-1.3634,0.804
-1.3727,0.809
-1.3597,0.8
-1.3627,0.797
-1.369,0.76
-1.3758,0.754
-1.3832,0.765
-1.3941,0.779
-1.3691,0.83
-1.3596,0.842
-1.3739,0.86
-1.3809,0.84
-1.3674,0.828
-1.3593,0.786
-1.36,0.76
-1.3722,0.729
-1.372,0.715
-1.3631,0.733
-1.3748,0.76
-1.3736,0.778
-1.3583,0.803
-1.3628,0.823
-1.3699,0.813
-1.3673,0.782
-1.3647,0.761
-1.377,0.742
-1.361,0.754
-1.3512,0.75
-1.3569,0.743
-1.3587,0.734
-1.3619,0.744
-1.3679,0.735
-1.365,0.751
-1.3603,0.764
-1.3629,0.762
-1.3607,0.774
-1.3571,0.752
-1.3685,0.777
-1.3767,0.78
-1.3792,0.781
-1.3754,0.793
-1.365,0.766
-1.351,0.76
-1.3443,0.759
-1.3699,0.784
-1.3849,0.772
-1.3763,0.759
-1.3852,0.764
-1.377,0.78
-1.3792,0.789
-1.3808,0.814
-1.3798,0.799
-1.3651,0.784
-1.3455,0.785
-1.3516,0.779
-1.3553,0.752
-1.3675,0.765
-1.375,0.771
-1.3687,0.779
-1.3714,0.793
-1.3609,0.818
-1.3656,0.834
-1.3713,0.835
-1.3733,0.829
-1.3686,0.853
-1.3863,0.855
-1.3924,0.831
-1.3811,0.78
-1.3794,0.747
-1.3737,0.729
-1.3518,0.735
-1.3626,0.772
-1.3727,0.852
-1.3776,0.858
-1.3683,0.848
-1.3557,0.837
-1.3631,0.839
-1.3716,0.822
-1.3787,0.784
-1.3715,0.761
-1.3528,0.751
-1.3479,0.742
-1.3665,0.739
-1.3742,0.705
-1.3592,0.671
-1.3597,0.643
-1.3532,0.666
-1.3599,0.671
-1.3768,0.701
-1.3825,0.694
-1.3616,0.72
-1.3538,0.766
-1.3639,0.763
-1.3749,0.771
-1.3814,0.758
-1.3758,0.752
-1.3684,0.746
-1.3512,0.732
-1.3523,0.729
-1.3567,0.747
-1.3692,0.742
-1.3645,0.745
-1.3604,0.713
-1.3612,0.744
-1.3703,0.764
-1.367,0.766
-1.3763,0.764
-1.3724,0.752
-1.3647,0.751
-1.3646,0.751
-1.3686,0.771
-1.3645,0.78
-1.3659,0.769
-1.3608,0.764
-1.348,0.772
-1.3614,0.772
-1.3779,0.795
-1.3738,0.807
-1.3787,0.839
-1.3653,0.842
-1.3541,0.828
-1.363,0.867
-1.3669,0.867
-1.3669,0.862
-1.3751,0.814
-1.3717,0.791
-1.3554,0.765
-1.3683,0.747
-1.3655,0.778
-1.3609,0.829
-1.3806,0.876
-1.3835,0.861
-1.3242,0.85
-1.3435,0.836
-1.3655,0.841
-1.3792,0.81
-1.3782,0.766
-1.3617,0.731
-1.3557,0.696
-1.3549,0.689
-1.3655,0.687
-1.3778,0.687
-1.3729,0.692
-1.3719,0.738
-1.3616,0.767
-1.3516,0.78
-1.3623,0.775
-1.3769,0.769
-1.3734,0.768
-1.3519,0.788
-1.358,0.759
-1.3604,0.768
-1.3663,0.755
-1.3657,0.751
-1.3728,0.726
-1.3524,0.733
-1.3606,0.746
-1.3666,0.757
-1.3646,0.76
-1.3597,0.764
-1.3596,0.747
-1.3498,0.758
-1.3682,0.752
-1.3763,0.764
-1.3704,0.753
-1.3752,0.733
-1.3595,0.737
-1.3486,0.714
-1.3501,0.721
-1.3509,0.75
-1.3578,0.765
-1.3704,0.805
-1.3698,0.782
-1.3535,0.78
-1.3455,0.802
-1.3705,0.817
-1.3708,0.832
-1.3589,0.838
-1.3481,0.833
-1.3519,0.841
-1.3527,0.836
-1.3522,0.869
-1.3668,0.868
-1.3751,0.86
-1.3671,0.889
-1.3585,0.896
-1.3691,0.874
-1.3625,0.825
-1.3646,0.777
-1.3682,0.733
-1.3692,0.75
-1.3817,0.818
-1.3761,0.888
-1.3465,0.829
-1.3564,0.785
-1.3414,0.809
-1.3562,0.78
-1.3515,0.777
-1.3542,0.795
-1.3679,0.797
-1.3635,0.793
-1.363,0.769
-1.3644,0.741
-1.371,0.737
-1.3739,0.746
-1.3744,0.744
-1.3661,0.742
-1.3616,0.751
-1.3664,0.755
-1.3667,0.743
-1.361,0.75
-1.3769,0.772
-1.3849,0.775
-1.3756,0.773
-1.3701,0.763
-1.3724,0.739
-1.3602,0.722
-1.3742,0.734
-1.3841,0.756
-1.367,0.765
-1.3542,0.764
-1.3532,0.758
-1.3515,0.752
-1.3624,0.772
-1.3689,0.782
-1.3655,0.782
-1.3581,0.775
-1.3567,0.768
-1.353,0.737
-1.3524,0.727
-1.3716,0.729
-1.3686,0.736
-1.3613,0.729
-1.3609,0.76
-1.3647,0.776
-1.3634,0.761
-1.3691,0.767
-1.369,0.743
-1.36,0.732
-1.3615,0.744
-1.367,0.752
-1.357,0.743
-1.3718,0.727
-1.3592,0.747
-1.3656,0.728
-1.3648,0.739
-1.3681,0.752
-1.3544,0.72
-1.3593,0.733
-1.3475,0.733
-1.3523,0.739
-1.3798,0.745
-1.3882,0.754
-1.3778,0.77
-1.372,0.79
-1.3579,0.776
-1.3674,0.771
-1.3778,0.78
-1.3852,0.782
-1.3645,0.773
-1.3614,0.771
-1.3683,0.761
-1.3631,0.751
-1.3448,0.764
-1.3503,0.767
-1.3799,0.775
-1.3867,0.776
-1.3859,0.78
-1.3678,0.796
-1.355,0.819
-1.3563,0.849
-1.3739,0.848
-1.3701,0.827
-1.3494,0.851
-1.3337,0.836
-1.3599,0.821
-1.3675,0.81
-1.3702,0.814
-1.363,0.835
-1.3604,0.852
-1.3603,0.858
-1.3574,0.857
-1.3551,0.845
-1.3492,0.814
-1.3452,0.74
-1.3463,0.682
-1.3492,0.644
-1.3804,0.729
-1.3443,0.809
-1.3362,0.83
-1.352,0.86
-1.3682,0.913
-1.3683,0.901
-1.3587,0.867
-1.3586,0.813
-1.3656,0.78
-1.3617,0.792
-1.3626,0.773
-1.3681,0.771
-1.3676,0.77
-1.3726,0.736
-1.3797,0.736
-1.3719,0.745
-1.3617,0.752
-1.3571,0.762
-1.3559,0.785
-1.3637,0.778
-1.3704,0.774
-1.3728,0.744
-1.3536,0.747
-1.3587,0.751
-1.362,0.749
-1.3587,0.747
-1.3812,0.735
-1.3835,0.731
-1.3682,0.729
-1.3747,0.729
-1.3726,0.723
-1.3555,0.734
-1.3663,0.704
-1.3636,0.716
-1.3608,0.701
-1.3602,0.692
-1.3589,0.705
-1.3587,0.704
-1.3618,0.712
-1.3536,0.707
-1.3505,0.697
-1.3522,0.685
-1.3584,0.703
-1.3778,0.714
-1.3877,0.701
-1.372,0.7
-1.3637,0.691
-1.3522,0.678
-1.3587,0.68
-1.3742,0.682
-1.3661,0.696
-1.3667,0.717
-1.3573,0.72
-1.3479,0.707
-1.3516,0.729
-1.3717,0.724
-1.3853,0.723
-1.3721,0.725
-1.3559,0.706
-1.3509,0.717
-1.3515,0.704
-1.339,0.73
-1.3399,0.727
-1.3585,0.731
-1.3611,0.732
-1.3756,0.717
-1.3709,0.729
-1.3605,0.712
-1.3658,0.725
-1.3466,0.722
-1.3447,0.716
-1.3499,0.703
-1.3466,0.748
-1.3615,0.768
-1.3736,0.75
-1.3436,0.702
-1.3423,0.664
-1.3538,0.652
-1.3608,0.665
-1.3681,0.674
-1.3533,0.679
-1.3373,0.69
-1.3501,0.703
-1.3627,0.73
-1.3815,0.753
-1.3782,0.704
-1.3573,0.703
-1.3489,0.695
-1.3661,0.696
-1.3627,0.701
-1.372,0.721
-1.3655,0.727
-1.3612,0.738
-1.3712,0.749
-1.3708,0.769
-1.3667,0.766
-1.3723,0.754
-1.3616,0.753
-1.3488,0.739
-1.3516,0.719
-1.3659,0.713
-1.3592,0.719
-1.3735,0.743
-1.3744,0.744
-1.3614,0.751
-1.3571,0.785
-1.368,0.78
-1.3624,0.764
-1.3668,0.758
-1.3503,0.74
-1.3306,0.73
-1.3458,0.72
-1.3577,0.731
-1.3625,0.726
-1.3695,0.738
-1.3683,0.745
-1.3586,0.749
-1.3563,0.739
-1.3608,0.746
-1.3711,0.744
-1.3807,0.754
-1.3781,0.737
-1.3659,0.719
-1.3725,0.721
-1.3618,0.735
-1.3565,0.762
-1.3722,0.741
-1.354,0.758
-1.3441,0.721
-1.3571,0.743
-1.3622,0.738
-1.3529,0.741
-1.3551,0.735
-1.3539,0.715
-1.3367,0.719
-1.346,0.718
-1.3605,0.724
-1.3618,0.741
-1.3671,0.749
-1.3606,0.756
-1.3421,0.76
-1.3526,0.783
-1.359,0.78
-1.3521,0.769
-1.3504,0.76
-1.3598,0.735
-1.3554,0.724
-1.3519,0.711
-1.3565,0.729
-1.3461,0.766
-1.3607,0.763
-1.3622,0.765
-1.3426,0.775
-1.346,0.78
-1.3586,0.79
-1.3806,0.777
-1.3632,0.766
-1.3607,0.741
-1.3469,0.723
-1.3522,0.703
-1.359,0.686
-1.3467,0.716
-1.3781,0.752
-1.3927,0.759
-1.354,0.76
-1.3522,0.761
-1.351,0.756
-1.3706,0.754
-1.3649,0.758
-1.3566,0.741
-1.3596,0.723
-1.3528,0.677
-1.3657,0.645
-1.3526,0.641
-1.3631,0.67
-1.3705,0.693
-1.3412,0.746
-1.3481,0.781
-1.3586,0.817
-1.3519,0.832
-1.3784,0.805
-1.3873,0.758
-1.3777,0.734
-1.3779,0.741
-1.3795,0.715
-1.3317,0.72
-1.3178,0.741
-1.347,0.747
-1.367,0.744
-1.3666,0.758
-1.3585,0.785
-1.3419,0.789
-1.3368,0.758
-1.6752,0.751
-2.182,0.708
-1.7543,0.717
-1.5325,0.712
-1.4391,0.721
-1.4099,0.719
-1.391,0.712
-1.3858,0.696
-1.3819,0.701
-1.3779,0.718
-1.3802,0.739
-1.3715,0.765
-1.3811,0.735
-1.3739,0.75
-1.379,0.738
-1.3785,0.744
-1.3822,0.746
-1.3821,0.751
-1.386,0.742
-1.3757,0.732
-1.3652,0.743
-1.365,0.76
-1.3472,0.753
-1.3563,0.756
-1.367,0.742
-1.3684,0.741
-1.3646,0.756
-1.3714,0.787
-1.3815,0.81
-1.4046,0.813
-1.3763,0.786
-1.3735,0.765
-1.3744,0.758
-1.3781,0.708
-1.3738,0.673
-1.366,0.647
-1.382,0.67
-1.3965,0.707
-1.4127,0.733
-1.3842,0.76
-1.37,0.783
-1.3636,0.789
-1.3736,0.811
-1.3835,0.788
-1.372,0.771
-1.3716,0.728
-1.3694,0.723
-1.3651,0.689
-1.3574,0.714
-1.361,0.709
-1.3575,0.721
-1.3558,0.728
-1.3551,0.759
-1.3635,0.791
-1.3674,0.785
-1.3514,0.768
-1.3427,0.736
-1.3658,0.7
-1.3663,0.721
-1.3561,0.711
-1.3694,0.717
-1.3905,0.707
-1.382,0.713
-1.3723,0.724
-1.3654,0.784
-1.3596,0.796
-1.3618,0.793
-1.3573,0.792
-1.3416,0.764
-1.337,0.758
-1.3466,0.748
-1.3637,0.737
-1.3708,0.728
-1.3643,0.707
-1.3575,0.683
-1.35,0.69
-1.364,0.712
-1.3582,0.759
-1.361,0.844
-1.3652,0.831
-1.3557,0.845
-1.3489,0.821
-1.3612,0.81
-1.3617,0.806
-1.3602,0.777
-1.3652,0.765
-1.3656,0.754
-1.3679,0.755
-1.3731,0.762
-1.372,0.806
-1.3716,0.827
-1.3623,0.843
-1.3639,0.847
-1.3711,0.837
-1.3665,0.814
-1.3603,0.788
-1.3735,0.756
-1.3688,0.759
-1.3475,0.763
-1.355,0.733
-1.3514,0.691
-1.3474,0.68
-1.3492,0.675
-1.374,0.672
-1.3648,0.704
-1.3642,0.698
-1.3505,0.755
-1.3569,0.773
-1.286,0.784
-0.2666,0.775
-0.5494,0.744
-0.9107,0.735
-1.1065,0.735
-1.2021,0.739
-1.2879,0.711
-1.3104,0.722
-1.3325,0.7
-1.3523,0.715
-1.3512,0.719
-1.3403,0.744
-1.3664,0.751
-1.3638,0.752
-1.3704,0.751
-1.3738,0.738
-1.3757,0.745
-1.3709,0.753
-1.3858,0.745
-1.3819,0.732
-1.3872,0.73
-1.3887,0.723
-1.3811,0.717
-1.3751,0.726
-1.3863,0.734
-1.3873,0.746
-1.3813,0.76
-1.3798,0.766
-1.3795,0.75
-1.3614,0.748
-1.3781,0.749
-1.3877,0.738
-1.3862,0.735
-1.3792,0.745
-1.3773,0.736
-1.3576,0.741
-1.3544,0.739
-1.369,0.74
-1.3801,0.74
-1.3842,0.761
-1.3741,0.762
-1.3568,0.791
-1.365,0.801
-1.3601,0.8
-1.3697,0.787
-1.3758,0.772
-1.3803,0.76
-1.3774,0.743
-1.3661,0.752
-1.3772,0.754
-1.3773,0.757
-1.3932,0.765
-1.3716,0.795
-1.3506,0.799
-1.3379,0.79
-1.3524,0.745
-1.3743,0.709
-1.3657,0.706
-1.3776,0.692
-1.3685,0.69
-1.3608,0.697
-1.3705,0.714
-1.3645,0.715
-1.3567,0.716
-1.3748,0.718
-1.3698,0.704
-1.3676,0.72
-1.3778,0.738
-1.377,0.749
-1.3632,0.743
-1.3652,0.748
-1.3564,0.729
-1.3504,0.744
-1.3615,0.761
-1.3583,0.764
-1.3703,0.764
-1.3632,0.758
-1.3569,0.757
-1.3531,0.765
-1.3649,0.756
-1.3736,0.757
-1.3748,0.759
-1.3726,0.781
-1.359,0.815
-1.3575,0.865
-1.3685,0.879
-1.3864,0.856
-1.3856,0.86
-1.3678,0.857
-1.3578,0.847
-1.3674,0.82
-1.3745,0.774
-1.3624,0.752
-1.3642,0.748
-1.3645,0.759
-1.3723,0.788
-1.3909,0.823
-1.3627,0.816
-1.3655,0.787
-1.3521,0.772
-1.3611,0.781
-1.3672,0.776
-1.3626,0.772
-1.3748,0.753
-1.3869,0.742
-1.3826,0.733
-1.3737,0.71
-1.3746,0.726
-1.3703,0.694
-1.3784,0.682
-1.3718,0.653
-1.347,0.671
-1.3597,0.671
-1.3659,0.694
-1.3794,0.708
-1.3723,0.728
-1.3564,0.766
-1.361,0.774
-1.3578,0.772
-1.3489,0.752
-1.3531,0.738
-1.3581,0.726
-1.36,0.725
-1.3691,0.719
-1.3612,0.732
-1.348,0.723
-1.3629,0.72
-1.3556,0.724
-1.337,0.745
-1.3689,0.721
-1.3776,0.718
-1.3587,0.713
-1.3723,0.677
-1.3567,0.687
-1.3501,0.709
-1.3673,0.692
-1.3597,0.704
-1.3638,0.707
-1.3648,0.7
-1.4018,0.717
-1.4045,0.739
-1.4037,0.748
-1.3829,0.75
-1.3736,0.726
-1.3665,0.71
-1.3604,0.719
-1.3765,0.715
-1.3761,0.721
-1.3596,0.714
-1.3688,0.716
-1.3536,0.717
-1.3506,0.722
-1.368,0.734
-1.3597,0.755
-1.3441,0.756
-1.3554,0.749
-1.3478,0.737
-1.3439,0.724
-1.3489,0.719
-1.3515,0.71
-1.35,0.71
-1.3584,0.703
-1.3566,0.732
-1.3529,0.782
-1.3579,0.818
-1.3553,0.832
-1.3556,0.796
-1.362,0.751
-1.3677,0.719
-1.3589,0.705
-1.3659,0.697
-1.3533,0.709
-1.3401,0.745
-1.3518,0.805
-1.3746,0.86
-1.3893,0.88
-1.3771,0.877
-1.3903,0.869
-1.3661,0.829
-1.3625,0.811
-1.3694,0.754
-1.3725,0.723
-1.3627,0.672
-1.3669,0.63
-1.3677,0.646
-1.3588,0.727
-1.3678,0.808
-1.3782,0.862
-1.3814,0.876
-1.392,0.845
-1.3905,0.813
-1.3829,0.809
-1.3834,0.784
-1.3804,0.775
-1.3761,0.751
-1.3823,0.733
-1.3809,0.725
-1.3677,0.721
-1.356,0.718
-1.362,0.716
-1.3736,0.714
-1.3807,0.722
-1.3952,0.715
-1.3905,0.716
-1.3616,0.748
-1.3652,0.775
-1.3786,0.765
-1.3776,0.758
-1.3755,0.76
-1.3687,0.728
-1.3417,0.726
-1.3524,0.716
-1.3708,0.74
-1.3706,0.737
-1.3669,0.739
-1.3663,0.727
-1.3643,0.742
-1.3752,0.753
-1.3821,0.758
-1.3722,0.757
-1.3635,0.734
-1.3519,0.723
-1.3519,0.72
-1.358,0.733
-1.3701,0.749
-1.368,0.77
-1.3748,0.768
-1.379,0.746
-1.3576,0.759
-1.3486,0.754
-1.36,0.762
-1.3618,0.753
-1.3547,0.748
-1.3715,0.729
-1.3679,0.737
-1.3596,0.734
-1.3779,0.747
-1.3638,0.706
-1.3642,0.742
-1.3766,0.717
-1.3675,0.736
-1.3605,0.74
-1.3662,0.734
-1.3629,0.715
-1.3631,0.718
-1.3681,0.683
-1.3609,0.679
-1.3727,0.69
-1.3684,0.702
-1.3606,0.721
-1.3609,0.742
-1.3591,0.743
-1.3489,0.752
-1.3666,0.768
-1.3748,0.762
-1.3657,0.751
-1.3662,0.748
-1.3541,0.755
-1.3556,0.743
-1.3603,0.746
-1.366,0.758
-1.3735,0.773
-1.3761,0.788
-1.3736,0.782
-1.3709,0.771
-1.3651,0.754
-1.3693,0.735
-1.3718,0.725
-1.3701,0.734
-1.3522,0.764
-1.358,0.787
-1.3457,0.821
-1.3513,0.777
-1.3679,0.747
-1.3883,0.727
-1.5128,0.712
-1.4867,0.679
-1.4326,0.641
-1.4056,0.623
-1.3844,0.618
-1.3827,0.649
-1.3771,0.653
-1.386,0.681
-1.3797,0.684
-1.3635,0.702
-1.3756,0.725
-1.3694,0.72
-1.3662,0.712
-1.3725,0.696
-1.3556,0.688
-1.361,0.686
-1.3737,0.686
-1.3711,0.693
-1.382,0.687
-1.368,0.696
-1.3388,0.722
-1.3539,0.707
-1.351,0.737
-1.3606,0.704
-1.3674,0.708
-1.3519,0.703
-1.3529,0.724
-1.3614,0.729
-1.3594,0.748
-1.3586,0.745
-1.357,0.746
-1.3528,0.738
-1.3524,0.758
-1.3684,0.765
-1.3671,0.758
-1.3617,0.743
-1.3662,0.734
-1.3587,0.738
-1.3528,0.744
-1.3621,0.729
-1.3625,0.735
-1.3686,0.71
-1.3612,0.675
-1.3437,0.652
-1.3553,0.659
-1.3537,0.694
-1.3451,0.73
-1.3608,0.732
-1.3562,0.772
-1.359,0.793
-1.3645,0.791
-1.3729,0.756
-1.3668,0.724
-1.376,0.712
-1.3582,0.703
-1.3533,0.699
-1.3568,0.706
-1.3496,0.726
-1.3716,0.733
-1.3617,0.743
-1.3557,0.792
-1.3582,0.785
-1.3662,0.768
-1.3782,0.762
-1.3631,0.754
-1.3632,0.76
-1.365,0.739
-1.3605,0.711
-1.3688,0.71
-1.3652,0.719
-1.3508,0.718
-1.3661,0.74
-1.3723,0.766
-1.3461,0.763
-1.3326,0.766
-1.3532,0.775
-1.3621,0.761
-1.3803,0.754
-1.3755,0.752
-1.3551,0.727
-1.3604,0.725
-1.3669,0.729
-1.3619,0.726
-1.3756,0.733
-1.3714,0.755
-1.3537,0.767
-1.3604,0.738
-1.3705,0.744
-1.3684,0.759
-1.3817,0.74
-1.3682,0.74
-1.3638,0.733
-1.3821,0.728
-1.3817,0.728
-1.3695,0.733
-1.3701,0.74
-1.3638,0.735
-1.3552,0.745
-1.3682,0.74
-1.3518,0.762
-1.348,0.747
-1.3658,0.746
-1.373,0.73
-1.3703,0.728
-1.3806,0.742
-1.3113,0.688
-1.2417,0.67
-1.2744,0.664
-1.3324,0.651
-1.4354,0.618
-1.4226,0.665
-1.395,0.721
-1.3901,0.761
-1.3741,0.785
-1.37,0.797
-1.3992,0.79
-1.4142,0.765
-1.3973,0.752
-1.3696,0.748
-1.3604,0.738
-1.3651,0.724
-1.3792,0.717
-1.3908,0.722
-1.3744,0.725
-1.3544,0.743
-1.3477,0.767
-1.359,0.789
-1.3834,0.784
-1.389,0.795
-1.3764,0.78
-1.3523,0.77
-1.356,0.763
-1.3678,0.759
-1.3746,0.745
-1.3822,0.747
-1.3763,0.739
-1.3583,0.758
-1.3764,0.753
-1.3689,0.774
-1.3574,0.803
-1.3737,0.778
-1.3859,0.768
-1.3655,0.763
-1.3594,0.752
-1.3741,0.743
-1.3781,0.736
-1.3766,0.734
-1.3748,0.739
-1.3697,0.752
-1.3659,0.771
-1.3764,0.796
-1.3844,0.777
-1.3697,0.774
-1.3607,0.772
-1.3562,0.771
-1.36,0.758
-1.3772,0.746
-1.3752,0.734
-1.3612,0.721
-1.3528,0.72
-1.3558,0.718
-1.3637,0.732
-1.3845,0.73
-1.3848,0.727
-1.3607,0.734
-1.3571,0.728
-1.3631,0.722
-1.3639,0.727
-1.3782,0.734
-1.3731,0.735
-1.3567,0.731
-1.3622,0.726
-1.3696,0.731
-1.3738,0.723
-1.3797,0.742
-1.3793,0.757
-1.374,0.778
-1.375,0.785
-1.3715,0.774
-1.3633,0.753
-1.3759,0.755
-1.3765,0.775
-1.3703,0.782
-1.3703,0.789
-1.3673,0.786
-1.3731,0.815
-1.3701,0.793
-1.3458,0.819
-1.3631,0.798
-1.3735,0.777
-1.3822,0.745
-1.3759,0.725
-1.3616,0.709
-1.3619,0.704
-1.3709,0.707
-1.3759,0.73
-1.3749,0.754
-1.3603,0.775
-1.3532,0.776
-1.3579,0.797
-1.3666,0.804
-1.3724,0.786
-1.3617,0.759
-1.369,0.756
-1.3693,0.718
-1.357,0.717
-1.3661,0.706
-1.3719,0.705
-1.3718,0.718
-1.375,0.712
-1.3659,0.73
-1.3712,0.742
-1.3731,0.773
-1.3611,0.801
-1.3591,0.795
-1.3783,0.791
-1.3908,0.781
-1.3815,0.76
-1.3708,0.764
-1.3585,0.765
-1.362,0.785
-1.3777,0.777
-1.3744,0.766
-1.3596,0.742
-1.3514,0.722
-1.3577,0.714
-1.3705,0.726
-1.3713,0.769
-1.3822,0.743
-1.3697,0.78
-1.3413,0.798
-1.3647,0.795
-1.372,0.793
-1.367,0.813
-1.3615,0.808
-1.3551,0.798
-1.3635,0.769
-1.3706,0.744
-1.3861,0.73
-1.3785,0.726
-1.3785,0.717
-1.3876,0.709
-1.3762,0.717
-1.3739,0.728
-1.3726,0.722
-1.3572,0.736
-1.3652,0.753
-1.3746,0.758
-1.3736,0.759
-1.3858,0.747
-1.3732,0.742
-1.3578,0.724
-1.3553,0.727
-1.3673,0.723
-1.376,0.724
-1.3913,0.73
-1.3872,0.739
-1.3618,0.752
-1.3655,0.755
-1.3774,0.744
-1.3705,0.74
-1.3642,0.71
-1.3664,0.712
-1.3555,0.718
-1.3759,0.715
-1.3851,0.705
-1.3765,0.714
-1.382,0.701
-1.3767,0.711
-1.3664,0.705
-1.3568,0.714
-1.3579,0.723
-1.371,0.737
-1.3778,0.739
-1.3701,0.736
-1.3615,0.745
-1.3563,0.74
-1.3615,0.751
-1.3644,0.745
-1.3797,0.74
-1.3766,0.741
-1.3618,0.733
-1.3586,0.728
-1.3537,0.726
-1.361,0.727
-1.3677,0.734
-1.3626,0.725
-1.3566,0.738
-1.3593,0.756
-1.3642,0.773
-1.3675,0.764
-1.3655,0.764
-1.3586,0.767
-1.3564,0.776
-1.3682,0.783
-1.3666,0.781
-1.3597,0.767
-1.3635,0.749
-1.3601,0.718
-1.3556,0.717
-1.3553,0.743
-1.3579,0.761
-1.3573,0.805
-1.3642,0.815
-1.3799,0.812
-1.3887,0.804
-1.3576,0.786
-1.3727,0.781
-1.3795,0.751
-1.3788,0.711
-1.3828,0.671
-1.3643,0.643
-1.3568,0.637
-1.3642,0.64
-1.3718,0.673
-1.3735,0.699
-1.3778,0.728
-1.3781,0.712
-1.3847,0.735
-1.3674,0.763
-1.3666,0.763
-1.3744,0.77
-1.3877,0.747
-1.3862,0.741
-1.3862,0.708
-1.3629,0.696
-1.3489,0.685
-1.3606,0.702
-1.357,0.715
-1.3786,0.71
-1.382,0.716
-1.3611,0.726
-1.3597,0.738
-1.3626,0.738
-1.3692,0.738
-1.3905,0.74
-1.3916,0.734
-1.3667,0.705
-1.3528,0.72
-1.3512,0.716
-1.3575,0.684
-1.3777,0.702
-1.3772,0.717
-1.3646,0.736
-1.3721,0.74
-1.3816,0.748
-1.3889,0.755
-1.3968,0.748
-1.3816,0.711
-1.3663,0.702
-1.3575,0.7
-1.3555,0.698
-1.3718,0.701
-1.3796,0.707
-1.372,0.724
-1.3737,0.729
-1.3693,0.733
-1.3434,0.725
-1.368,0.694
-1.3652,0.678
-1.3612,0.657
-1.3708,0.674
-1.3667,0.659
-1.3886,0.666
-1.3869,0.662
-1.3667,0.652
-1.3553,0.692
-1.3625,0.696
-1.3707,0.71
-1.3506,0.665
-1.3499,0.624
-1.3449,0.626
-1.3678,0.628
-1.3195,0.637
-1.2746,0.609
-1.2928,0.622
-1.2958,0.658
-1.3355,0.658
-1.3381,0.657
-1.3461,0.658
-1.373,0.654
-1.3833,0.64
-1.3752,0.64
-1.3731,0.677
-1.3687,0.698
-1.3861,0.708
-1.387,0.712
-1.3764,0.693
-1.3764,0.699
-1.3667,0.716
-1.3697,0.705
-1.376,0.714
-1.3897,0.693
-1.3902,0.681
-1.3652,0.673
-1.3554,0.665
-1.3762,0.644
-1.3657,0.635
-1.3785,0.604
-1.3602,0.619
-1.3571,0.639
-1.3649,0.64
-1.367,0.655
-1.3936,0.636
-1.3833,0.664
-1.3894,0.672
-1.3759,0.691
-1.371,0.661
-1.3757,0.67
-1.3796,0.652
-1.3756,0.651
-1.3687,0.68
-1.3679,0.69
-1.3702,0.692
-1.3526,0.692
-1.3552,0.674
-1.3578,0.653
-1.3513,0.668
-1.3676,0.651
-1.3807,0.675
-1.3821,0.684
-1.3849,0.675
-1.364,0.665
-1.3524,0.664
-1.3463,0.662
-1.3589,0.688
-1.3719,0.703
-1.3634,0.686
-1.3856,0.667
-1.3738,0.639
-1.3604,0.62
-1.356,0.614
-1.361,0.61
-1.4147,0.612
-1.4223,0.615
-1.4219,0.593
-1.4044,0.63
-1.3961,0.667
-1.3797,0.692
-1.3726,0.688
-1.3755,0.688
-1.357,0.699
-1.3651,0.696
-1.3823,0.685
-1.3739,0.66
-1.3748,0.635
-1.3475,0.616
-1.3409,0.619
-1.3647,0.621
-1.3784,0.64
-1.389,0.636
-1.38,0.647
-1.3817,0.656
-1.363,0.635
-1.3472,0.647
-1.3545,0.665
-1.3452,0.677
-1.3792,0.687
-1.3878,0.66
-1.373,0.656
-1.3726,0.639
-1.3601,0.642
-1.3616,0.656
-1.3629,0.658
-1.3771,0.67
-1.3807,0.664
-1.3721,0.656
-1.3703,0.651
-1.3594,0.642
-1.3833,0.647
-1.3756,0.643
-1.3597,0.644
-1.3676,0.649
-1.3839,0.633
-1.4386,0.628
-1.3997,0.635
-1.3805,0.686
-1.3562,0.69
-1.3464,0.658
-1.3578,0.62
-1.3489,0.606
-1.3435,0.611
-1.3416,0.625
-1.3463,0.604
-1.3557,0.623
-1.372,0.628
-1.4068,0.643
-1.3878,0.674
-1.3668,0.673
-1.3526,0.651
-1.3484,0.647
-1.3506,0.661
-1.358,0.654
-1.3764,0.657
-1.3809,0.67
-1.3755,0.64
-1.3786,0.645
-1.3644,0.647
-1.3536,0.67
-1.3501,0.675
-1.3591,0.687
-1.3597,0.681
-1.3587,0.694
-1.358,0.665
-1.3381,0.687
-1.3447,0.688
-1.3653,0.688
-1.3776,0.671
-1.3766,0.653
-1.3562,0.645
-1.3619,0.664
-1.3604,0.679
-1.4437,0.676
-1.4765,1.387
-1.3823,0.648
-1.4225,0.63
-1.2861,0.655
-1.2876,0.662
-1.2981,0.675
-1.3106,0.651
-1.3694,0.629
-1.3613,0.614
-1.3538,0.628
-1.3505,0.63
-1.3577,0.642
-1.3529,0.65
-1.3605,0.666
-1.3804,0.686
-1.3785,0.701
-1.3723,0.719
-1.3641,0.715
-1.3804,0.731
-1.3864,0.707
-1.3642,0.7
-1.3418,0.697
-1.3642,0.706
-1.3663,0.685
-1.3687,0.694
-1.3552,0.719
-1.345,0.701
-1.3596,0.73
-1.3931,0.733
-1.3984,0.736
-1.3664,0.726
-1.348,0.712
-1.3483,0.699
-1.3791,0.699
-1.3772,0.689
-1.3642,0.698
-1.36,0.681
-1.356,0.696
-1.3601,0.707
-1.3657,0.702
-1.3554,0.709
-1.3777,0.718
-1.3547,0.721
-1.3841,0.724
-1.3889,0.704
-1.3478,0.718
-1.3465,0.713
-1.3463,0.656
-1.3347,0.633
-1.3512,0.619
-1.3492,0.631
-1.366,0.671
-1.3893,0.664
-1.3764,0.711
-1.3496,0.756
-1.3481,0.781
-1.3647,0.796
-1.3807,0.762
-1.3581,0.744
-1.3498,0.723
-1.3655,0.724
-1.3751,0.71
-1.3794,0.7
-1.3736,0.684
-1.37,0.671
-1.3678,0.649
-1.3844,0.686
-1.3695,0.706
-1.372,0.753
-1.3693,0.751
-1.3493,0.755
-1.3511,0.739
-1.3657,0.737
-1.3625,0.745
-1.3747,0.712
-1.3967,0.693
-1.3835,0.683
-1.3769,0.689
-1.3733,0.735
-1.3689,0.738
-1.38,0.754
-1.3829,0.759
-1.3657,0.766
-1.3817,0.732
-1.3698,0.734
-1.3631,0.73
-1.3814,0.719
-1.3952,0.713
-1.3749,0.701
-1.3601,0.686
-1.3392,0.69
-1.3409,0.691
-1.3483,0.716
-1.3594,0.703
-1.3879,0.712
-1.3837,0.705
-1.3552,0.709
-1.3598,0.721
-1.3655,0.711
-1.3765,0.695
-1.3743,0.684
-1.3701,0.675
-1.3627,0.637
-1.3601,0.642
-1.3488,0.651
-1.3514,0.675
-1.343,0.699
-1.371,0.699
-1.368,0.695
-1.3467,0.696
-1.3506,0.714
-1.3653,0.717
-1.3768,0.685
-1.3998,0.691
-1.3871,0.682
-1.3582,0.688
-1.3544,0.669
-1.3463,0.688
-1.3678,0.7
-1.3677,0.682
-1.3667,0.661
-1.3613,0.624
-1.3533,0.65
-1.3658,0.642
-1.3531,0.648
-1.3616,0.646
-1.3686,0.662
-1.3878,0.678
-1.4019,0.685
-1.366,0.686
-1.356,0.677
-1.3654,0.661
-1.3632,0.68
-1.3653,0.696
-1.3567,0.699
-1.3672,0.692
-1.3808,0.691
-1.3736,0.658
-1.3781,0.647
-1.3846,0.666
-1.3883,0.686
-1.3812,0.703
-1.3632,0.706
-1.3538,0.69
-1.3605,0.684
-1.3504,0.703
-1.3674,0.708
-1.3835,0.701
-1.3892,0.679
-1.3682,0.694
-1.349,0.661
-1.3568,0.674
-1.3718,0.679
-1.3748,0.659
-1.3785,0.66
-1.3638,0.667
-1.3499,0.649
-1.3502,0.646
-1.3581,0.668
-1.374,0.69
-1.3719,0.694
-1.3786,0.697
-1.3788,0.689
-1.368,0.673
-1.3761,0.679
-1.3678,0.69
-1.3474,0.686
-1.3615,0.677
-1.3538,0.667
-1.3734,0.66
-1.3698,0.631
-1.3721,0.661
-1.3586,0.683
-1.3572,0.73
-1.3816,0.698
-1.3776,0.655
-1.3586,0.663
-1.359,0.69
-1.3591,0.672
-1.355,0.667
-1.3513,0.676
-1.3548,0.668
-1.3714,0.682
-1.3814,0.722
-1.3859,0.675
-1.3672,0.683
-1.3483,0.654
-1.366,0.659
-1.3788,0.697
-1.3764,0.712
-1.3747,0.713
-1.3684,0.732
-1.3749,0.702
-1.3768,0.724
-1.3651,0.715
-1.3738,0.69
-1.3785,0.671
-1.3779,0.682
-1.3808,0.658
-1.3708,0.665
-1.3755,0.667
-1.3666,0.665
-1.3668,0.666
-1.3776,0.672
-1.372,0.653
-1.3742,0.649
-1.3709,0.667
-1.3744,0.691
-1.3656,0.712
-1.355,0.712
-1.3553,0.713
-1.3748,0.708
-1.3659,0.744
-1.3758,0.715
-1.3743,0.722
-1.3698,0.729
-1.3706,0.707
-1.3645,0.664
-1.3566,0.667
-1.3688,0.657
-1.3663,0.66
-1.3841,0.666
-1.39,0.68
-1.3655,0.695
-1.3592,0.73
-1.3629,0.745
-1.3766,0.738
-1.4094,0.716
-1.3948,0.697
-1.3879,0.677
-1.3831,0.667
-1.3635,0.647
-1.3759,0.622
-1.3645,0.622
-1.3579,0.603
-1.355,0.635
-1.3623,0.668
-1.3404,0.671
-1.3325,0.685
-1.3433,0.727
-1.3585,0.736
-1.3505,0.712
-1.3628,0.683
-1.358,0.662
-1.3578,0.65
-1.3665,0.667
-1.3715,0.696
-1.3769,0.714
-1.3776,0.728
-1.3666,0.72
-1.3552,0.739
-1.3498,0.731
-1.3485,0.732
-1.3794,0.693
-1.3775,0.68
-1.3681,0.653
-1.3519,0.65
-1.3401,0.64
-1.3438,0.641
-1.3514,0.607
-1.3682,0.624
-1.3596,0.656
-1.3655,0.693
-1.3714,0.708
-1.3622,0.706
-1.362,0.737
-1.3654,0.727
-1.3733,0.715
-1.3722,0.705
-1.3629,0.685
-1.3507,0.658
-1.3515,0.651
-1.356,0.656
-1.3684,0.655
-1.3676,0.665
-1.3536,0.667
-1.3553,0.679
-1.3532,0.708
-1.3564,0.713
-1.3517,0.719
-1.3558,0.699
-1.3703,0.705
-1.3653,0.647
-1.3655,0.648
-1.3837,0.659
-1.3817,0.682
-1.3938,0.697
-1.3905,0.714
-1.3629,0.708
-1.3695,0.746
-1.376,0.733
-1.3771,0.736
-1.3903,0.724
-1.3831,0.728
-1.3574,0.682
-1.3655,0.671
-1.3495,0.682
-1.3528,0.676
-1.3542,0.691
-1.3588,0.662
-1.3693,0.687
-1.368,0.706
-1.3659,0.741
-1.3648,0.742
-1.3599,0.744
-1.3618,0.719
-1.3755,0.703
-1.3815,0.693
-1.3811,0.692
-1.3723,0.706
-1.3629,0.7
-1.3635,0.696
-1.3647,0.696
-1.3571,0.688
-1.3617,0.673
-1.3604,0.673
-1.3693,0.645
-1.3751,0.619
-1.3581,0.622
-1.366,0.647
-1.3707,0.641
-1.3705,0.672
-1.3549,0.662
-1.3536,0.681
-1.3704,0.697
-1.365,0.686
-1.368,0.69
-1.3682,0.656
-1.3564,0.655
-1.3766,0.657
-1.3771,0.655
-1.3847,0.664
-1.3704,0.67
-1.3562,0.667
-1.3519,0.695
-1.3556,0.713
-1.373,0.719
-1.3896,0.696
-1.3706,0.686
-1.3551,0.662
-1.3614,0.666
-1.3873,0.658
-1.3699,0.685
-1.3615,0.681
-1.3758,0.704
-1.3703,0.702
-1.3623,0.714
-1.3586,0.726
-1.3561,0.717
-1.3561,0.695
-1.361,0.668
-1.3474,0.664
-1.3658,0.666
-1.374,0.663
-1.3684,0.667
-1.3669,0.675
-1.3548,0.682
-1.3651,0.684
-1.3707,0.705
-1.3681,0.709
-1.3618,0.72
-1.352,0.715
-1.3459,0.69
-1.3543,0.68
-1.3532,0.689
-1.3655,0.682
-1.3661,0.68
-1.369,0.661
-1.3697,0.658
-1.3454,0.664
-1.3443,0.662
-1.3564,0.649
-1.3575,0.636
-1.3678,0.621
-1.3563,0.617
-1.368,0.637
-1.3734,0.64
-1.3573,0.63
-1.3524,0.639
-1.3508,0.667
-1.3734,0.667
-1.3693,0.681
-1.3727,0.691
-1.3659,0.671
-1.3651,0.667
-1.376,0.682
-1.3797,0.673
-1.3863,0.655
-1.3911,0.672
-1.372,0.654
-1.372,0.651
-1.364,0.665
-1.3835,0.672
-1.3819,0.672
-1.3667,0.677
-1.3606,0.661
-1.3396,0.678
-1.3668,0.675
-1.3787,0.695
-1.3729,0.68
-1.3813,0.669
-1.3641,0.672
-1.361,0.647
-1.3685,0.669
-1.3658,0.682
-1.3742,0.688
-1.3791,0.691
-1.3738,0.684
-1.3719,0.683
-1.3593,0.687
-1.3552,0.691
-1.361,0.68
-1.3556,0.685
-1.3692,0.668
-1.3664,0.665
-1.364,0.657
-1.3691,0.666
-1.3585,0.677
-1.3783,0.682
-1.3693,0.66
-1.3701,0.686
-1.3791,0.684
-1.3686,0.696
-1.3756,0.699
-1.3727,0.716
-1.3701,0.691
-1.3753,0.706
-1.3658,0.7
-1.3514,0.703
-1.3539,0.694
-1.3527,0.691
-1.3691,0.681
-1.3789,0.66
-1.3633,0.647
-1.3664,0.643
-1.3519,0.635
-1.3644,0.641
-1.3635,0.68
-1.3709,0.662
-1.3732,0.648
-1.356,0.634
-1.3648,0.686
-1.3552,0.661
-1.3595,0.68
-1.3571,0.683
-1.3559,0.671
-1.3673,0.675
-1.3563,0.676
-1.3685,0.654
-1.3733,0.634
-1.3748,0.624
-1.3719,0.601
-1.3602,0.612
-1.3692,0.648
-1.3901,0.686
-1.3915,0.657
-1.3935,0.687
-1.3712,0.672
-1.3713,0.674
-1.3666,0.666
-1.3352,0.641
-1.3472,0.637
-1.3367,0.645
-1.3652,0.652
-1.3864,0.655
-1.3871,0.667
-1.3692,0.669
-1.3561,0.663
-1.3615,0.651
-1.3534,0.648
-1.3625,0.637
-1.3649,0.649
-1.3718,0.657
-1.3802,0.661
-1.3675,0.649
-1.3739,0.663
-1.3736,0.637
-1.3629,0.647
-1.3736,0.656
-1.371,0.671
-1.3944,0.648
-1.3845,0.674
-1.3779,0.641
-1.3632,0.669
-1.3587,0.664
-1.3641,0.679
-1.3737,0.689
-1.3779,0.694
-1.3792,0.689
-1.3668,0.689
-1.3726,0.693
-1.3745,0.701
-1.3639,0.691
-1.3751,0.68
-1.3617,0.674
-1.3583,0.642
-1.3663,0.67
-1.3688,0.671
-1.382,0.699
-1.3842,0.714
-1.3592,0.707
-1.3566,0.706
-1.3644,0.73
-1.3825,0.737
-1.3758,0.698
-1.3578,0.676
-1.3606,0.648
-1.3682,0.631
-1.3589,0.636
-1.3647,0.651
-1.3629,0.663
-1.3738,0.671
-1.3749,0.684
-1.3754,0.666
-1.3649,0.673
-1.3553,0.668
-1.3798,0.664
-1.3993,0.665
-1.3778,0.662
-1.3803,0.661
-1.3658,0.68
-1.3539,0.68
-1.3489,0.679
-1.3501,0.69
-1.3712,0.687
-1.3759,0.681
-1.3866,0.657
-1.3751,0.668
-1.352,0.656
-1.355,0.658
-1.3483,0.669
-1.3644,0.66
-1.3698,0.685
-1.3689,0.698
-1.3704,0.708
-1.3712,0.728
-1.3792,0.746
-1.3947,0.72
-1.3839,0.737
-1.3596,0.727
-1.3727,0.707
-1.3725,0.688
-1.3778,0.701
-1.3797,0.688
-1.3551,0.688
-1.3556,0.715
-1.3641,0.742
-1.3719,0.744
-1.3897,0.733
-1.3778,0.739
-1.3717,0.738
-1.3752,0.711
-1.3594,0.718
-1.3667,0.705
-1.3765,0.693
-1.37,0.681
-1.3717,0.681
-1.362,0.675
-1.3481,0.684
-1.3625,0.684
-1.3641,0.674
-1.3886,0.673
-1.3954,0.664
-1.3761,0.66
-1.3723,0.671
-1.3637,0.674
-1.3541,0.684
-1.3684,0.682
-1.3591,0.699
-1.3722,0.699
-1.3731,0.714
-1.3744,0.726
-1.3801,0.724
-1.3694,0.704
-1.3663,0.684
-1.3598,0.681
-1.3484,0.685
-1.3626,0.682
-1.3699,0.691
-1.3692,0.676
-1.3734,0.695
-1.3605,0.712
-1.3526,0.725
-1.3609,0.743
-1.3679,0.75
-1.3666,0.722
-1.3689,0.715
-1.342,0.668
-1.3444,0.676
-1.3597,0.684
-1.361,0.687
-1.3761,0.673
-1.3729,0.708
-1.3751,0.7
-1.3664,0.703
-1.3371,0.739
-1.3549,0.773
-1.3755,0.753
-1.3688,0.749
-1.3743,0.747
-1.3744,0.735
-1.3571,0.734
-1.3548,0.722
-1.3703,0.71
-1.3769,0.691
-1.3876,0.691
-1.3961,0.682
-1.375,0.683
-1.3763,0.714
-1.365,0.74
-1.3651,0.775
-1.3703,0.747
-1.3695,0.763
-1.3607,0.738
-1.3652,0.74
-1.3704,0.723
-1.3682,0.71
-1.3768,0.695
-1.3794,0.685
-1.3748,0.689
-1.3711,0.668
-1.3629,0.656
-1.3799,0.648
-1.3849,0.642
-1.3821,0.659
-1.3782,0.681
-1.36,0.72
-1.3777,0.738
-1.3863,0.771
-1.3641,0.733
-1.3648,0.715
-1.3534,0.684
-1.3501,0.683
-1.3675,0.682
-1.3698,0.652
-1.3649,0.663
-1.3689,0.668
-1.3731,0.67
-1.3766,0.687
-1.3664,0.656
-1.3659,0.67
-1.365,0.662
-1.3675,0.678
-1.381,0.679
-1.3755,0.689
-1.3781,0.669
-1.3852,0.662
-1.3597,0.675
-1.369,0.657
-1.371,0.668
-1.3777,0.688
-1.3764,0.678
-1.3657,0.682
-1.3799,0.672
-1.3679,0.701
-1.3661,0.69
-1.3735,0.704
-1.3632,0.724
-1.3678,0.698
-1.3706,0.694
-1.3582,0.711
-1.3741,0.682
-1.3806,0.681
-1.3717,0.684
-1.3666,0.666
-1.3536,0.659
-1.3618,0.67
-1.3683,0.709
-1.3716,0.726
-1.3675,0.755
-1.357,0.738
-1.3528,0.726
-1.3616,0.731
-1.3692,0.717
-1.3708,0.702
-1.3848,0.692
-1.3796,0.68
-1.3731,0.677
-1.3675,0.655
-1.3554,0.641
-1.3701,0.661
-1.3686,0.696
-1.3668,0.682
-1.3788,0.701
-1.3671,0.691
-1.3627,0.722
-1.37,0.715
-1.3566,0.699
-1.3682,0.696
-1.3745,0.671
-1.3766,0.66
-1.3633,0.637
-1.3486,0.671
-1.3676,0.669
-1.3588,0.704
-1.3646,0.716
-1.3777,0.706
-1.3606,0.739
-1.3653,0.736
-1.3679,0.723
-1.3539,0.711
-1.3618,0.695
-1.3637,0.668
-1.3515,0.667
-1.3684,0.678
-1.3803,0.667
-1.3849,0.674
-1.3673,0.684
-1.3489,0.674
-1.3599,0.642
-1.3609,0.643
-1.3744,0.7
-1.3845,0.709
-1.3646,0.717
-1.3658,0.72
-1.3461,0.735
-1.3481,0.741
-1.3752,0.71
-1.3781,0.697
-1.3691,0.683
-1.3747,0.647
-1.3603,0.641
-1.3657,0.655
-1.3662,0.685
-1.361,0.717
-1.3617,0.73
-1.3663,0.756
-1.3676,0.774
-1.3792,0.783
-1.3818,0.782
-1.3644,0.742
-1.3666,0.711
-1.3666,0.71
-1.3655,0.708
-1.3831,0.67
-1.3837,0.674
-1.3774,0.667
-1.3659,0.682
-1.3505,0.688
-1.3707,0.725
-1.382,0.754
-1.3824,0.769
-1.3747,0.765
-1.368,0.741
-1.3562,0.748
-1.3663,0.714
-1.3705,0.673
-1.3617,0.664
-1.3755,0.64
-1.3684,0.614
-1.3748,0.63
-1.3597,0.627
-1.3578,0.661
-1.3557,0.689
-1.3233,0.716
-1.3667,0.737
-1.3896,0.762
-1.3629,0.744
-1.3498,0.719
-1.3344,0.702
-1.3346,0.687
-1.3688,0.655
-1.3812,0.638
-1.398,0.637
-1.3914,0.659
-1.3683,0.67
-1.3605,0.687
-1.3636,0.724
-1.372,0.743
-1.3696,0.75
-1.353,0.736
-1.3499,0.73
-1.3696,0.73
-1.384,0.707
-1.384,0.695
-1.3807,0.682
-1.3626,0.666
-1.366,0.645
-1.3725,0.649
-1.382,0.65
-1.3727,0.696
-1.3543,0.702
-1.3531,0.682
-1.3485,0.693
-1.3546,0.721
-1.3847,0.711
-1.3791,0.714
-1.3829,0.695
-1.3858,0.695
-1.3715,0.666
-1.3742,0.668
-1.3753,0.666
-1.3889,0.697
-1.3816,0.697
-1.36,0.705
-1.3648,0.692
-1.3635,0.693
-1.3563,0.692
-1.3707,0.705
-1.3763,0.711
-1.3848,0.715
-1.376,0.693
-1.3576,0.709
-1.3667,0.718
-1.3736,0.705
-1.3749,0.681
-1.3833,0.652
-1.3699,0.625
-1.3606,0.632
-1.3654,0.63
-1.3535,0.655
-1.3611,0.656
-1.3516,0.672
-1.357,0.709
-1.3689,0.719
-1.3753,0.707
-1.3931,0.696
-1.3885,0.696
-1.3734,0.67
-1.3657,0.653
-1.3551,0.66
-1.3847,0.677
-1.3865,0.68
-1.3797,0.666
-1.3874,0.666
-1.3747,0.662
-1.3765,0.676
-1.3725,0.689
-1.3603,0.685
-1.3656,0.729
-1.3726,0.729
-1.3804,0.719
-1.3887,0.737
-1.3713,0.698
-1.3584,0.706
-1.3549,0.69
-1.3241,0.673
-1.3583,0.664
-1.3767,0.653
-1.3789,0.658
-1.3732,0.695
-1.3748,0.654
-1.3947,0.679
-1.3857,0.7
-1.3754,0.708
-1.3849,0.688
-1.3786,0.691
-1.3784,0.676
-1.3712,0.673
-1.3565,0.655
-1.3709,0.659
-1.3755,0.658
-1.385,0.66
-1.3832,0.671
-1.3637,0.692
-1.3589,0.691
-1.3595,0.709
-1.3673,0.715
-1.3806,0.671
-1.3412,0.644
-1.353,0.618
-1.3615,0.628
-1.3652,0.634
-1.3661,0.623
-1.3561,0.635
-1.3679,0.658
-1.3713,0.689
-1.3734,0.702
-1.375,0.712
-1.3643,0.707
-1.3671,0.685
-1.3668,0.694
-1.3663,0.675
-1.3765,0.659
-1.3676,0.659
-1.3756,0.666
-1.3714,0.663
-1.3754,0.678
-1.3864,0.682
-1.3752,0.681
-1.37,0.658
-1.3679,0.657
-1.3575,0.642
-1.3587,0.634
-1.3585,0.642
-1.3774,0.638
-1.374,0.644
-1.369,0.643
-1.3578,0.631
-1.3533,0.631
-1.3555,0.651
-1.3542,0.66
-1.366,0.683
-1.3723,0.667
-1.3733,0.667
-1.3835,0.645
-1.3729,0.641
-1.3826,0.65
-1.3722,0.625
-1.3554,0.616
-1.3525,0.592
-1.3519,0.583
-1.3599,0.604
-1.3587,0.612
-1.3602,0.63
-1.3425,0.648
-1.3552,0.69
-1.3681,0.7
-1.3551,0.705
-1.3944,0.69
-1.3867,0.668
-1.3838,0.644
-1.3818,0.639
-1.3744,0.638
-1.3753,0.646
-1.3568,0.656
-1.3559,0.645
-1.3532,0.648
-1.3596,0.686
-1.3808,0.697
-1.366,0.703
-1.3673,0.696
-1.3611,0.692
-1.3427,0.691
-1.3583,0.692
-1.3685,0.676
-1.3746,0.68
-1.3844,0.653
-1.3657,0.674
-1.3674,0.647
-1.3615,0.668
-1.3771,0.68
-1.3869,0.661
-1.3658,0.677
-1.3616,0.67
-1.3572,0.647
-1.3661,0.661
-1.3603,0.666
-1.366,0.642
-1.372,0.641
-1.3561,0.64
-1.3616,0.656
-1.3619,0.665
-1.3653,0.697
-1.3684,0.702
-1.3591,0.715
-1.3497,0.688
-1.3528,0.697
-1.3559,0.707
-1.3871,0.676
-1.3895,0.687
-1.3708,0.679
-1.3624,0.668
-1.3512,0.661
-1.3509,0.656
-1.3558,0.658
-1.3681,0.659
-1.3875,0.669
-1.3903,0.66
-1.3872,0.667
-1.3838,0.669
-1.3748,0.649
-1.3744,0.68
-1.3417,0.634
-1.3888,0.608
-1.3835,0.622
-1.3744,0.61
-1.3505,0.65
-1.3548,0.653
-1.3891,0.667
-1.3938,0.658
-1.3746,0.662
-1.3494,0.652
-1.3595,0.636
-1.3698,0.647
-1.3793,0.645
-1.3938,0.653
-1.3714,0.645
-1.3462,0.654
-1.3375,0.671
-1.3398,0.687
-1.3611,0.656
-1.3557,0.655
-1.3445,0.651
-1.3663,0.633
-1.3686,0.633
-1.3854,0.647
-1.3975,0.664
-1.3446,0.695
-1.3389,0.699
-1.3605,0.701
-1.3729,0.712
-1.3724,0.704
-1.3545,0.7
-1.3445,0.694
-1.3154,0.663
-1.3114,0.667
-1.3319,0.665
-1.3435,0.653
-1.3563,0.657
-1.3552,0.663
-1.3764,0.664
-1.387,0.672
-1.3609,0.701
-1.3547,0.731
-1.3521,0.722
-1.3475,0.729
-1.3541,0.701
-1.3514,0.703
-1.3628,0.695
-1.3736,0.7
-1.3631,0.701
-1.3647,0.698
-1.3813,0.703
-1.3731,0.705
-1.3611,0.683
-1.3453,0.713
-1.3532,0.719
-1.366,0.744
-1.3676,0.735
-1.3705,0.734
-1.3646,0.726
-1.3496,0.697
-1.3457,0.711
-1.3557,0.714
-1.3674,0.746
-1.3903,0.739
-1.3611,0.722
-1.3576,0.754
-1.3537,0.733
-1.3589,0.754
-1.3589,0.751
-1.3632,0.748
-1.355,0.75
-1.3484,0.723
-1.3597,0.721
-1.3597,0.714
-1.3546,0.74
-1.3606,0.756
-1.355,0.771
-1.3652,0.792
-1.3831,0.788
-1.3673,0.773
-1.3519,0.76
-1.3515,0.753
-1.3611,0.738
-1.3638,0.7
-1.3713,0.708
-1.3834,0.706
-1.373,0.744
-1.3674,0.755
-1.366,0.793
-1.3735,0.821
-1.3675,0.795
-1.3713,0.788
-1.3901,0.767
-1.357,0.757
-1.3358,0.703
-1.3608,0.666
-1.3515,0.634
-1.3618,0.608
-1.3532,0.63
-1.3851,0.647
-1.3827,0.66
-1.3723,0.682
-1.3494,0.699
-1.3287,0.719
-1.3507,0.756
-1.3733,0.771
-1.3708,0.768
-1.366,0.737
-1.3602,0.732
-1.3523,0.729
-1.3678,0.736
-1.3641,0.752
-1.3635,0.775
-1.3736,0.774
-1.3584,0.773
-1.3629,0.769
-1.3687,0.762
-1.3764,0.753
-1.3643,0.752
-1.3618,0.748
-1.3732,0.744
-1.3723,0.73
-1.3625,0.748
-1.3689,0.756
-1.371,0.785
-1.3653,0.816
-1.3703,0.825
-1.3761,0.809
-1.3714,0.788
-1.3668,0.761
-1.3751,0.759
-1.378,0.771
-1.3711,0.796
-1.38,0.828
-1.3736,0.833
-1.3603,0.828
-1.377,0.801
-1.3575,0.791
-1.3709,0.805
-1.3735,0.789
-1.37,0.775
-1.3679,0.76
-1.3636,0.745
-1.3714,0.752
-1.605,0.753
-2.8871,0.757
-2.1954,0.766
-1.7468,0.797
-1.5496,0.804
-1.4699,0.791
-1.4462,0.783
-1.4108,0.778
-1.3894,0.741
-1.3834,0.728
-1.394,0.73
-1.3992,0.742
-1.3939,0.773
-1.4001,0.79
-1.3829,0.791
-1.3668,0.79
-1.3805,0.811
-1.398,0.808
-1.3848,0.799
-1.3761,0.797
-1.3643,0.779
-1.3691,0.771
-1.3694,0.779
-1.3905,0.793
-1.3907,0.781
-1.3801,0.793
-1.3784,0.783
-1.3796,0.771
-1.3624,0.764
-1.3658,0.739
-1.3583,0.749
-1.3774,0.769
-1.3694,0.787
-1.3785,0.761
-1.3844,0.745
-1.3769,0.774
-1.3853,0.776
-1.3573,0.75
-1.3331,0.695
-1.3392,0.661
-1.3318,0.676
-1.3383,0.682
-1.3554,0.708
-1.3613,0.764
-1.3683,0.798
-1.3652,0.819
-1.3475,0.798
-1.3502,0.78
-1.3604,0.781
-1.3668,0.771
-1.357,0.767
-1.3549,0.752
-1.354,0.734
-1.3531,0.738
-1.3591,0.768
-1.3666,0.796
-1.3608,0.806
-1.3542,0.795
-1.3595,0.778
-1.3467,0.755
-1.3532,0.747
-1.366,0.73
-1.3597,0.716
-1.3463,0.724
-1.3602,0.722
-1.3541,0.744
-1.3504,0.766
-1.3506,0.808
-1.3439,0.788
-1.3504,0.788
-1.3549,0.776
-1.3518,0.762
-1.351,0.705
-1.3395,0.712
-1.3728,0.662
-1.3775,0.673
-1.3564,0.679
-1.3406,0.7
-1.3451,0.712
-1.3614,0.716
-1.3574,0.709
-1.3575,0.706
-1.3608,0.688
-1.3344,0.699
-1.332,0.752
-1.3469,0.741
-1.3578,0.722
-1.4444,1.388
-1.4343,0.628
-0.9657,0.638
-0.9782,0.61
-1.2059,1.409
-1.3375,0.723
-1.4194,0.732
-1.4539,0.728
-1.4651,0.727
-1.4732,0.744
-1.453,0.733
-1.4247,0.736
-1.4038,0.786
-1.3407,0.646
-1.3833,0.68
-1.3731,0.694
-1.376,0.71
-1.381,0.728
-1.3575,0.774
-1.3442,0.791
-1.3406,0.792
-1.3059,0.772
-1.3938,0.777
-1.3679,0.783
-1.3587,0.784
-1.3511,0.776
-1.3271,0.763
-1.3432,0.728
-1.341,0.717
-1.3406,0.738
-1.3518,0.757
-1.3482,0.764
-1.3514,0.795
-1.3591,0.794
-1.3666,0.791
-1.3502,0.8
-1.3447,0.782
-1.3387,0.75
-1.3288,0.74
-1.3161,0.744
-1.3339,0.752
-1.3485,0.766
-1.3479,0.773
-1.3491,0.752
-1.3266,0.755
-1.3098,0.754
-1.3258,0.802
-1.3732,0.828
-1.3736,0.86
-1.345,0.845
-1.332,0.808
-1.3253,0.795
-1.3328,0.795
-1.3357,0.797
-1.3465,0.784
-1.3242,0.754
-1.3259,0.762
-1.3304,0.756
-1.3385,0.781
-1.3376,0.767
-1.341,0.735
-1.3422,0.699
-1.342,0.662
-1.351,0.687
-1.3295,0.722
-1.3367,0.762
-1.3415,0.776
-1.344,0.789
-1.3391,0.813
-1.3516,0.817
-1.3512,0.813
-1.342,0.812
-1.3248,0.782
-1.3414,0.768
-1.338,0.757
-1.3254,0.79
-1.3505,0.865
-1.3549,0.867
-1.3379,0.869
-1.3162,0.865
-1.3213,0.848
-1.3413,0.856
-1.3456,0.83
-1.3301,0.808
-1.3376,0.764
-1.3459,0.748
-1.3362,0.727
-1.3358,0.725
-1.3542,0.735
-1.3443,0.809
-1.3519,0.868
-1.3552,0.873
-1.3523,0.854
-1.3366,0.865
-1.3341,0.843
-1.3137,0.817
-1.324,0.782
-1.3259,0.76
-1.3304,0.761
-1.3489,0.778
-1.3568,0.792
-1.3469,0.803
-1.3303,0.827
-1.3133,0.831
-1.329,0.846
-1.3436,0.867
-1.3465,0.83
-1.3396,0.809
-1.33,0.792
-1.3268,0.786
-1.3517,0.779
-1.3611,0.785
-1.3496,0.786
-1.3449,0.794
-1.3341,0.795
-1.3338,0.796
-1.3309,0.798
-1.3495,0.821
-1.3608,0.82
-1.3585,0.821
-1.3438,0.8
-1.3353,0.815
-1.3418,0.831
-1.3513,0.83
-1.3657,0.817
-1.359,0.824
-1.3461,0.821
-1.3418,0.826
-1.3492,0.809
-1.3527,0.8
-1.349,0.782
-1.3429,0.787
-1.3561,0.814
-1.3605,0.838
-1.3716,0.851
-1.3553,0.806
-1.3532,0.813
-1.3539,0.806
-1.3591,0.825
-1.3706,0.807
-1.3624,0.799
-1.3444,0.778
-1.3446,0.77
-1.3712,0.766
-1.376,0.775
-1.387,0.78
-1.3809,0.75
-1.3724,0.747
-1.3487,0.783
-1.3583,0.764
-1.3558,0.787
-1.3363,0.792
-1.3671,0.795
-1.3731,0.787
-1.3702,0.781
-1.3508,0.758
-1.366,0.747
-1.3711,0.761
-1.3824,0.778
-1.375,0.827
-1.3679,0.831
-1.3746,0.8
-1.3617,0.794
-1.3839,0.811
-1.3792,0.809
-1.366,0.788
-1.3528,0.787
-1.3676,0.785
-1.3737,0.799
-1.3661,0.801
-1.3628,0.794
-1.3557,0.787
-1.3539,0.808
-1.3704,0.806
-1.3816,0.804
-1.3751,0.781
-1.3517,0.773
-1.3526,0.778
-1.361,0.801
-1.3749,0.802
-1.3715,0.787
-1.372,0.766
-1.3642,0.767
-1.3546,0.77
-1.3586,0.788
-1.3576,0.815
-1.3493,0.811
-1.3595,0.812
-1.3631,0.838
-1.3778,0.826
-1.3751,0.807
-1.3595,0.772
-1.3719,0.767
-1.3534,0.771
-1.3669,0.785
-1.3706,0.805
-1.3632,0.801
-1.3558,0.785
-1.3568,0.794
-1.3706,0.794
-1.3811,0.794
-1.3647,0.789
-1.3629,0.779
-1.3544,0.799
-1.3599,0.808
-1.3657,0.813
-1.3705,0.789
-1.3713,0.78
-1.3625,0.774
-1.3626,0.767
-1.3605,0.781
-1.3417,0.764
-1.3563,0.748
-1.3942,0.727
-1.3462,0.776
-1.3764,0.753
-1.3911,0.75
-1.3731,0.719
-1.3829,0.686
-1.3844,0.668
-1.3762,0.707
-1.3838,0.72
-1.3727,0.734
-1.3671,0.741
-1.3751,0.762
-1.3842,0.782
-1.3647,0.812
-1.3732,0.783
-1.368,0.784
-1.3733,0.776
-1.3524,0.789
-1.3659,0.791
-1.3685,0.795
-1.3722,0.791
-1.3749,0.779
-1.3422,0.796
-1.3779,0.781
-1.3725,0.767
-1.365,0.763
-1.3538,0.77
-1.3588,0.785
-1.3628,0.805
-1.3764,0.83
-1.3579,0.855
-1.365,0.843
-1.3664,0.806
-1.3692,0.812
-1.3531,0.805
-1.3673,0.799
-1.3645,0.8
-1.3633,0.795
-1.3688,0.795
-1.3901,0.805
-1.3783,0.833
-1.3702,0.844
-1.3533,0.858
-1.3521,0.84
-1.3551,0.836
-1.3682,0.834
-1.3643,0.849
-1.3687,0.817
-1.3725,0.823
-1.3601,0.792
-1.3646,0.774
-1.3874,0.786
-1.3882,0.779
-1.3729,0.793
-1.3757,0.817
-1.3521,0.827
-1.3615,0.838
-1.3784,0.833
