SNO, selduration
1,0.793
2,0.796
3,0.801
4,0.85
5,0.857
6,0.835
7,0.798
8,0.767
9,0.769
10,0.761
11,0.756
12,0.748
13,0.744
14,0.756
15,0.774
16,0.776
17,0.778
18,0.774
19,0.78
20,0.792
21,0.79
22,0.777
23,0.77
24,0.777
25,0.794
26,0.791
27,0.776
28,0.788
29,0.807
30,0.797
31,0.777
32,0.786
33,0.799
34,0.816
35,0.808
36,0.786
37,0.772
38,0.771
39,0.777
40,0.788
41,0.793
42,0.815
43,0.827
44,0.845
45,0.818
46,0.808
47,0.802
48,0.797
49,0.797
50,0.801
51,0.807
52,0.824
53,0.839
54,0.82
55,0.83
56,0.832
57,0.831
58,0.82
59,0.804
60,0.801
61,0.798
62,0.798
63,0.803
64,0.815
65,0.86
66,0.856
67,0.828
68,0.815
69,0.811
70,0.809
71,0.808
72,0.808
73,0.815
74,0.827
75,0.851
76,0.844
77,0.835
78,0.842
79,0.854
80,0.861
81,0.835
82,0.82
83,0.815
84,0.836
85,0.841
86,0.84
87,0.843
88,0.848
89,0.866
90,0.857
91,0.852
92,0.819
93,0.815
94,0.82
95,0.836
96,0.851
97,0.84
98,0.828
99,0.844
100,0.823
101,0.82
102,0.831
103,0.873
104,0.884
105,0.919
106,0.888
107,0.876
108,0.879
109,0.881
110,0.871
111,0.849
112,0.838
113,0.823
114,0.836
115,0.83
116,0.833
117,0.836
118,0.821
119,0.848
120,0.871
121,0.882
122,0.868
123,0.847
124,0.826
125,0.825
126,0.819
127,0.819
128,0.846
129,0.876
130,0.912
131,0.937
132,0.928
133,0.911
134,0.903
135,0.893
136,0.876
137,0.861
138,0.879
139,0.885
140,0.898
141,0.875
142,0.898
143,0.884
144,0.849
145,0.817
146,0.8
147,0.84
148,0.884
149,0.901
150,0.815
151,0.806
152,0.798
153,0.79
154,0.795
155,0.785
156,0.772
157,0.738
158,0.709
159,0.698
160,0.736
161,0.745
162,0.779
163,0.812
164,0.825
165,0.824
166,0.816
167,0.815
168,0.831
169,0.818
170,0.799
171,0.787
172,0.78
173,0.799
174,0.809
175,0.833
176,0.84
177,0.838
178,0.85
179,0.853
180,0.859
181,0.839
182,0.832
183,0.83
184,0.833
185,0.833
186,0.825
187,0.825
188,0.834
189,0.835
190,0.836
191,0.828
192,0.824
193,0.832
194,0.841
195,0.827
196,0.817
197,0.822
198,0.823
199,0.807
200,0.794
201,0.807
202,0.818
203,0.847
204,0.848
205,0.837
206,0.829
207,0.839
208,0.833
209,0.817
210,0.831
211,0.83
212,0.84
213,0.821
214,0.823
215,0.83
216,0.834
217,0.832
218,0.836
219,0.853
220,0.867
221,0.862
222,0.878
223,0.89
224,0.883
225,0.855
226,0.834
227,0.811
228,0.782
229,0.773
230,0.743
231,0.79
232,0.857
233,0.889
234,0.867
235,0.899
236,0.896
237,0.871
238,0.842
239,0.835
240,0.839
241,0.83
242,0.812
243,0.808
244,0.825
245,0.838
246,0.854
247,0.842
248,0.833
249,0.836
250,0.844
251,0.845
252,0.843
253,0.831
254,0.848
255,0.844
256,0.844
257,0.85
258,0.845
259,0.86
260,0.856
261,0.847
262,0.84
263,0.846
264,0.844
265,0.847
266,0.839
267,0.835
268,0.839
269,0.832
270,0.848
271,0.852
272,0.843
273,0.847
274,0.854
275,0.878
276,0.882
277,0.909
278,0.918
279,0.919
280,0.903
281,0.903
282,0.888
283,0.854
284,0.866
285,0.879
286,0.91
287,0.91
288,0.929
289,0.925
290,0.931
291,0.894
292,0.887
293,0.894
294,0.888
295,0.879
296,0.875
297,0.871
298,0.866
299,0.837
300,0.82
301,0.805
302,0.865
303,0.902
304,0.9
305,0.841
306,0.863
307,0.852
308,0.828
309,0.845
310,0.853
311,0.858
312,0.842
313,0.827
314,0.821
315,0.831
316,0.84
317,0.854
318,0.826
319,0.821
320,0.823
321,0.832
322,0.838
323,0.826
324,0.824
325,0.817
326,0.837
327,0.85
328,0.857
329,0.847
330,0.84
331,0.847
332,0.85
333,0.842
334,0.835
335,0.824
336,0.814
337,0.798
338,0.791
339,0.779
340,0.787
341,0.795
342,0.8
343,0.809
344,0.81
345,0.801
346,0.806
347,0.83
348,0.847
349,0.848
350,0.835
351,0.807
352,0.809
353,0.812
354,0.825
355,0.835
356,0.842
357,0.842
358,0.847
359,0.862
360,0.863
361,0.87
362,0.846
363,0.832
364,0.814
365,0.79
366,0.79
367,0.834
368,0.868
369,0.943
370,0.983
371,0.967
372,0.946
373,0.952
374,0.944
375,0.922
376,0.89
377,0.862
378,0.857
379,0.847
380,0.86
381,0.852
382,0.862
383,0.896
384,0.896
385,0.869
386,0.854
387,0.904
388,0.912
389,0.871
390,0.875
391,0.821
392,0.74
393,0.731
394,0.77
395,0.836
396,0.876
397,0.912
398,0.869
399,0.861
400,0.855
401,0.868
402,0.869
403,0.785
404,0.696
405,0.708
406,0.752
407,0.774
408,0.822
409,0.854
410,0.857
411,0.791
412,0.773
413,0.81
414,0.836
415,0.828
416,0.805
417,0.775
418,0.766
419,0.779
420,0.795
421,0.805
422,0.756
423,0.755
424,0.74
425,0.742
426,0.743
427,0.733
428,0.72
429,0.693
430,0.692
431,0.697
432,0.693
433,0.681
434,0.673
435,0.666
436,0.667
437,0.683
438,0.676
439,0.686
440,0.693
441,0.69
442,0.725
443,0.747
444,0.74
445,0.723
446,0.716
447,0.719
448,0.734
449,0.741
450,0.746
451,0.732
452,0.736
453,0.731
454,0.742
455,0.764
456,0.752
457,0.752
458,0.745
459,0.758
460,0.761
461,0.757
462,0.759
463,0.753
464,0.759
465,0.753
466,0.742
467,0.744
468,0.758
469,0.776
470,0.778
471,0.767
472,0.754
473,0.764
474,0.775
475,0.778
476,0.769
477,0.752
478,0.765
479,0.777
480,0.775
481,0.777
482,0.788
483,0.811
484,0.827
485,0.834
486,0.81
487,0.779
488,0.772
489,0.783
490,0.786
491,0.801
492,0.788
493,0.773
494,0.786
495,0.799
496,0.801
497,0.794
498,0.763
499,0.754
500,0.754
501,0.757
502,0.751
503,0.753
504,0.774
505,0.763
506,0.788
507,0.797
508,0.788
509,0.775
510,0.771
511,0.788
512,0.787
513,0.781
514,0.776
515,0.791
516,0.829
517,0.823
518,0.825
519,0.825
520,0.842
521,0.863
522,0.889
523,0.845
524,0.811
525,0.78
526,0.778
527,0.81
528,0.862
529,0.853
530,0.866
531,0.856
532,0.867
533,0.865
534,0.855
535,0.839
536,0.839
537,0.868
538,0.86
539,0.859
540,0.855
541,0.862
542,0.879
543,0.89
544,0.882
545,0.861
546,0.85
547,0.835
548,0.799
549,0.774
550,0.803
551,0.838
552,0.909
553,0.915
554,0.908
555,0.878
556,0.861
557,0.87
558,0.869
559,0.873
560,0.836
561,0.831
562,0.829
563,0.836
564,0.826
565,0.775
566,0.771
567,0.789
568,0.794
569,0.819
570,0.827
571,0.867
572,0.886
573,0.88
574,0.863
575,0.842
576,0.835
577,0.814
578,0.808
579,0.794
580,0.798
581,0.821
582,0.842
583,0.852
584,0.835
585,0.826
586,0.819
587,0.822
588,0.818
589,0.786
590,0.779
591,0.777
592,0.8
593,0.805
594,0.795
595,0.804
596,0.795
597,0.806
598,0.811
599,0.79
600,0.797
601,0.783
602,0.789
603,0.787
604,0.776
605,0.777
606,0.793
607,0.792
608,0.782
609,0.776
610,0.778
611,0.795
612,0.799
613,0.779
614,0.785
615,0.775
616,0.796
617,0.8
618,0.806
619,0.811
620,0.812
621,0.803
622,0.816
623,0.792
624,0.783
625,0.799
626,0.814
627,0.795
628,0.792
629,0.789
630,0.797
631,0.796
632,0.796
633,0.789
634,0.799
635,0.799
636,0.809
637,0.793
638,0.788
639,0.808
640,0.838
641,0.836
642,0.813
643,0.779
644,0.798
645,0.796
646,0.804
647,0.809
648,0.83
649,0.849
650,0.818
651,0.799
652,0.775
653,0.783
654,0.779
655,0.788
656,0.793
657,0.793
658,0.796
659,0.787
660,0.768
661,0.774
662,0.797
663,0.811
664,0.803
665,0.799
666,0.779
667,0.785
668,0.789
669,0.816
670,0.794
671,0.794
672,0.802
673,0.816
674,0.827
675,0.828
676,0.83
677,0.843
678,0.854
679,0.87
680,0.822
681,0.779
682,0.787
683,0.807
684,0.82
685,0.823
686,0.843
687,0.848
688,0.843
689,0.824
690,0.813
691,0.799
692,0.813
693,0.822
694,0.821
695,0.833
696,0.851
697,0.848
698,0.848
699,0.837
700,0.832
701,0.826
702,0.826
703,0.816
704,0.799
705,0.807
706,0.813
707,0.812
708,0.814
709,0.825
710,0.851
711,0.836
712,0.802
713,0.792
714,0.785
715,0.801
716,0.816
717,0.806
718,0.8
719,0.821
720,0.848
721,0.84
722,0.799
723,0.789
724,0.795
725,0.814
726,0.827
727,0.817
728,0.799
729,0.817
730,0.813
731,0.816
732,0.792
733,0.793
734,0.769
735,0.791
736,0.82
737,0.837
738,0.834
739,0.83
740,0.847
741,0.848
742,0.811
743,0.739
744,0.708
745,0.736
746,0.748
747,0.773
748,0.782
749,0.798
750,0.798
751,0.801
752,0.79
753,0.773
754,0.79
755,0.791
756,0.798
757,0.772
758,0.759
759,0.76
760,0.761
761,0.767
762,0.775
763,0.774
764,0.782
765,0.791
766,0.812
767,0.783
768,0.776
769,0.75
770,0.76
771,0.759
772,0.759
773,0.762
774,0.763
775,0.777
776,0.791
777,0.793
778,0.791
779,0.772
780,0.79
781,0.803
782,0.826
783,0.81
784,0.806
785,0.818
786,0.82
787,0.814
788,0.789
789,0.764
790,0.765
791,0.759
792,0.719
793,0.693
794,0.688
795,0.725
796,0.745
797,0.78
798,0.788
799,0.803
800,0.808
801,0.774
802,0.771
803,0.769
804,0.764
805,0.786
806,0.772
807,0.793
808,0.807
809,0.819
810,0.798
811,0.768
812,0.742
813,0.754
814,0.757
815,0.769
816,0.777
817,0.779
818,0.759
819,0.776
820,0.762
821,0.754
822,0.758
823,0.759
824,0.753
825,0.746
826,0.732
827,0.712
828,0.708
829,0.727
830,0.733
831,0.751
832,0.753
833,0.767
834,0.785
835,0.788
836,0.764
837,0.769
838,0.748
839,0.744
840,0.751
841,0.749
842,0.742
843,0.751
844,0.752
845,0.779
846,0.789
847,0.791
848,0.765
849,0.749
850,0.751
851,0.75
852,0.745
853,0.744
854,0.745
855,0.756
856,0.768
857,0.771
858,0.764
859,0.759
860,0.769
861,0.798
862,0.797
863,0.781
864,0.775
865,0.756
866,0.772
867,0.762
868,0.768
869,0.776
870,0.783
871,0.817
872,0.825
873,0.802
874,0.794
875,0.767
876,0.756
877,0.737
878,0.732
879,0.737
880,0.739
881,0.76
882,0.809
883,0.827
884,0.811
885,0.796
886,0.769
887,0.765
888,0.769
889,0.77
890,0.764
891,0.76
892,0.762
893,0.793
894,0.723
895,0.699
896,0.689
897,0.715
898,0.733
899,0.738
900,0.774
901,0.801
902,0.823
903,0.827
904,0.789
905,0.757
906,0.772
907,0.774
908,0.808
909,0.802
910,0.786
911,0.811
912,0.833
913,0.833
914,0.829
915,0.799
916,0.79
917,0.805
918,0.796
919,0.786
920,0.792
921,0.809
922,0.822
923,0.821
924,0.821
925,0.822
926,0.82
927,0.821
928,0.785
929,0.792
930,0.807
931,0.815
932,0.821
933,0.818
934,0.782
935,0.808
936,0.802
937,0.804
938,0.805
939,0.782
940,0.807
941,0.802
942,0.786
943,0.784
944,0.795
945,0.79
946,0.774
947,0.775
948,0.767
949,0.78
950,0.804
951,0.812
952,0.796
953,0.793
954,0.794
955,0.787
956,0.779
957,0.769
958,0.771
959,0.783
960,0.792
961,0.795
962,0.789
963,0.786
964,0.798
965,0.808
966,0.805
967,0.81
968,0.814
969,0.826
970,0.84
971,0.823
972,0.754
973,0.739
974,0.724
975,0.727
976,0.747
977,0.773
978,0.809
979,0.817
980,0.821
981,0.814
982,0.809
983,0.812
984,0.795
985,0.786
986,0.772
987,0.759
988,0.762
989,0.779
990,0.776
991,0.803
992,0.788
993,0.798
994,0.799
995,0.806
996,0.803
997,0.773
998,0.776
999,0.78
1000,0.78
1001,0.782
1002,0.795
1003,0.792
1004,0.813
1005,0.831
1006,0.832
1007,0.826
1008,0.797
1009,0.794
1010,0.792
1011,0.794
1012,0.798
1013,0.787
1014,0.788
1015,0.809
1016,0.819
1017,0.834
1018,0.823
1019,0.826
1020,0.841
1021,0.823
1022,0.826
1023,0.779
1024,0.785
1025,0.776
1026,0.777
1027,0.771
1028,0.761
1029,0.76
1030,0.776
1031,0.789
1032,0.787
1033,0.794
1034,0.798
1035,0.801
1036,0.828
1037,0.818
1038,0.835
1039,0.854
1040,0.854
1041,0.835
1042,0.797
1043,0.792
1044,0.789
1045,0.791
1046,0.804
1047,0.826
1048,0.866
1049,0.885
1050,0.862
1051,0.84
1052,0.813
1053,0.785
1054,0.786
1055,0.771
1056,0.762
1057,0.742
1058,0.73
1059,0.737
1060,0.756
1061,0.773
1062,0.82
1063,0.807
1064,0.779
1065,0.8
1066,0.793
1067,0.773
1068,0.758
1069,0.74
1070,0.739
1071,0.735
1072,0.762
1073,0.773
1074,0.793
1075,0.798
1076,0.792
1077,0.809
1078,0.824
1079,0.825
1080,0.754
1081,0.709
1082,0.7
1083,0.719
1084,0.73
1085,0.744
1086,0.803
1087,0.831
1088,0.818
1089,0.815
1090,0.804
1091,0.799
1092,0.802
1093,0.784
1094,0.775
1095,0.784
1096,0.817
1097,0.846
1098,0.843
1099,0.813
1100,0.791
1101,0.793
1102,0.793
1103,0.786
1104,0.752
1105,0.733
1106,0.68
1107,0.68
1108,0.699
1109,0.73
1110,0.781
1111,0.793
1112,0.797
1113,0.817
1114,0.849
1115,0.804
1116,0.8
1117,0.787
1118,0.803
1119,0.789
1120,0.784
1121,0.791
1122,0.751
1123,0.765
1124,0.785
1125,0.794
1126,0.784
1127,0.787
1128,0.775
1129,0.825
1130,0.834
1131,0.814
1132,0.805
1133,0.777
1134,0.813
1135,0.839
1136,0.876
1137,0.838
1138,0.804
1139,0.797
1140,0.836
1141,0.819
1142,0.816
1143,0.828
1144,0.825
1145,0.842
1146,0.846
1147,0.856
1148,0.845
1149,0.822
1150,0.794
1151,0.767
1152,0.776
1153,0.783
1154,0.789
1155,0.798
1156,0.847
1157,0.841
1158,0.826
1159,0.816
1160,0.807
1161,0.819
1162,0.806
1163,0.793
1164,0.772
1165,0.774
1166,0.786
1167,0.784
1168,0.786
1169,0.776
1170,0.781
1171,0.803
1172,0.792
1173,0.726
1174,0.717
1175,0.733
1176,0.764
1177,0.791
1178,0.835
1179,0.845
1180,0.842
1181,0.799
1182,0.762
1183,0.756
1184,0.776
1185,0.8
1186,0.806
1187,0.802
1188,0.796
1189,0.837
1190,0.867
1191,0.856
1192,0.813
1193,0.771
1194,0.772
1195,0.773
1196,0.8
1197,0.824
1198,0.804
1199,0.824
1200,0.84
1201,0.87
1202,0.847
1203,0.82
1204,0.786
1205,0.77
1206,0.757
1207,0.763
1208,0.785
1209,0.795
1210,0.808
1211,0.848
1212,0.851
1213,0.833
1214,0.815
1215,0.785
1216,0.781
1217,0.79
1218,0.8
1219,0.78
1220,0.798
1221,0.812
1222,0.827
1223,0.809
1224,0.801
1225,0.806
1226,0.814
1227,0.82
1228,0.796
1229,0.798
1230,0.814
1231,0.794
1232,0.807
1233,0.806
1234,0.792
1235,0.8
1236,0.797
1237,0.797
1238,0.791
1239,0.782
1240,0.8
1241,0.803
1242,0.802
1243,0.791
1244,0.773
1245,0.77
1246,0.787
1247,0.8
1248,0.79
1249,0.801
1250,0.796
1251,0.815
1252,0.812
1253,0.801
1254,0.781
1255,0.769
1256,0.779
1257,0.779
1258,0.764
1259,0.709
1260,0.693
1261,0.729
1262,0.776
1263,0.767
1264,0.793
1265,0.817
1266,0.817
1267,0.792
1268,0.751
1269,0.751
1270,0.727
1271,0.72
1272,0.738
1273,0.761
1274,0.77
1275,0.821
1276,0.832
1277,0.831
1278,0.808
1279,0.799
1280,0.796
1281,0.787
1282,0.781
1283,0.772
1284,0.762
1285,0.762
1286,0.764
1287,0.759
1288,0.762
1289,0.764
1290,0.783
1291,0.79
1292,0.78
1293,0.759
1294,0.737
1295,0.717
1296,0.727
1297,0.741
1298,0.741
1299,0.754
1300,0.781
1301,0.805
1302,0.824
1303,0.798
1304,0.78
1305,0.779
1306,0.783
1307,0.782
1308,0.775
1309,0.777
1310,0.777
1311,0.782
1312,0.787
1313,0.766
1314,0.767
1315,0.761
1316,0.777
1317,0.796
1318,0.782
1319,0.78
1320,0.765
1321,0.772
1322,0.793
1323,0.79
1324,0.798
1325,0.775
1326,0.783
1327,0.78
1328,0.787
1329,0.764
1330,0.763
1331,0.787
1332,0.803
1333,0.819
1334,0.811
1335,0.787
1336,0.784
1337,0.782
1338,0.781
1339,0.793
1340,0.799
1341,0.784
1342,0.798
1343,0.85
1344,0.827
1345,0.825
1346,0.778
1347,0.763
1348,0.754
1349,0.745
1350,0.743
1351,0.732
1352,0.734
1353,0.766
1354,0.792
1355,0.809
1356,0.79
1357,0.766
1358,0.779
1359,0.798
1360,0.808
1361,0.788
1362,0.78
1363,0.77
1364,0.781
1365,0.796
1366,0.798
1367,0.783
1368,0.769
1369,0.777
1370,0.794
1371,0.801
1372,0.792
1373,0.783
1374,0.794
1375,0.796
1376,0.813
1377,0.78
1378,0.773
1379,0.785
1380,0.81
1381,0.81
1382,0.786
1383,0.782
1384,0.799
1385,0.806
1386,0.777
1387,0.754
1388,0.738
1389,0.747
1390,0.868
1391,0.81
1392,0.875
1393,0.871
1394,0.835
1395,0.822
1396,0.818
1397,0.777
1398,0.748
1399,0.747
1400,0.737
1401,0.733
1402,0.713
1403,0.728
1404,0.755
1405,0.77
1406,0.762
1407,0.764
1408,0.74
1409,0.73
1410,0.753
1411,0.744
1412,0.755
1413,0.745
1414,0.742
1415,0.722
1416,0.735
1417,0.748
1418,0.741
1419,0.728
1420,0.722
1421,0.73
1422,0.744
1423,0.757
1424,0.743
1425,0.747
1426,0.705
1427,0.725
1428,0.735
1429,0.693
1430,0.665
1431,0.65
1432,0.688
1433,0.695
1434,0.697
1435,0.712
1436,0.732
1437,0.735
1438,0.711
1439,0.693
1440,0.685
1441,0.679
1442,0.707
1443,0.721
1444,0.735
1445,0.743
1446,0.753
1447,0.781
1448,0.792
1449,0.774
1450,0.739
1451,0.718
1452,0.725
1453,0.713
1454,0.731
1455,0.732
1456,0.734
1457,0.747
1458,0.788
1459,0.796
1460,0.78
1461,0.757
1462,0.739
1463,0.763
1464,0.755
1465,0.772
1466,0.762
1467,0.771
1468,0.783
1469,0.815
1470,0.814
1471,0.81
1472,0.796
1473,0.762
1474,0.758
1475,0.73
1476,0.732
1477,0.735
1478,0.742
1479,0.769
1480,0.814
1481,0.836
1482,0.803
1483,0.762
1484,0.764
1485,0.75
1486,0.733
1487,0.739
1488,0.749
1489,0.752
1490,0.792
1491,0.824
1492,0.809
1493,0.792
1494,0.789
1495,0.778
1496,0.763
1497,0.751
1498,0.766
1499,0.777
1500,0.802
1501,0.791
1502,0.832
1503,0.842
1504,0.844
1505,0.823
1506,0.799
1507,0.791
1508,0.772
1509,0.758
1510,0.754
1511,0.762
1512,0.788
1513,0.829
1514,0.865
1515,0.878
1516,0.864
1517,0.82
1518,0.822
1519,0.807
1520,0.816
1521,0.78
1522,0.801
1523,0.785
1524,0.8
1525,0.82
1526,0.812
1527,0.837
1528,0.838
1529,0.856
1530,0.872
1531,0.862
1532,0.829
1533,0.842
1534,0.811
1535,0.813
1536,0.769
1537,0.778
1538,0.78
1539,0.806
1540,0.85
1541,0.88
1542,0.87
1543,0.852
1544,0.833
1545,0.825
1546,0.836
1547,0.817
1548,0.809
1549,0.792
1550,0.766
1551,0.781
1552,0.763
1553,0.782
1554,0.792
1555,0.801
1556,0.785
1557,0.777
1558,0.803
1559,0.801
1560,0.799
1561,0.79
1562,0.773
1563,0.764
1564,0.778
1565,0.781
1566,0.793
1567,0.795
1568,0.802
1569,0.739
1570,0.722
1571,0.732
1572,0.739
1573,0.765
1574,0.808
1575,0.843
1576,0.857
1577,0.84
1578,0.804
1579,0.775
1580,0.776
1581,0.757
1582,0.746
1583,0.715
1584,0.723
1585,0.725
1586,0.754
1587,0.812
1588,0.856
1589,0.868
1590,0.852
1591,0.852
1592,0.827
1593,0.819
1594,0.779
1595,0.781
1596,0.813
1597,0.823
1598,0.836
1599,0.839
1600,0.841
1601,0.854
1602,0.837
1603,0.822
1604,0.811
1605,0.782
1606,0.791
1607,0.818
1608,0.825
1609,0.864
1610,0.875
1611,0.843
1612,0.858
1613,0.849
1614,0.847
1615,0.834
1616,0.812
1617,0.821
1618,0.832
1619,0.849
1620,0.847
1621,0.844
1622,0.838
1623,0.845
1624,0.818
1625,0.802
1626,0.749
1627,0.751
1628,0.76
1629,0.77
1630,0.76
1631,0.814
1632,0.789
1633,0.8
1634,0.78
1635,0.762
1636,0.763
1637,0.768
1638,0.785
1639,0.8
1640,0.809
1641,0.802
1642,0.807
1643,0.816
1644,0.805
1645,0.801
1646,0.78
1647,0.767
1648,0.754
1649,0.789
1650,0.808
1651,0.837
1652,0.833
1653,0.851
1654,0.86
1655,0.865
1656,0.842
1657,0.819
1658,0.802
1659,0.786
1660,0.795
1661,0.774
1662,0.763
1663,0.77
1664,0.759
1665,0.789
1666,0.814
1667,0.831
1668,0.833
1669,0.823
1670,0.846
1671,0.811
1672,0.816
1673,0.786
1674,0.793
1675,0.82
1676,0.826
1677,0.856
1678,0.838
1679,0.817
1680,0.781
1681,0.792
1682,0.812
1683,0.865
1684,0.858
1685,0.86
1686,0.858
1687,0.828
1688,0.785
1689,0.773
1690,0.764
1691,0.789
1692,0.822
1693,0.846
1694,0.836
1695,0.8
1696,0.778
1697,0.77
1698,0.774
1699,0.756
1700,0.736
1701,0.746
1702,0.74
1703,0.772
1704,0.778
1705,0.798
1706,0.794
1707,0.78
1708,0.766
1709,0.777
1710,0.78
1711,0.78
1712,0.776
1713,0.767
1714,0.76
1715,0.767
1716,0.773
1717,0.776
1718,0.77
1719,0.765
1720,0.769
1721,0.785
1722,0.79
1723,0.791
1724,0.787
1725,0.759
1726,0.752
1727,0.775
1728,0.798
1729,0.781
1730,0.789
1731,0.771
1732,0.781
1733,0.801
1734,0.759
1735,0.709
1736,0.678
1737,0.68
1738,0.693
1739,0.701
1740,0.727
1741,0.796
1742,0.812
1743,0.798
1744,0.796
1745,0.739
1746,0.744
1747,0.752
1748,0.725
1749,0.757
1750,0.738
1751,0.723
1752,0.724
1753,0.761
1754,0.767
1755,0.788
1756,0.804
1757,0.776
1758,0.795
1759,0.798
1760,0.794
1761,0.771
1762,0.743
1763,0.737
1764,0.739
1765,0.739
1766,0.75
1767,0.773
1768,0.752
1769,0.76
1770,0.777
1771,0.786
1772,0.79
1773,0.792
1774,0.786
1775,0.776
1776,0.778
1777,0.755
1778,0.755
1779,0.746
1780,0.759
1781,0.776
1782,0.786
1783,0.765
1784,0.776
1785,0.759
1786,0.788
1787,0.781
1788,0.781
1789,0.76
1790,0.761
1791,0.746
1792,0.764
1793,0.767
1794,0.788
1795,0.805
1796,0.803
1797,0.813
1798,0.801
1799,0.785
1800,0.746
1801,0.731
1802,0.719
1803,0.738
1804,0.769
1805,0.808
1806,0.813
1807,0.815
1808,0.818
1809,0.847
1810,0.813
1811,0.812
1812,0.766
1813,0.745
1814,0.736
1815,0.751
1816,0.791
1817,0.816
1818,0.797
1819,0.804
1820,0.799
1821,0.824
1822,0.809
1823,0.815
1824,0.788
1825,0.781
1826,0.763
1827,0.757
1828,0.701
1829,0.728
1830,0.754
1831,0.821
1832,0.876
1833,0.875
1834,0.88
1835,0.87
1836,0.842
1837,0.833
1838,0.814
1839,0.794
1840,0.761
1841,0.748
1842,0.757
1843,0.765
1844,0.773
1845,0.753
1846,0.705
1847,0.723
1848,0.722
1849,0.729
1850,0.722
1851,0.725
1852,0.745
1853,0.757
1854,0.769
1855,0.759
1856,0.734
1857,0.732
1858,0.751
1859,0.776
1860,0.78
1861,0.789
1862,0.786
1863,0.788
1864,0.81
1865,0.819
1866,0.824
1867,0.799
1868,0.801
1869,0.82
1870,0.821
1871,0.793
1872,0.797
1873,0.798
1874,0.807
1875,0.806
1876,0.815
1877,0.811
1878,0.823
1879,0.819
1880,0.841
1881,0.838
1882,0.839
1883,0.801
1884,0.791
1885,0.782
1886,0.778
1887,0.783
1888,0.8
1889,0.793
1890,0.817
1891,0.812
1892,0.826
1893,0.822
1894,0.816
1895,0.787
1896,0.774
1897,0.741
1898,0.749
1899,0.75
1900,0.76
1901,0.774
1902,0.781
1903,0.798
1904,0.805
1905,0.805
1906,0.783
1907,0.777
1908,0.772
1909,0.759
1910,0.757
1911,0.74
1912,0.712
1913,0.709
1914,0.705
1915,0.728
1916,0.787
1917,0.8
1918,0.819
1919,0.814
1920,0.79
1921,0.791
1922,0.786
1923,0.766
1924,0.74
1925,0.705
1926,0.702
1927,0.717
1928,0.739
1929,0.779
1930,0.804
1931,0.811
1932,0.821
1933,0.828
1934,0.794
1935,0.775
1936,0.735
1937,0.736
1938,0.714
1939,0.725
1940,0.738
1941,0.764
1942,0.776
1943,0.818
1944,0.827
1945,0.823
1946,0.782
1947,0.775
1948,0.761
1949,0.754
1950,0.763
1951,0.769
1952,0.757
1953,0.776
1954,0.817
1955,0.82
1956,0.836
1957,0.813
1958,0.794
1959,0.8
1960,0.776
1961,0.755
1962,0.759
1963,0.732
1964,0.733
1965,0.755
1966,0.756
1967,0.767
1968,0.758
1969,0.793
1970,0.821
1971,0.835
1972,0.805
1973,0.753
1974,0.724
1975,0.738
1976,0.736
1977,0.777
1978,0.837
1979,0.81
1980,0.806
1981,0.796
1982,0.816
1983,0.82
1984,0.82
1985,0.81
1986,0.764
1987,0.767
1988,0.724
1989,0.743
1990,0.753
1991,0.768
1992,0.76
1993,0.762
1994,0.746
1995,0.781
1996,0.791
1997,0.749
1998,0.693
1999,0.669
2000,0.67
2001,0.674
2002,0.679
2003,0.708
2004,0.728
2005,0.747
2006,0.759
2007,0.745
2008,0.724
2009,0.724
2010,0.736
2011,0.741
2012,0.771
2013,0.771
2014,0.76
2015,0.757
2016,0.79
2017,0.787
2018,0.772
2019,0.766
2020,0.728
2021,0.734
2022,0.757
2023,0.749
2024,0.782
2025,0.762
2026,0.751
2027,0.76
2028,0.789
2029,0.799
2030,0.769
2031,0.773
2032,0.78
2033,0.79
2034,0.791
2035,0.771
2036,0.758
2037,0.742
2038,0.75
2039,0.733
2040,0.747
2041,0.75
2042,0.759
2043,0.763
2044,0.789
2045,0.781
2046,0.782
2047,0.761
2048,0.737
2049,0.723
2050,0.715
2051,0.727
2052,0.758
2053,0.775
2054,0.765
2055,0.802
2056,0.827
2057,0.828
2058,0.792
2059,0.766
2060,0.784
2061,0.762
2062,0.762
2063,0.729
2064,0.709
2065,0.699
2066,0.693
2067,0.723
2068,0.782
2069,0.836
2070,0.846
2071,0.8
2072,0.774
2073,0.758
2074,0.751
2075,0.756
2076,0.73
2077,0.721
2078,0.714
2079,0.734
2080,0.759
2081,0.78
2082,0.809
2083,0.836
2084,0.869
2085,0.88
2086,0.884
2087,0.852
2088,0.811
2089,0.765
2090,0.769
2091,0.773
2092,0.788
2093,0.844
2094,0.888
2095,0.874
2096,0.917
2097,0.901
2098,0.856
2099,0.815
2100,0.793
2101,0.762
2102,0.759
2103,0.743
2104,0.757
2105,0.764
2106,0.741
2107,0.764
2108,0.81
2109,0.816
2110,0.799
2111,0.797
2112,0.764
2113,0.752
2114,0.757
2115,0.747
2116,0.695
2117,0.676
2118,0.687
2119,0.728
2120,0.752
2121,0.768
2122,0.838
2123,0.84
2124,0.818
2125,0.776
2126,0.741
2127,0.724
2128,0.728
2129,0.721
2130,0.724
2131,0.732
2132,0.736
2133,0.773
2134,0.796
2135,0.822
2136,0.807
2137,0.777
2138,0.757
2139,0.751
2140,0.763
2141,0.771
2142,0.781
2143,0.774
2144,0.753
2145,0.767
2146,0.789
2147,0.808
2148,0.803
2149,0.784
2150,0.755
2151,0.761
2152,0.758
2153,0.752
2154,0.769
2155,0.789
2156,0.796
2157,0.836
2158,0.85
2159,0.855
2160,0.86
2161,0.825
2162,0.779
2163,0.763
2164,0.771
2165,0.78
2166,0.79
2167,0.79
2168,0.784
2169,0.793
2170,0.81
2171,0.818
2172,0.811
2173,0.788
2174,0.78
2175,0.745
2176,0.762
2177,0.762
2178,0.782
2179,0.77
2180,0.771
2181,0.777
2182,0.776
2183,0.798
2184,0.816
2185,0.83
2186,0.826
2187,0.795
2188,0.784
2189,0.78
2190,0.76
2191,0.756
2192,0.746
2193,0.775
2194,0.77
2195,0.821
2196,0.843
2197,0.833
2198,0.794
2199,0.782
2200,0.763
2201,0.756
2202,0.759
2203,0.741
2204,0.742
2205,0.737
2206,0.718
2207,0.726
2208,0.746
2209,0.754
2210,0.78
2211,0.771
2212,0.761
2213,0.752
2214,0.721
2215,0.723
2216,0.696
2217,0.67
2218,0.641
2219,0.668
2220,0.717
2221,0.747
2222,0.752
2223,0.809
2224,0.809
2225,0.804
2226,0.795
2227,0.771
2228,0.779
2229,0.768
2230,0.745
2231,0.74
2232,0.748
2233,0.73
2234,0.744
2235,0.749
2236,0.752
2237,0.752
2238,0.747
2239,0.765
2240,0.75
2241,0.754
2242,0.748
2243,0.735
2244,0.744
2245,0.756
2246,0.777
2247,0.788
2248,0.807
2249,0.801
2250,0.793
2251,0.77
2252,0.75
2253,0.754
2254,0.769
2255,0.816
2256,0.847
2257,0.883
2258,0.865
2259,0.866
2260,0.822
2261,0.797
2262,0.733
2263,0.73
2264,0.72
2265,0.736
2266,0.761
2267,0.822
2268,0.876
2269,0.845
2270,0.823
2271,0.804
2272,0.809
2273,0.8
2274,0.797
2275,0.76
2276,0.754
2277,0.765
2278,0.779
2279,0.83
2280,0.842
2281,0.86
2282,0.84
2283,0.828
2284,0.786
2285,0.76
2286,0.729
2287,0.715
2288,0.733
2289,0.76
2290,0.778
2291,0.803
2292,0.823
2293,0.813
2294,0.782
2295,0.761
2296,0.742
2297,0.754
2298,0.75
2299,0.743
2300,0.734
2301,0.744
2302,0.735
2303,0.751
2304,0.764
2305,0.762
2306,0.774
2307,0.752
2308,0.777
2309,0.78
2310,0.781
2311,0.793
2312,0.766
2313,0.76
2314,0.759
2315,0.784
2316,0.772
2317,0.759
2318,0.764
2319,0.78
2320,0.789
2321,0.814
2322,0.799
2323,0.784
2324,0.785
2325,0.779
2326,0.752
2327,0.765
2328,0.771
2329,0.779
2330,0.793
2331,0.818
2332,0.834
2333,0.835
2334,0.829
2335,0.853
2336,0.855
2337,0.831
2338,0.78
2339,0.747
2340,0.729
2341,0.735
2342,0.772
2343,0.852
2344,0.858
2345,0.848
2346,0.837
2347,0.839
2348,0.822
2349,0.784
2350,0.761
2351,0.751
2352,0.742
2353,0.739
2354,0.705
2355,0.671
2356,0.643
2357,0.666
2358,0.671
2359,0.701
2360,0.694
2361,0.72
2362,0.766
2363,0.763
2364,0.771
2365,0.758
2366,0.752
2367,0.746
2368,0.732
2369,0.729
2370,0.747
2371,0.742
2372,0.745
2373,0.713
2374,0.744
2375,0.764
2376,0.766
2377,0.764
2378,0.752
2379,0.751
2380,0.751
2381,0.771
2382,0.78
2383,0.769
2384,0.764
2385,0.772
2386,0.772
2387,0.795
2388,0.807
2389,0.839
2390,0.842
2391,0.828
2392,0.867
2393,0.867
2394,0.862
2395,0.814
2396,0.791
2397,0.765
2398,0.747
2399,0.778
2400,0.829
2401,0.876
2402,0.861
2403,0.85
2404,0.836
2405,0.841
2406,0.81
2407,0.766
2408,0.731
2409,0.696
2410,0.689
2411,0.687
2412,0.687
2413,0.692
2414,0.738
2415,0.767
2416,0.78
2417,0.775
2418,0.769
2419,0.768
2420,0.788
2421,0.759
2422,0.768
2423,0.755
2424,0.751
2425,0.726
2426,0.733
2427,0.746
2428,0.757
2429,0.76
2430,0.764
2431,0.747
2432,0.758
2433,0.752
2434,0.764
2435,0.753
2436,0.733
2437,0.737
2438,0.714
2439,0.721
2440,0.75
2441,0.765
2442,0.805
2443,0.782
2444,0.78
2445,0.802
2446,0.817
2447,0.832
2448,0.838
2449,0.833
2450,0.841
2451,0.836
2452,0.869
2453,0.868
2454,0.86
2455,0.889
2456,0.896
2457,0.874
2458,0.825
2459,0.777
2460,0.733
2461,0.75
2462,0.818
2463,0.888
2464,0.829
2465,0.785
2466,0.809
2467,0.78
2468,0.777
2469,0.795
2470,0.797
2471,0.793
2472,0.769
2473,0.741
2474,0.737
2475,0.746
2476,0.744
2477,0.742
2478,0.751
2479,0.755
2480,0.743
2481,0.75
2482,0.772
2483,0.775
2484,0.773
2485,0.763
2486,0.739
2487,0.722
2488,0.734
2489,0.756
2490,0.765
2491,0.764
2492,0.758
2493,0.752
2494,0.772
2495,0.782
2496,0.782
2497,0.775
2498,0.768
2499,0.737
2500,0.727
2501,0.729
2502,0.736
2503,0.729
2504,0.76
2505,0.776
2506,0.761
2507,0.767
2508,0.743
2509,0.732
2510,0.744
2511,0.752
2512,0.743
2513,0.727
2514,0.747
2515,0.728
2516,0.739
2517,0.752
2518,0.72
2519,0.733
2520,0.733
2521,0.739
2522,0.745
2523,0.754
2524,0.77
2525,0.79
2526,0.776
2527,0.771
2528,0.78
2529,0.782
2530,0.773
2531,0.771
2532,0.761
2533,0.751
2534,0.764
2535,0.767
2536,0.775
2537,0.776
2538,0.78
2539,0.796
2540,0.819
2541,0.849
2542,0.848
2543,0.827
2544,0.851
2545,0.836
2546,0.821
2547,0.81
2548,0.814
2549,0.835
2550,0.852
2551,0.858
2552,0.857
2553,0.845
2554,0.814
2555,0.74
2556,0.682
2557,0.644
2558,0.729
2559,0.809
2560,0.83
2561,0.86
2562,0.913
2563,0.901
2564,0.867
2565,0.813
2566,0.78
2567,0.792
2568,0.773
2569,0.771
2570,0.77
2571,0.736
2572,0.736
2573,0.745
2574,0.752
2575,0.762
2576,0.785
2577,0.778
2578,0.774
2579,0.744
2580,0.747
2581,0.751
2582,0.749
2583,0.747
2584,0.735
2585,0.731
2586,0.729
2587,0.729
2588,0.723
2589,0.734
2590,0.704
2591,0.716
2592,0.701
2593,0.692
2594,0.705
2595,0.704
2596,0.712
2597,0.707
2598,0.697
2599,0.685
2600,0.703
2601,0.714
2602,0.701
2603,0.7
2604,0.691
2605,0.678
2606,0.68
2607,0.682
2608,0.696
2609,0.717
2610,0.72
2611,0.707
2612,0.729
2613,0.724
2614,0.723
2615,0.725
2616,0.706
2617,0.717
2618,0.704
2619,0.73
2620,0.727
2621,0.731
2622,0.732
2623,0.717
2624,0.729
2625,0.712
2626,0.725
2627,0.722
2628,0.716
2629,0.703
2630,0.748
2631,0.768
2632,0.75
2633,0.702
2634,0.664
2635,0.652
2636,0.665
2637,0.674
2638,0.679
2639,0.69
2640,0.703
2641,0.73
2642,0.753
2643,0.704
2644,0.703
2645,0.695
2646,0.696
2647,0.701
2648,0.721
2649,0.727
2650,0.738
2651,0.749
2652,0.769
2653,0.766
2654,0.754
2655,0.753
2656,0.739
2657,0.719
2658,0.713
2659,0.719
2660,0.743
2661,0.744
2662,0.751
2663,0.785
2664,0.78
2665,0.764
2666,0.758
2667,0.74
2668,0.73
2669,0.72
2670,0.731
2671,0.726
2672,0.738
2673,0.745
2674,0.749
2675,0.739
2676,0.746
2677,0.744
2678,0.754
2679,0.737
2680,0.719
2681,0.721
2682,0.735
2683,0.762
2684,0.741
2685,0.758
2686,0.721
2687,0.743
2688,0.738
2689,0.741
2690,0.735
2691,0.715
2692,0.719
2693,0.718
2694,0.724
2695,0.741
2696,0.749
2697,0.756
2698,0.76
2699,0.783
2700,0.78
2701,0.769
2702,0.76
2703,0.735
2704,0.724
2705,0.711
2706,0.729
2707,0.766
2708,0.763
2709,0.765
2710,0.775
2711,0.78
2712,0.79
2713,0.777
2714,0.766
2715,0.741
2716,0.723
2717,0.703
2718,0.686
2719,0.716
2720,0.752
2721,0.759
2722,0.76
2723,0.761
2724,0.756
2725,0.754
2726,0.758
2727,0.741
2728,0.723
2729,0.677
2730,0.645
2731,0.641
2732,0.67
2733,0.693
2734,0.746
2735,0.781
2736,0.817
2737,0.832
2738,0.805
2739,0.758
2740,0.734
2741,0.741
2742,0.715
2743,0.72
2744,0.741
2745,0.747
2746,0.744
2747,0.758
2748,0.785
2749,0.789
2750,0.758
2751,0.751
2752,0.708
2753,0.717
2754,0.712
2755,0.721
2756,0.719
2757,0.712
2758,0.696
2759,0.701
2760,0.718
2761,0.739
2762,0.765
2763,0.735
2764,0.75
2765,0.738
2766,0.744
2767,0.746
2768,0.751
2769,0.742
2770,0.732
2771,0.743
2772,0.76
2773,0.753
2774,0.756
2775,0.742
2776,0.741
2777,0.756
2778,0.787
2779,0.81
2780,0.813
2781,0.786
2782,0.765
2783,0.758
2784,0.708
2785,0.673
2786,0.647
2787,0.67
2788,0.707
2789,0.733
2790,0.76
2791,0.783
2792,0.789
2793,0.811
2794,0.788
2795,0.771
2796,0.728
2797,0.723
2798,0.689
2799,0.714
2800,0.709
2801,0.721
2802,0.728
2803,0.759
2804,0.791
2805,0.785
2806,0.768
2807,0.736
2808,0.7
2809,0.721
2810,0.711
2811,0.717
2812,0.707
2813,0.713
2814,0.724
2815,0.784
2816,0.796
2817,0.793
2818,0.792
2819,0.764
2820,0.758
2821,0.748
2822,0.737
2823,0.728
2824,0.707
2825,0.683
2826,0.69
2827,0.712
2828,0.759
2829,0.844
2830,0.831
2831,0.845
2832,0.821
2833,0.81
2834,0.806
2835,0.777
2836,0.765
2837,0.754
2838,0.755
2839,0.762
2840,0.806
2841,0.827
2842,0.843
2843,0.847
2844,0.837
2845,0.814
2846,0.788
2847,0.756
2848,0.759
2849,0.763
2850,0.733
2851,0.691
2852,0.68
2853,0.675
2854,0.672
2855,0.704
2856,0.698
2857,0.755
2858,0.773
2859,0.784
2860,0.775
2861,0.744
2862,0.735
2863,0.735
2864,0.739
2865,0.711
2866,0.722
2867,0.7
2868,0.715
2869,0.719
2870,0.744
2871,0.751
2872,0.752
2873,0.751
2874,0.738
2875,0.745
2876,0.753
2877,0.745
2878,0.732
2879,0.73
2880,0.723
2881,0.717
2882,0.726
2883,0.734
2884,0.746
2885,0.76
2886,0.766
2887,0.75
2888,0.748
2889,0.749
2890,0.738
2891,0.735
2892,0.745
2893,0.736
2894,0.741
2895,0.739
2896,0.74
2897,0.74
2898,0.761
2899,0.762
2900,0.791
2901,0.801
2902,0.8
2903,0.787
2904,0.772
2905,0.76
2906,0.743
2907,0.752
2908,0.754
2909,0.757
2910,0.765
2911,0.795
2912,0.799
2913,0.79
2914,0.745
2915,0.709
2916,0.706
2917,0.692
2918,0.69
2919,0.697
2920,0.714
2921,0.715
2922,0.716
2923,0.718
2924,0.704
2925,0.72
2926,0.738
2927,0.749
2928,0.743
2929,0.748
2930,0.729
2931,0.744
2932,0.761
2933,0.764
2934,0.764
2935,0.758
2936,0.757
2937,0.765
2938,0.756
2939,0.757
2940,0.759
2941,0.781
2942,0.815
2943,0.865
2944,0.879
2945,0.856
2946,0.86
2947,0.857
2948,0.847
2949,0.82
2950,0.774
2951,0.752
2952,0.748
2953,0.759
2954,0.788
2955,0.823
2956,0.816
2957,0.787
2958,0.772
2959,0.781
2960,0.776
2961,0.772
2962,0.753
2963,0.742
2964,0.733
2965,0.71
2966,0.726
2967,0.694
2968,0.682
2969,0.653
2970,0.671
2971,0.671
2972,0.694
2973,0.708
2974,0.728
2975,0.766
2976,0.774
2977,0.772
2978,0.752
2979,0.738
2980,0.726
2981,0.725
2982,0.719
2983,0.732
2984,0.723
2985,0.72
2986,0.724
2987,0.745
2988,0.721
2989,0.718
2990,0.713
2991,0.677
2992,0.687
2993,0.709
2994,0.692
2995,0.704
2996,0.707
2997,0.7
2998,0.717
2999,0.739
3000,0.748
3001,0.75
3002,0.726
3003,0.71
3004,0.719
3005,0.715
3006,0.721
3007,0.714
3008,0.716
3009,0.717
3010,0.722
3011,0.734
3012,0.755
3013,0.756
3014,0.749
3015,0.737
3016,0.724
3017,0.719
3018,0.71
3019,0.71
3020,0.703
3021,0.732
3022,0.782
3023,0.818
3024,0.832
3025,0.796
3026,0.751
3027,0.719
3028,0.705
3029,0.697
3030,0.709
3031,0.745
3032,0.805
3033,0.86
3034,0.88
3035,0.877
3036,0.869
3037,0.829
3038,0.811
3039,0.754
3040,0.723
3041,0.672
3042,0.63
3043,0.646
3044,0.727
3045,0.808
3046,0.862
3047,0.876
3048,0.845
3049,0.813
3050,0.809
3051,0.784
3052,0.775
3053,0.751
3054,0.733
3055,0.725
3056,0.721
3057,0.718
3058,0.716
3059,0.714
3060,0.722
3061,0.715
3062,0.716
3063,0.748
3064,0.775
3065,0.765
3066,0.758
3067,0.76
3068,0.728
3069,0.726
3070,0.716
3071,0.74
3072,0.737
3073,0.739
3074,0.727
3075,0.742
3076,0.753
3077,0.758
3078,0.757
3079,0.734
3080,0.723
3081,0.72
3082,0.733
3083,0.749
3084,0.77
3085,0.768
3086,0.746
3087,0.759
3088,0.754
3089,0.762
3090,0.753
3091,0.748
3092,0.729
3093,0.737
3094,0.734
3095,0.747
3096,0.706
3097,0.742
3098,0.717
3099,0.736
3100,0.74
3101,0.734
3102,0.715
3103,0.718
3104,0.683
3105,0.679
3106,0.69
3107,0.702
3108,0.721
3109,0.742
3110,0.743
3111,0.752
3112,0.768
3113,0.762
3114,0.751
3115,0.748
3116,0.755
3117,0.743
3118,0.746
3119,0.758
3120,0.773
3121,0.788
3122,0.782
3123,0.771
3124,0.754
3125,0.735
3126,0.725
3127,0.734
3128,0.764
3129,0.787
3130,0.821
3131,0.777
3132,0.747
3133,0.727
3134,0.712
3135,0.679
3136,0.641
3137,0.623
3138,0.618
3139,0.649
3140,0.653
3141,0.681
3142,0.684
3143,0.702
3144,0.725
3145,0.72
3146,0.712
3147,0.696
3148,0.688
3149,0.686
3150,0.686
3151,0.693
3152,0.687
3153,0.696
3154,0.722
3155,0.707
3156,0.737
3157,0.704
3158,0.708
3159,0.703
3160,0.724
3161,0.729
3162,0.748
3163,0.745
3164,0.746
3165,0.738
3166,0.758
3167,0.765
3168,0.758
3169,0.743
3170,0.734
3171,0.738
3172,0.744
3173,0.729
3174,0.735
3175,0.71
3176,0.675
3177,0.652
3178,0.659
3179,0.694
3180,0.73
3181,0.732
3182,0.772
3183,0.793
3184,0.791
3185,0.756
3186,0.724
3187,0.712
3188,0.703
3189,0.699
3190,0.706
3191,0.726
3192,0.733
3193,0.743
3194,0.792
3195,0.785
3196,0.768
3197,0.762
3198,0.754
3199,0.76
3200,0.739
3201,0.711
3202,0.71
3203,0.719
3204,0.718
3205,0.74
3206,0.766
3207,0.763
3208,0.766
3209,0.775
3210,0.761
3211,0.754
3212,0.752
3213,0.727
3214,0.725
3215,0.729
3216,0.726
3217,0.733
3218,0.755
3219,0.767
3220,0.738
3221,0.744
3222,0.759
3223,0.74
3224,0.74
3225,0.733
3226,0.728
3227,0.728
3228,0.733
3229,0.74
3230,0.735
3231,0.745
3232,0.74
3233,0.762
3234,0.747
3235,0.746
3236,0.73
3237,0.728
3238,0.742
3239,0.688
3240,0.67
3241,0.664
3242,0.651
3243,0.618
3244,0.665
3245,0.721
3246,0.761
3247,0.785
3248,0.797
3249,0.79
3250,0.765
3251,0.752
3252,0.748
3253,0.738
3254,0.724
3255,0.717
3256,0.722
3257,0.725
3258,0.743
3259,0.767
3260,0.789
3261,0.784
3262,0.795
3263,0.78
3264,0.77
3265,0.763
3266,0.759
3267,0.745
3268,0.747
3269,0.739
3270,0.758
3271,0.753
3272,0.774
3273,0.803
3274,0.778
3275,0.768
3276,0.763
3277,0.752
3278,0.743
3279,0.736
3280,0.734
3281,0.739
3282,0.752
3283,0.771
3284,0.796
3285,0.777
3286,0.774
3287,0.772
3288,0.771
3289,0.758
3290,0.746
3291,0.734
3292,0.721
3293,0.72
3294,0.718
3295,0.732
3296,0.73
3297,0.727
3298,0.734
3299,0.728
3300,0.722
3301,0.727
3302,0.734
3303,0.735
3304,0.731
3305,0.726
3306,0.731
3307,0.723
3308,0.742
3309,0.757
3310,0.778
3311,0.785
3312,0.774
3313,0.753
3314,0.755
3315,0.775
3316,0.782
3317,0.789
3318,0.786
3319,0.815
3320,0.793
3321,0.819
3322,0.798
3323,0.777
3324,0.745
3325,0.725
3326,0.709
3327,0.704
3328,0.707
3329,0.73
3330,0.754
3331,0.775
3332,0.776
3333,0.797
3334,0.804
3335,0.786
3336,0.759
3337,0.756
3338,0.718
3339,0.717
3340,0.706
3341,0.705
3342,0.718
3343,0.712
3344,0.73
3345,0.742
3346,0.773
3347,0.801
3348,0.795
3349,0.791
3350,0.781
3351,0.76
3352,0.764
3353,0.765
3354,0.785
3355,0.777
3356,0.766
3357,0.742
3358,0.722
3359,0.714
3360,0.726
3361,0.769
3362,0.743
3363,0.78
3364,0.798
3365,0.795
3366,0.793
3367,0.813
3368,0.808
3369,0.798
3370,0.769
3371,0.744
3372,0.73
3373,0.726
3374,0.717
3375,0.709
3376,0.717
3377,0.728
3378,0.722
3379,0.736
3380,0.753
3381,0.758
3382,0.759
3383,0.747
3384,0.742
3385,0.724
3386,0.727
3387,0.723
3388,0.724
3389,0.73
3390,0.739
3391,0.752
3392,0.755
3393,0.744
3394,0.74
3395,0.71
3396,0.712
3397,0.718
3398,0.715
3399,0.705
3400,0.714
3401,0.701
3402,0.711
3403,0.705
3404,0.714
3405,0.723
3406,0.737
3407,0.739
3408,0.736
3409,0.745
3410,0.74
3411,0.751
3412,0.745
3413,0.74
3414,0.741
3415,0.733
3416,0.728
3417,0.726
3418,0.727
3419,0.734
3420,0.725
3421,0.738
3422,0.756
3423,0.773
3424,0.764
3425,0.764
3426,0.767
3427,0.776
3428,0.783
3429,0.781
3430,0.767
3431,0.749
3432,0.718
3433,0.717
3434,0.743
3435,0.761
3436,0.805
3437,0.815
3438,0.812
3439,0.804
3440,0.786
3441,0.781
3442,0.751
3443,0.711
3444,0.671
3445,0.643
3446,0.637
3447,0.64
3448,0.673
3449,0.699
3450,0.728
3451,0.712
3452,0.735
3453,0.763
3454,0.763
3455,0.77
3456,0.747
3457,0.741
3458,0.708
3459,0.696
3460,0.685
3461,0.702
3462,0.715
3463,0.71
3464,0.716
3465,0.726
3466,0.738
3467,0.738
3468,0.738
3469,0.74
3470,0.734
3471,0.705
3472,0.72
3473,0.716
3474,0.684
3475,0.702
3476,0.717
3477,0.736
3478,0.74
3479,0.748
3480,0.755
3481,0.748
3482,0.711
3483,0.702
3484,0.7
3485,0.698
3486,0.701
3487,0.707
3488,0.724
3489,0.729
3490,0.733
3491,0.725
3492,0.694
3493,0.678
3494,0.657
3495,0.674
3496,0.659
3497,0.666
3498,0.662
3499,0.652
3500,0.692
3501,0.696
3502,0.71
3503,0.665
3504,0.624
3505,0.626
3506,0.628
3507,0.637
3508,0.609
3509,0.622
3510,0.658
3511,0.658
3512,0.657
3513,0.658
3514,0.654
3515,0.64
3516,0.64
3517,0.677
3518,0.698
3519,0.708
3520,0.712
3521,0.693
3522,0.699
3523,0.716
3524,0.705
3525,0.714
3526,0.693
3527,0.681
3528,0.673
3529,0.665
3530,0.644
3531,0.635
3532,0.604
3533,0.619
3534,0.639
3535,0.64
3536,0.655
3537,0.636
3538,0.664
3539,0.672
3540,0.691
3541,0.661
3542,0.67
3543,0.652
3544,0.651
3545,0.68
3546,0.69
3547,0.692
3548,0.692
3549,0.674
3550,0.653
3551,0.668
3552,0.651
3553,0.675
3554,0.684
3555,0.675
3556,0.665
3557,0.664
3558,0.662
3559,0.688
3560,0.703
3561,0.686
3562,0.667
3563,0.639
3564,0.62
3565,0.614
3566,0.61
3567,0.612
3568,0.615
3569,0.593
3570,0.63
3571,0.667
3572,0.692
3573,0.688
3574,0.688
3575,0.699
3576,0.696
3577,0.685
3578,0.66
3579,0.635
3580,0.616
3581,0.619
3582,0.621
3583,0.64
3584,0.636
3585,0.647
3586,0.656
3587,0.635
3588,0.647
3589,0.665
3590,0.677
3591,0.687
3592,0.66
3593,0.656
3594,0.639
3595,0.642
3596,0.656
3597,0.658
3598,0.67
3599,0.664
3600,0.656
3601,0.651
3602,0.642
3603,0.647
3604,0.643
3605,0.644
3606,0.649
3607,0.633
3608,0.628
3609,0.635
3610,0.686
3611,0.69
3612,0.658
3613,0.62
3614,0.606
3615,0.611
3616,0.625
3617,0.604
3618,0.623
3619,0.628
3620,0.643
3621,0.674
3622,0.673
3623,0.651
3624,0.647
3625,0.661
3626,0.654
3627,0.657
3628,0.67
3629,0.64
3630,0.645
3631,0.647
3632,0.67
3633,0.675
3634,0.687
3635,0.681
3636,0.694
3637,0.665
3638,0.687
3639,0.688
3640,0.688
3641,0.671
3642,0.653
3643,0.645
3644,0.664
3645,0.679
3646,0.676
3647,1.387
3648,0.648
3649,0.63
3650,0.655
3651,0.662
3652,0.675
3653,0.651
3654,0.629
3655,0.614
3656,0.628
3657,0.63
3658,0.642
3659,0.65
3660,0.666
3661,0.686
3662,0.701
3663,0.719
3664,0.715
3665,0.731
3666,0.707
3667,0.7
3668,0.697
3669,0.706
3670,0.685
3671,0.694
3672,0.719
3673,0.701
3674,0.73
3675,0.733
3676,0.736
3677,0.726
3678,0.712
3679,0.699
3680,0.699
3681,0.689
3682,0.698
3683,0.681
3684,0.696
3685,0.707
3686,0.702
3687,0.709
3688,0.718
3689,0.721
3690,0.724
3691,0.704
3692,0.718
3693,0.713
3694,0.656
3695,0.633
3696,0.619
3697,0.631
3698,0.671
3699,0.664
3700,0.711
3701,0.756
3702,0.781
3703,0.796
3704,0.762
3705,0.744
3706,0.723
3707,0.724
3708,0.71
3709,0.7
3710,0.684
3711,0.671
3712,0.649
3713,0.686
3714,0.706
3715,0.753
3716,0.751
3717,0.755
3718,0.739
3719,0.737
3720,0.745
3721,0.712
3722,0.693
3723,0.683
3724,0.689
3725,0.735
3726,0.738
3727,0.754
3728,0.759
3729,0.766
3730,0.732
3731,0.734
3732,0.73
3733,0.719
3734,0.713
3735,0.701
3736,0.686
3737,0.69
3738,0.691
3739,0.716
3740,0.703
3741,0.712
3742,0.705
3743,0.709
3744,0.721
3745,0.711
3746,0.695
3747,0.684
3748,0.675
3749,0.637
3750,0.642
3751,0.651
3752,0.675
3753,0.699
3754,0.699
3755,0.695
3756,0.696
3757,0.714
3758,0.717
3759,0.685
3760,0.691
3761,0.682
3762,0.688
3763,0.669
3764,0.688
3765,0.7
3766,0.682
3767,0.661
3768,0.624
3769,0.65
3770,0.642
3771,0.648
3772,0.646
3773,0.662
3774,0.678
3775,0.685
3776,0.686
3777,0.677
3778,0.661
3779,0.68
3780,0.696
3781,0.699
3782,0.692
3783,0.691
3784,0.658
3785,0.647
3786,0.666
3787,0.686
3788,0.703
3789,0.706
3790,0.69
3791,0.684
3792,0.703
3793,0.708
3794,0.701
3795,0.679
3796,0.694
3797,0.661
3798,0.674
3799,0.679
3800,0.659
3801,0.66
3802,0.667
3803,0.649
3804,0.646
3805,0.668
3806,0.69
3807,0.694
3808,0.697
3809,0.689
3810,0.673
3811,0.679
3812,0.69
3813,0.686
3814,0.677
3815,0.667
3816,0.66
3817,0.631
3818,0.661
3819,0.683
3820,0.73
3821,0.698
3822,0.655
3823,0.663
3824,0.69
3825,0.672
3826,0.667
3827,0.676
3828,0.668
3829,0.682
3830,0.722
3831,0.675
3832,0.683
3833,0.654
3834,0.659
3835,0.697
3836,0.712
3837,0.713
3838,0.732
3839,0.702
3840,0.724
3841,0.715
3842,0.69
3843,0.671
3844,0.682
3845,0.658
3846,0.665
3847,0.667
3848,0.665
3849,0.666
3850,0.672
3851,0.653
3852,0.649
3853,0.667
3854,0.691
3855,0.712
3856,0.712
3857,0.713
3858,0.708
3859,0.744
3860,0.715
3861,0.722
3862,0.729
3863,0.707
3864,0.664
3865,0.667
3866,0.657
3867,0.66
3868,0.666
3869,0.68
3870,0.695
3871,0.73
3872,0.745
3873,0.738
3874,0.716
3875,0.697
3876,0.677
3877,0.667
3878,0.647
3879,0.622
3880,0.622
3881,0.603
3882,0.635
3883,0.668
3884,0.671
3885,0.685
3886,0.727
3887,0.736
3888,0.712
3889,0.683
3890,0.662
3891,0.65
3892,0.667
3893,0.696
3894,0.714
3895,0.728
3896,0.72
3897,0.739
3898,0.731
3899,0.732
3900,0.693
3901,0.68
3902,0.653
3903,0.65
3904,0.64
3905,0.641
3906,0.607
3907,0.624
3908,0.656
3909,0.693
3910,0.708
3911,0.706
3912,0.737
3913,0.727
3914,0.715
3915,0.705
3916,0.685
3917,0.658
3918,0.651
3919,0.656
3920,0.655
3921,0.665
3922,0.667
3923,0.679
3924,0.708
3925,0.713
3926,0.719
3927,0.699
3928,0.705
3929,0.647
3930,0.648
3931,0.659
3932,0.682
3933,0.697
3934,0.714
3935,0.708
3936,0.746
3937,0.733
3938,0.736
3939,0.724
3940,0.728
3941,0.682
3942,0.671
3943,0.682
3944,0.676
3945,0.691
3946,0.662
3947,0.687
3948,0.706
3949,0.741
3950,0.742
3951,0.744
3952,0.719
3953,0.703
3954,0.693
3955,0.692
3956,0.706
3957,0.7
3958,0.696
3959,0.696
3960,0.688
3961,0.673
3962,0.673
3963,0.645
3964,0.619
3965,0.622
3966,0.647
3967,0.641
3968,0.672
3969,0.662
3970,0.681
3971,0.697
3972,0.686
3973,0.69
3974,0.656
3975,0.655
3976,0.657
3977,0.655
3978,0.664
3979,0.67
3980,0.667
3981,0.695
3982,0.713
3983,0.719
3984,0.696
3985,0.686
3986,0.662
3987,0.666
3988,0.658
3989,0.685
3990,0.681
3991,0.704
3992,0.702
3993,0.714
3994,0.726
3995,0.717
3996,0.695
3997,0.668
3998,0.664
3999,0.666
4000,0.663
4001,0.667
4002,0.675
4003,0.682
4004,0.684
4005,0.705
4006,0.709
4007,0.72
4008,0.715
4009,0.69
4010,0.68
4011,0.689
4012,0.682
4013,0.68
4014,0.661
4015,0.658
4016,0.664
4017,0.662
4018,0.649
4019,0.636
4020,0.621
4021,0.617
4022,0.637
4023,0.64
4024,0.63
4025,0.639
4026,0.667
4027,0.667
4028,0.681
4029,0.691
4030,0.671
4031,0.667
4032,0.682
4033,0.673
4034,0.655
4035,0.672
4036,0.654
4037,0.651
4038,0.665
4039,0.672
4040,0.672
4041,0.677
4042,0.661
4043,0.678
4044,0.675
4045,0.695
4046,0.68
4047,0.669
4048,0.672
4049,0.647
4050,0.669
4051,0.682
4052,0.688
4053,0.691
4054,0.684
4055,0.683
4056,0.687
4057,0.691
4058,0.68
4059,0.685
4060,0.668
4061,0.665
4062,0.657
4063,0.666
4064,0.677
4065,0.682
4066,0.66
4067,0.686
4068,0.684
4069,0.696
4070,0.699
4071,0.716
4072,0.691
4073,0.706
4074,0.7
4075,0.703
4076,0.694
4077,0.691
4078,0.681
4079,0.66
4080,0.647
4081,0.643
4082,0.635
4083,0.641
4084,0.68
4085,0.662
4086,0.648
4087,0.634
4088,0.686
4089,0.661
4090,0.68
4091,0.683
4092,0.671
4093,0.675
4094,0.676
4095,0.654
4096,0.634
4097,0.624
4098,0.601
4099,0.612
4100,0.648
4101,0.686
4102,0.657
4103,0.687
4104,0.672
4105,0.674
4106,0.666
4107,0.641
4108,0.637
4109,0.645
4110,0.652
4111,0.655
4112,0.667
4113,0.669
4114,0.663
4115,0.651
4116,0.648
4117,0.637
4118,0.649
4119,0.657
4120,0.661
4121,0.649
4122,0.663
4123,0.637
4124,0.647
4125,0.656
4126,0.671
4127,0.648
4128,0.674
4129,0.641
4130,0.669
4131,0.664
4132,0.679
4133,0.689
4134,0.694
4135,0.689
4136,0.689
4137,0.693
4138,0.701
4139,0.691
4140,0.68
4141,0.674
4142,0.642
4143,0.67
4144,0.671
4145,0.699
4146,0.714
4147,0.707
4148,0.706
4149,0.73
4150,0.737
4151,0.698
4152,0.676
4153,0.648
4154,0.631
4155,0.636
4156,0.651
4157,0.663
4158,0.671
4159,0.684
4160,0.666
4161,0.673
4162,0.668
4163,0.664
4164,0.665
4165,0.662
4166,0.661
4167,0.68
4168,0.68
4169,0.679
4170,0.69
4171,0.687
4172,0.681
4173,0.657
4174,0.668
4175,0.656
4176,0.658
4177,0.669
4178,0.66
4179,0.685
4180,0.698
4181,0.708
4182,0.728
4183,0.746
4184,0.72
4185,0.737
4186,0.727
4187,0.707
4188,0.688
4189,0.701
4190,0.688
4191,0.688
4192,0.715
4193,0.742
4194,0.744
4195,0.733
4196,0.739
4197,0.738
4198,0.711
4199,0.718
4200,0.705
4201,0.693
4202,0.681
4203,0.681
4204,0.675
4205,0.684
4206,0.684
4207,0.674
4208,0.673
4209,0.664
4210,0.66
4211,0.671
4212,0.674
4213,0.684
4214,0.682
4215,0.699
4216,0.699
4217,0.714
4218,0.726
4219,0.724
4220,0.704
4221,0.684
4222,0.681
4223,0.685
4224,0.682
4225,0.691
4226,0.676
4227,0.695
4228,0.712
4229,0.725
4230,0.743
4231,0.75
4232,0.722
4233,0.715
4234,0.668
4235,0.676
4236,0.684
4237,0.687
4238,0.673
4239,0.708
4240,0.7
4241,0.703
4242,0.739
4243,0.773
4244,0.753
4245,0.749
4246,0.747
4247,0.735
4248,0.734
4249,0.722
4250,0.71
4251,0.691
4252,0.691
4253,0.682
4254,0.683
4255,0.714
4256,0.74
4257,0.775
4258,0.747
4259,0.763
4260,0.738
4261,0.74
4262,0.723
4263,0.71
4264,0.695
4265,0.685
4266,0.689
4267,0.668
4268,0.656
4269,0.648
4270,0.642
4271,0.659
4272,0.681
4273,0.72
4274,0.738
4275,0.771
4276,0.733
4277,0.715
4278,0.684
4279,0.683
4280,0.682
4281,0.652
4282,0.663
4283,0.668
4284,0.67
4285,0.687
4286,0.656
4287,0.67
4288,0.662
4289,0.678
4290,0.679
4291,0.689
4292,0.669
4293,0.662
4294,0.675
4295,0.657
4296,0.668
4297,0.688
4298,0.678
4299,0.682
4300,0.672
4301,0.701
4302,0.69
4303,0.704
4304,0.724
4305,0.698
4306,0.694
4307,0.711
4308,0.682
4309,0.681
4310,0.684
4311,0.666
4312,0.659
4313,0.67
4314,0.709
4315,0.726
4316,0.755
4317,0.738
4318,0.726
4319,0.731
4320,0.717
4321,0.702
4322,0.692
4323,0.68
4324,0.677
4325,0.655
4326,0.641
4327,0.661
4328,0.696
4329,0.682
4330,0.701
4331,0.691
4332,0.722
4333,0.715
4334,0.699
4335,0.696
4336,0.671
4337,0.66
4338,0.637
4339,0.671
4340,0.669
4341,0.704
4342,0.716
4343,0.706
4344,0.739
4345,0.736
4346,0.723
4347,0.711
4348,0.695
4349,0.668
4350,0.667
4351,0.678
4352,0.667
4353,0.674
4354,0.684
4355,0.674
4356,0.642
4357,0.643
4358,0.7
4359,0.709
4360,0.717
4361,0.72
4362,0.735
4363,0.741
4364,0.71
4365,0.697
4366,0.683
4367,0.647
4368,0.641
4369,0.655
4370,0.685
4371,0.717
4372,0.73
4373,0.756
4374,0.774
4375,0.783
4376,0.782
4377,0.742
4378,0.711
4379,0.71
4380,0.708
4381,0.67
4382,0.674
4383,0.667
4384,0.682
4385,0.688
4386,0.725
4387,0.754
4388,0.769
4389,0.765
4390,0.741
4391,0.748
4392,0.714
4393,0.673
4394,0.664
4395,0.64
4396,0.614
4397,0.63
4398,0.627
4399,0.661
4400,0.689
4401,0.716
4402,0.737
4403,0.762
4404,0.744
4405,0.719
4406,0.702
4407,0.687
4408,0.655
4409,0.638
4410,0.637
4411,0.659
4412,0.67
4413,0.687
4414,0.724
4415,0.743
4416,0.75
4417,0.736
4418,0.73
4419,0.73
4420,0.707
4421,0.695
4422,0.682
4423,0.666
4424,0.645
4425,0.649
4426,0.65
4427,0.696
4428,0.702
4429,0.682
4430,0.693
4431,0.721
4432,0.711
4433,0.714
4434,0.695
4435,0.695
4436,0.666
4437,0.668
4438,0.666
4439,0.697
4440,0.697
4441,0.705
4442,0.692
4443,0.693
4444,0.692
4445,0.705
4446,0.711
4447,0.715
4448,0.693
4449,0.709
4450,0.718
4451,0.705
4452,0.681
4453,0.652
4454,0.625
4455,0.632
4456,0.63
4457,0.655
4458,0.656
4459,0.672
4460,0.709
4461,0.719
4462,0.707
4463,0.696
4464,0.696
4465,0.67
4466,0.653
4467,0.66
4468,0.677
4469,0.68
4470,0.666
4471,0.666
4472,0.662
4473,0.676
4474,0.689
4475,0.685
4476,0.729
4477,0.729
4478,0.719
4479,0.737
4480,0.698
4481,0.706
4482,0.69
4483,0.673
4484,0.664
4485,0.653
4486,0.658
4487,0.695
4488,0.654
4489,0.679
4490,0.7
4491,0.708
4492,0.688
4493,0.691
4494,0.676
4495,0.673
4496,0.655
4497,0.659
4498,0.658
4499,0.66
4500,0.671
4501,0.692
4502,0.691
4503,0.709
4504,0.715
4505,0.671
4506,0.644
4507,0.618
4508,0.628
4509,0.634
4510,0.623
4511,0.635
4512,0.658
4513,0.689
4514,0.702
4515,0.712
4516,0.707
4517,0.685
4518,0.694
4519,0.675
4520,0.659
4521,0.659
4522,0.666
4523,0.663
4524,0.678
4525,0.682
4526,0.681
4527,0.658
4528,0.657
4529,0.642
4530,0.634
4531,0.642
4532,0.638
4533,0.644
4534,0.643
4535,0.631
4536,0.631
4537,0.651
4538,0.66
4539,0.683
4540,0.667
4541,0.667
4542,0.645
4543,0.641
4544,0.65
4545,0.625
4546,0.616
4547,0.592
4548,0.583
4549,0.604
4550,0.612
4551,0.63
4552,0.648
4553,0.69
4554,0.7
4555,0.705
4556,0.69
4557,0.668
4558,0.644
4559,0.639
4560,0.638
4561,0.646
4562,0.656
4563,0.645
4564,0.648
4565,0.686
4566,0.697
4567,0.703
4568,0.696
4569,0.692
4570,0.691
4571,0.692
4572,0.676
4573,0.68
4574,0.653
4575,0.674
4576,0.647
4577,0.668
4578,0.68
4579,0.661
4580,0.677
4581,0.67
4582,0.647
4583,0.661
4584,0.666
4585,0.642
4586,0.641
4587,0.64
4588,0.656
4589,0.665
4590,0.697
4591,0.702
4592,0.715
4593,0.688
4594,0.697
4595,0.707
4596,0.676
4597,0.687
4598,0.679
4599,0.668
4600,0.661
4601,0.656
4602,0.658
4603,0.659
4604,0.669
4605,0.66
4606,0.667
4607,0.669
4608,0.649
4609,0.68
4610,0.634
4611,0.608
4612,0.622
4613,0.61
4614,0.65
4615,0.653
4616,0.667
4617,0.658
4618,0.662
4619,0.652
4620,0.636
4621,0.647
4622,0.645
4623,0.653
4624,0.645
4625,0.654
4626,0.671
4627,0.687
4628,0.656
4629,0.655
4630,0.651
4631,0.633
4632,0.633
4633,0.647
4634,0.664
4635,0.695
4636,0.699
4637,0.701
4638,0.712
4639,0.704
4640,0.7
4641,0.694
4642,0.663
4643,0.667
4644,0.665
4645,0.653
4646,0.657
4647,0.663
4648,0.664
4649,0.672
4650,0.701
4651,0.731
4652,0.722
4653,0.729
4654,0.701
4655,0.703
4656,0.695
4657,0.7
4658,0.701
4659,0.698
4660,0.703
4661,0.705
4662,0.683
4663,0.713
4664,0.719
4665,0.744
4666,0.735
4667,0.734
4668,0.726
4669,0.697
4670,0.711
4671,0.714
4672,0.746
4673,0.739
4674,0.722
4675,0.754
4676,0.733
4677,0.754
4678,0.751
4679,0.748
4680,0.75
4681,0.723
4682,0.721
4683,0.714
4684,0.74
4685,0.756
4686,0.771
4687,0.792
4688,0.788
4689,0.773
4690,0.76
4691,0.753
4692,0.738
4693,0.7
4694,0.708
4695,0.706
4696,0.744
4697,0.755
4698,0.793
4699,0.821
4700,0.795
4701,0.788
4702,0.767
4703,0.757
4704,0.703
4705,0.666
4706,0.634
4707,0.608
4708,0.63
4709,0.647
4710,0.66
4711,0.682
4712,0.699
4713,0.719
4714,0.756
4715,0.771
4716,0.768
4717,0.737
4718,0.732
4719,0.729
4720,0.736
4721,0.752
4722,0.775
4723,0.774
4724,0.773
4725,0.769
4726,0.762
4727,0.753
4728,0.752
4729,0.748
4730,0.744
4731,0.73
4732,0.748
4733,0.756
4734,0.785
4735,0.816
4736,0.825
4737,0.809
4738,0.788
4739,0.761
4740,0.759
4741,0.771
4742,0.796
4743,0.828
4744,0.833
4745,0.828
4746,0.801
4747,0.791
4748,0.805
4749,0.789
4750,0.775
4751,0.76
4752,0.745
4753,0.752
4754,0.753
4755,0.757
4756,0.766
4757,0.797
4758,0.804
4759,0.791
4760,0.783
4761,0.778
4762,0.741
4763,0.728
4764,0.73
4765,0.742
4766,0.773
4767,0.79
4768,0.791
4769,0.79
4770,0.811
4771,0.808
4772,0.799
4773,0.797
4774,0.779
4775,0.771
4776,0.779
4777,0.793
4778,0.781
4779,0.793
4780,0.783
4781,0.771
4782,0.764
4783,0.739
4784,0.749
4785,0.769
4786,0.787
4787,0.761
4788,0.745
4789,0.774
4790,0.776
4791,0.75
4792,0.695
4793,0.661
4794,0.676
4795,0.682
4796,0.708
4797,0.764
4798,0.798
4799,0.819
4800,0.798
4801,0.78
4802,0.781
4803,0.771
4804,0.767
4805,0.752
4806,0.734
4807,0.738
4808,0.768
4809,0.796
4810,0.806
4811,0.795
4812,0.778
4813,0.755
4814,0.747
4815,0.73
4816,0.716
4817,0.724
4818,0.722
4819,0.744
4820,0.766
4821,0.808
4822,0.788
4823,0.788
4824,0.776
4825,0.762
4826,0.705
4827,0.712
4828,0.662
4829,0.673
4830,0.679
4831,0.7
4832,0.712
4833,0.716
4834,0.709
4835,0.706
4836,0.688
4837,0.699
4838,0.752
4839,0.741
4840,0.722
4841,1.388
4842,0.628
4843,0.638
4844,0.61
4845,1.409
4846,0.723
4847,0.732
4848,0.728
4849,0.727
4850,0.744
4851,0.733
4852,0.736
4853,0.786
4854,0.646
4855,0.68
4856,0.694
4857,0.71
4858,0.728
4859,0.774
4860,0.791
4861,0.792
4862,0.772
4863,0.777
4864,0.783
4865,0.784
4866,0.776
4867,0.763
4868,0.728
4869,0.717
4870,0.738
4871,0.757
4872,0.764
4873,0.795
4874,0.794
4875,0.791
4876,0.8
4877,0.782
4878,0.75
4879,0.74
4880,0.744
4881,0.752
4882,0.766
4883,0.773
4884,0.752
4885,0.755
4886,0.754
4887,0.802
4888,0.828
4889,0.86
4890,0.845
4891,0.808
4892,0.795
4893,0.795
4894,0.797
4895,0.784
4896,0.754
4897,0.762
4898,0.756
4899,0.781
4900,0.767
4901,0.735
4902,0.699
4903,0.662
4904,0.687
4905,0.722
4906,0.762
4907,0.776
4908,0.789
4909,0.813
4910,0.817
4911,0.813
4912,0.812
4913,0.782
4914,0.768
4915,0.757
4916,0.79
4917,0.865
4918,0.867
4919,0.869
4920,0.865
4921,0.848
4922,0.856
4923,0.83
4924,0.808
4925,0.764
4926,0.748
4927,0.727
4928,0.725
4929,0.735
4930,0.809
4931,0.868
4932,0.873
4933,0.854
4934,0.865
4935,0.843
4936,0.817
4937,0.782
4938,0.76
4939,0.761
4940,0.778
4941,0.792
4942,0.803
4943,0.827
4944,0.831
4945,0.846
4946,0.867
4947,0.83
4948,0.809
4949,0.792
4950,0.786
4951,0.779
4952,0.785
4953,0.786
4954,0.794
4955,0.795
4956,0.796
4957,0.798
4958,0.821
4959,0.82
4960,0.821
4961,0.8
4962,0.815
4963,0.831
4964,0.83
4965,0.817
4966,0.824
4967,0.821
4968,0.826
4969,0.809
4970,0.8
4971,0.782
4972,0.787
4973,0.814
4974,0.838
4975,0.851
4976,0.806
4977,0.813
4978,0.806
4979,0.825
4980,0.807
4981,0.799
4982,0.778
4983,0.77
4984,0.766
4985,0.775
4986,0.78
4987,0.75
4988,0.747
4989,0.783
4990,0.764
4991,0.787
4992,0.792
4993,0.795
4994,0.787
4995,0.781
4996,0.758
4997,0.747
4998,0.761
4999,0.778
5000,0.827
5001,0.831
5002,0.8
5003,0.794
5004,0.811
5005,0.809
5006,0.788
5007,0.787
5008,0.785
5009,0.799
5010,0.801
5011,0.794
5012,0.787
5013,0.808
5014,0.806
5015,0.804
5016,0.781
5017,0.773
5018,0.778
5019,0.801
5020,0.802
5021,0.787
5022,0.766
5023,0.767
5024,0.77
5025,0.788
5026,0.815
5027,0.811
5028,0.812
5029,0.838
5030,0.826
5031,0.807
5032,0.772
5033,0.767
5034,0.771
5035,0.785
5036,0.805
5037,0.801
5038,0.785
5039,0.794
5040,0.794
5041,0.794
5042,0.789
5043,0.779
5044,0.799
5045,0.808
5046,0.813
5047,0.789
5048,0.78
5049,0.774
5050,0.767
5051,0.781
5052,0.764
5053,0.748
5054,0.727
5055,0.776
5056,0.753
5057,0.75
5058,0.719
5059,0.686
5060,0.668
5061,0.707
5062,0.72
5063,0.734
5064,0.741
5065,0.762
5066,0.782
5067,0.812
5068,0.783
5069,0.784
5070,0.776
5071,0.789
5072,0.791
5073,0.795
5074,0.791
5075,0.779
5076,0.796
5077,0.781
5078,0.767
5079,0.763
5080,0.77
5081,0.785
5082,0.805
5083,0.83
5084,0.855
5085,0.843
5086,0.806
5087,0.812
5088,0.805
5089,0.799
5090,0.8
5091,0.795
5092,0.795
5093,0.805
5094,0.833
5095,0.844
5096,0.858
5097,0.84
5098,0.836
5099,0.834
5100,0.849
5101,0.817
5102,0.823
5103,0.792
5104,0.774
5105,0.786
5106,0.779
5107,0.793
5108,0.817
5109,0.827
5110,0.838
5111,0.833
