"SpO2","SelDuration"
"97.3036","0.793"
"97.3044","0.796"
"97.3048","0.801"
"97.3037","0.85"
"97.3038","0.857"
"97.3037","0.835"
"97.3048","0.798"
"97.3047","0.767"
"97.3029","0.769"
"97.3046","0.761"
"97.3045","0.756"
"97.3046","0.748"
"97.3033","0.744"
"97.3047","0.756"
"97.3047","0.774"
"97.3042","0.776"
"97.3034","0.778"
"97.3048","0.774"
"97.3045","0.78"
"97.3044","0.792"
"97.304","0.79"
"97.3034","0.777"
"97.3052","0.77"
"97.304","0.777"
"97.3039","0.794"
"97.3049","0.791"
"97.3034","0.776"
"97.3039","0.788"
"97.3043","0.807"
"97.3044","0.797"
"97.3028","0.777"
"97.3049","0.786"
"97.3052","0.799"
"97.3037","0.816"
"97.3039","0.808"
"97.3031","0.786"
"97.305","0.772"
"97.3047","0.771"
"97.3038","0.777"
"97.3046","0.788"
"97.3033","0.793"
"97.3045","0.815"
"97.305","0.827"
"97.3042","0.845"
"97.3046","0.818"
"97.3034","0.808"
"97.3044","0.802"
"97.3042","0.797"
"97.304","0.797"
"97.3046","0.801"
"97.3036","0.807"
"97.3043","0.824"
"97.304","0.839"
"97.3042","0.82"
"97.3048","0.83"
"97.3045","0.832"
"97.3027","0.831"
"97.3044","0.82"
"97.3051","0.804"
"97.3045","0.801"
"97.3039","0.798"
"97.3035","0.798"
"97.3039","0.803"
"97.3045","0.815"
"97.3047","0.86"
"97.3042","0.856"
"97.304","0.828"
"97.3037","0.815"
"97.3048","0.811"
"97.3042","0.809"
"97.3045","0.808"
"97.3045","0.808"
"97.3042","0.815"
"97.3029","0.827"
"97.3046","0.851"
"97.3046","0.844"
"97.3044","0.835"
"97.3043","0.842"
"97.3045","0.854"
"97.3031","0.861"
"97.3041","0.835"
"97.3049","0.82"
"97.3049","0.815"
"97.3041","0.836"
"97.3037","0.841"
"97.3034","0.84"
"97.3044","0.843"
"97.3044","0.848"
"97.3043","0.866"
"97.3045","0.857"
"97.3039","0.852"
"97.304","0.819"
"97.3035","0.815"
"97.3038","0.82"
"97.3041","0.836"
"97.3044","0.851"
"97.3045","0.84"
"97.3031","0.828"
"97.3037","0.844"
"97.304","0.823"
"97.3044","0.82"
"97.3043","0.831"
"97.3045","0.873"
"97.3037","0.884"
"97.3026","0.919"
"97.3042","0.888"
"96.4859","0.876"
"96.3013","0.879"
"96.3019","0.881"
"96.3016","0.871"
"96.301","0.849"
"96.3021","0.838"
"96.3008","0.823"
"96.3016","0.836"
"96.3008","0.83"
"96.3019","0.833"
"96.3021","0.836"
"96.3021","0.821"
"96.3005","0.848"
"96.3015","0.871"
"96.3009","0.882"
"96.3015","0.868"
"96.3022","0.847"
"96.3022","0.826"
"96.3012","0.825"
"96.3004","0.819"
"96.3014","0.819"
"96.3017","0.846"
"96.3015","0.876"
"96.3015","0.912"
"96.3011","0.937"
"96.3009","0.928"
"96.3018","0.911"
"96.3008","0.903"
"96.3011","0.893"
"96.3016","0.876"
"96.3015","0.861"
"96.3015","0.879"
"96.3013","0.885"
"96.3013","0.898"
"96.3013","0.875"
"96.3018","0.898"
"96.3004","0.884"
"96.3019","0.849"
"96.3014","0.817"
"96.3028","0.8"
"96.3018","0.84"
"96.301","0.884"
"96.3013","0.901"
"96.3005","0.815"
"96.3009","0.806"
"96.3021","0.798"
"96.0684","0.79"
"95.2977","0.795"
"95.2953","0.785"
"95.2971","0.772"
"95.2977","0.738"
"95.2969","0.709"
"95.296","0.698"
"95.2977","0.736"
"95.2984","0.745"
"95.2967","0.779"
"95.2974","0.812"
"95.2974","0.825"
"95.2979","0.824"
"95.298","0.816"
"95.298","0.815"
"95.2965","0.831"
"95.2973","0.818"
"95.2971","0.799"
"95.2987","0.787"
"95.2977","0.78"
"95.2964","0.799"
"95.2972","0.809"
"95.2977","0.833"
"95.2973","0.84"
"95.2978","0.838"
"95.2974","0.85"
"95.2965","0.853"
"95.2971","0.859"
"95.2975","0.839"
"95.2981","0.832"
"95.2977","0.83"
"95.2968","0.833"
"95.2961","0.833"
"95.298","0.825"
"95.298","0.825"
"95.2978","0.834"
"95.5601","0.835"
"96.3011","0.836"
"96.3003","0.828"
"96.3021","0.824"
"96.3017","0.832"
"96.3009","0.841"
"96.3017","0.827"
"96.3018","0.817"
"96.2998","0.822"
"96.301","0.823"
"96.3018","0.807"
"96.6428","0.794"
"97.3038","0.807"
"97.3029","0.818"
"97.3037","0.847"
"97.304","0.848"
"97.3038","0.837"
"96.9933","0.829"
"96.3007","0.839"
"96.2999","0.833"
"96.3014","0.817"
"96.3016","0.831"
"96.3015","0.83"
"96.301","0.84"
"96.3017","0.821"
"96.3003","0.823"
"96.3011","0.83"
"96.3013","0.834"
"96.3016","0.832"
"96.57","0.836"
"97.3037","0.853"
"97.303","0.867"
"97.3035","0.862"
"97.3036","0.878"
"97.3037","0.89"
"97.3038","0.883"
"97.3042","0.855"
"97.3042","0.834"
"97.3036","0.811"
"97.3032","0.782"
"97.3034","0.773"
"97.3044","0.743"
"97.3036","0.79"
"97.3026","0.857"
"97.3046","0.889"
"97.3047","0.867"
"96.6809","0.899"
"96.3012","0.896"
"96.3017","0.871"
"96.3016","0.842"
"96.3022","0.835"
"96.3008","0.839"
"96.3013","0.83"
"96.3018","0.812"
"96.3021","0.808"
"96.3017","0.825"
"96.3005","0.838"
"96.3006","0.854"
"96.3023","0.842"
"96.3018","0.833"
"96.3013","0.836"
"96.3018","0.844"
"96.3018","0.845"
"96.3004","0.843"
"96.3016","0.831"
"96.3019","0.848"
"96.3013","0.844"
"96.3011","0.844"
"96.302","0.85"
"96.3009","0.845"
"95.3954","0.86"
"95.2975","0.856"
"95.2979","0.847"
"95.2977","0.84"
"95.494","0.846"
"96.3014","0.844"
"96.3002","0.847"
"96.3016","0.839"
"96.3019","0.835"
"96.3015","0.839"
"96.301","0.832"
"96.3012","0.848"
"96.3007","0.852"
"96.3017","0.843"
"96.3012","0.847"
"96.3018","0.854"
"96.3014","0.878"
"96.3016","0.882"
"96.3017","0.909"
"96.301","0.918"
"96.3005","0.919"
"96.3009","0.903"
"96.3013","0.903"
"96.3011","0.888"
"96.8895","0.854"
"96.8784","0.866"
"96.3016","0.879"
"96.3015","0.91"
"96.3022","0.91"
"96.3019","0.929"
"96.3007","0.925"
"96.3016","0.931"
"96.3013","0.894"
"96.3017","0.887"
"96.3015","0.894"
"96.3017","0.888"
"96.3014","0.879"
"96.3012","0.875"
"96.3016","0.871"
"96.3001","0.866"
"96.3017","0.837"
"95.6111","0.82"
"95.2981","0.805"
"95.2977","0.865"
"95.2981","0.902"
"95.2972","0.9"
"95.2964","0.841"
"96.7571","0.863"
"96.9985","0.852"
"96.9984","0.828"
"95.8308","0.845"
"93.29","0.853"
"93.2892","0.858"
"93.2882","0.842"
"93.29","0.827"
"93.2905","0.821"
"93.2893","0.831"
"93.2894","0.84"
"93.2893","0.854"
"93.2883","0.826"
"93.2903","0.821"
"93.2903","0.823"
"93.2894","0.832"
"93.2892","0.838"
"93.2892","0.826"
"93.2894","0.824"
"93.2895","0.817"
"93.2894","0.837"
"93.2899","0.85"
"93.289","0.857"
"93.2896","0.847"
"93.2889","0.84"
"93.2896","0.847"
"93.2891","0.85"
"93.2892","0.842"
"93.2895","0.835"
"93.29","0.824"
"93.2884","0.814"
"93.2897","0.798"
"93.2898","0.791"
"93.2889","0.779"
"93.3124","0.787"
"96.9745","0.795"
"96.9981","0.8"
"96.1476","0.809"
"95.2973","0.81"
"95.2978","0.801"
"95.2964","0.806"
"96.0858","0.83"
"96.3013","0.847"
"96.301","0.848"
"96.3011","0.835"
"96.302","0.807"
"96.3007","0.809"
"96.3012","0.812"
"96.3016","0.825"
"96.3016","0.835"
"96.3013","0.842"
"96.3005","0.842"
"96.3013","0.847"
"96.3016","0.862"
"96.3013","0.863"
"96.3013","0.87"
"96.3015","0.846"
"96.3016","0.832"
"96.3009","0.814"
"96.302","0.79"
"96.3017","0.79"
"96.3021","0.834"
"96.3022","0.868"
"96.3014","0.943"
"96.301","0.983"
"96.3016","0.967"
"96.3014","0.946"
"96.3014","0.952"
"96.301","0.944"
"96.3014","0.922"
"96.3014","0.89"
"96.3017","0.862"
"96.3019","0.857"
"96.3014","0.847"
"96.3016","0.86"
"96.3016","0.852"
"96.3003","0.862"
"96.3014","0.896"
"96.3016","0.896"
"96.3013","0.869"
"96.3016","0.854"
"96.3018","0.904"
"96.3017","0.912"
"96.3015","0.871"
"96.3008","0.875"
"96.3022","0.821"
"95.6241","0.74"
"95.2983","0.731"
"95.2987","0.77"
"95.2974","0.836"
"95.2978","0.876"
"95.2979","0.912"
"95.2983","0.869"
"95.2978","0.861"
"95.2982","0.855"
"95.2982","0.868"
"95.2964","0.869"
"96.8832","0.785"
"96.9979","0.696"
"96.9984","0.708"
"96.997","0.752"
"96.9984","0.774"
"96.9985","0.822"
"96.9977","0.854"
"96.9981","0.857"
"96.9986","0.791"
"96.9977","0.773"
"96.9983","0.81"
"96.9977","0.836"
"96.9985","0.828"
"96.9985","0.805"
"96.9971","0.775"
"96.9989","0.766"
"96.9984","0.779"
"96.9979","0.795"
"96.9973","0.805"
"96.9979","0.756"
"96.9986","0.755"
"96.9979","0.74"
"96.9971","0.742"
"96.9979","0.743"
"96.9984","0.733"
"96.9983","0.72"
"96.9977","0.693"
"96.9985","0.692"
"96.998","0.697"
"96.9961","0.693"
"96.9985","0.681"
"96.9987","0.673"
"96.9975","0.666"
"96.9982","0.667"
"96.9981","0.683"
"96.9976","0.676"
"96.9971","0.686"
"96.9983","0.693"
"96.9988","0.69"
"96.9968","0.725"
"96.998","0.747"
"96.9974","0.74"
"96.9978","0.723"
"95.3541","0.716"
"95.2984","0.719"
"95.2979","0.734"
"95.296","0.741"
"96.1489","0.746"
"96.3023","0.732"
"96.3018","0.736"
"96.3008","0.731"
"96.3018","0.742"
"96.745","0.764"
"97.304","0.752"
"97.3035","0.752"
"97.3044","0.745"
"96.8475","0.758"
"96.3018","0.761"
"96.3012","0.757"
"96.3019","0.759"
"96.3016","0.753"
"96.3014","0.759"
"96.3007","0.753"
"96.3025","0.742"
"96.3019","0.744"
"96.3012","0.758"
"96.3003","0.776"
"96.3017","0.778"
"96.3021","0.767"
"96.3023","0.754"
"96.3018","0.764"
"96.3006","0.775"
"96.302","0.778"
"96.6852","0.769"
"97.3044","0.752"
"97.3024","0.765"
"97.3037","0.777"
"97.3043","0.775"
"97.3047","0.777"
"97.3025","0.788"
"96.3896","0.811"
"96.3013","0.827"
"96.3012","0.834"
"96.3016","0.81"
"96.3023","0.779"
"96.301","0.772"
"96.3016","0.783"
"96.7241","0.786"
"97.3038","0.801"
"97.3029","0.788"
"97.3043","0.773"
"97.3046","0.786"
"97.3041","0.799"
"97.2038","0.801"
"96.3004","0.794"
"96.302","0.763"
"96.3017","0.754"
"96.4944","0.754"
"97.3024","0.757"
"97.3035","0.751"
"97.3036","0.753"
"97.3044","0.774"
"97.3034","0.763"
"97.3041","0.788"
"97.3036","0.797"
"97.3041","0.788"
"97.3046","0.775"
"97.3033","0.771"
"97.3038","0.788"
"97.3039","0.787"
"97.3043","0.781"
"97.3043","0.776"
"97.3025","0.791"
"97.3041","0.829"
"97.3036","0.823"
"97.3038","0.825"
"97.3044","0.825"
"97.3031","0.842"
"97.3036","0.863"
"97.3035","0.889"
"97.3038","0.845"
"97.3037","0.811"
"97.3043","0.78"
"97.3035","0.778"
"97.3038","0.81"
"97.3038","0.862"
"97.3038","0.853"
"97.3044","0.866"
"97.3037","0.856"
"97.3035","0.867"
"97.3031","0.865"
"96.4455","0.855"
"96.3019","0.839"
"96.3017","0.839"
"96.3015","0.868"
"96.3012","0.86"
"96.3015","0.859"
"96.3007","0.855"
"96.302","0.862"
"96.3015","0.879"
"96.8469","0.89"
"97.3039","0.882"
"97.3038","0.861"
"97.3047","0.85"
"97.3031","0.835"
"97.3042","0.799"
"97.3048","0.774"
"97.3048","0.803"
"97.3043","0.838"
"97.2638","0.909"
"96.3013","0.915"
"96.3012","0.908"
"96.3019","0.878"
"96.3018","0.861"
"96.3019","0.87"
"95.9112","0.869"
"95.2973","0.873"
"95.2976","0.836"
"95.2965","0.831"
"95.2982","0.829"
"95.9504","0.836"
"96.3015","0.826"
"96.3016","0.775"
"96.3007","0.771"
"96.3018","0.789"
"96.3016","0.794"
"96.3023","0.819"
"96.3024","0.827"
"96.3019","0.867"
"96.3","0.886"
"96.3015","0.88"
"96.3017","0.863"
"96.302","0.842"
"96.3019","0.835"
"96.1377","0.814"
"95.2963","0.808"
"95.2981","0.794"
"95.2983","0.798"
"95.7308","0.821"
"96.3009","0.842"
"96.3015","0.852"
"96.3008","0.835"
"96.3019","0.826"
"96.302","0.819"
"96.3013","0.822"
"96.3011","0.818"
"96.3005","0.786"
"96.3017","0.779"
"96.3021","0.777"
"96.3014","0.8"
"96.3014","0.805"
"96.3006","0.795"
"96.3023","0.804"
"96.3019","0.795"
"96.3017","0.806"
"96.3014","0.811"
"96.3005","0.79"
"96.3021","0.797"
"96.3019","0.783"
"96.3015","0.789"
"96.3014","0.787"
"96.3009","0.776"
"96.3025","0.777"
"96.302","0.793"
"96.3016","0.792"
"96.302","0.782"
"96.3011","0.776"
"96.3019","0.778"
"96.3012","0.795"
"96.3015","0.799"
"96.3007","0.779"
"96.3022","0.785"
"96.3023","0.775"
"96.3015","0.796"
"96.3012","0.8"
"96.3011","0.806"
"96.3026","0.811"
"96.302","0.812"
"96.3015","0.803"
"96.3019","0.816"
"96.301","0.792"
"96.3018","0.783"
"96.9305","0.799"
"97.3045","0.814"
"97.3045","0.795"
"97.3035","0.792"
"97.3056","0.789"
"97.3045","0.797"
"97.3042","0.796"
"97.305","0.796"
"97.3039","0.789"
"97.3046","0.799"
"97.3038","0.799"
"97.3042","0.809"
"97.3048","0.793"
"97.3033","0.788"
"97.3043","0.808"
"97.3044","0.838"
"97.3042","0.836"
"97.3043","0.813"
"97.3034","0.779"
"97.3045","0.798"
"97.304","0.796"
"97.3039","0.804"
"97.3047","0.809"
"97.3043","0.83"
"97.3026","0.849"
"97.3041","0.818"
"97.3051","0.799"
"97.3048","0.775"
"97.3043","0.783"
"97.303","0.779"
"96.5896","0.788"
"96.3017","0.793"
"96.302","0.793"
"96.3005","0.796"
"96.3019","0.787"
"96.9538","0.768"
"97.3047","0.774"
"97.3036","0.797"
"97.3025","0.811"
"97.3038","0.803"
"97.3045","0.799"
"97.3045","0.779"
"97.3041","0.785"
"97.3032","0.789"
"97.3041","0.816"
"96.7394","0.794"
"96.3018","0.794"
"96.3017","0.802"
"96.3002","0.816"
"97.1335","0.827"
"97.3042","0.828"
"97.3045","0.83"
"97.3042","0.843"
"97.3038","0.854"
"97.3025","0.87"
"96.4086","0.822"
"96.302","0.779"
"96.3018","0.787"
"96.4354","0.807"
"97.3029","0.82"
"97.3046","0.823"
"97.3046","0.843"
"97.3034","0.848"
"96.9646","0.843"
"96.3019","0.824"
"96.301","0.813"
"96.3021","0.799"
"96.302","0.813"
"96.3018","0.822"
"96.5188","0.821"
"97.3045","0.833"
"97.3035","0.851"
"97.304","0.848"
"97.3041","0.848"
"96.8313","0.837"
"96.3024","0.832"
"96.3015","0.826"
"96.3006","0.826"
"96.3028","0.816"
"96.3022","0.799"
"96.6767","0.807"
"97.3044","0.813"
"97.3031","0.812"
"97.3043","0.814"
"96.6165","0.825"
"96.3021","0.851"
"96.3015","0.836"
"96.301","0.802"
"96.3006","0.792"
"96.302","0.785"
"96.3011","0.801"
"96.302","0.816"
"96.3023","0.806"
"96.3008","0.8"
"96.3019","0.821"
"96.302","0.848"
"96.3017","0.84"
"96.3017","0.799"
"96.3015","0.789"
"96.3018","0.795"
"96.3017","0.814"
"96.3014","0.827"
"96.3019","0.817"
"96.3022","0.799"
"96.3001","0.817"
"96.3018","0.813"
"96.3018","0.816"
"96.3018","0.792"
"96.3019","0.793"
"96.3012","0.769"
"96.3017","0.791"
"96.8121","0.82"
"97.3039","0.837"
"97.3048","0.834"
"97.3032","0.83"
"97.3041","0.847"
"96.578","0.848"
"96.3018","0.811"
"96.3019","0.739"
"96.3011","0.708"
"96.3022","0.736"
"96.3019","0.748"
"96.3022","0.773"
"96.3014","0.782"
"96.3021","0.798"
"96.3018","0.798"
"96.3022","0.801"
"96.3025","0.79"
"96.3011","0.773"
"96.3021","0.79"
"96.3021","0.791"
"96.3016","0.798"
"96.3021","0.772"
"96.301","0.759"
"96.3025","0.76"
"96.3018","0.761"
"96.3012","0.767"
"96.3011","0.775"
"96.3027","0.774"
"96.302","0.782"
"96.3021","0.791"
"96.3017","0.812"
"96.3009","0.783"
"96.3021","0.776"
"96.3024","0.75"
"96.3028","0.76"
"96.3008","0.759"
"96.3017","0.759"
"96.3023","0.762"
"96.3026","0.763"
"96.3005","0.777"
"96.3014","0.791"
"96.3015","0.793"
"96.302","0.791"
"96.3021","0.772"
"96.301","0.79"
"96.3021","0.803"
"96.3015","0.826"
"96.3016","0.81"
"96.3024","0.806"
"96.3008","0.818"
"96.3014","0.82"
"96.3017","0.814"
"96.302","0.789"
"96.3018","0.764"
"96.3007","0.765"
"96.3015","0.759"
"96.3018","0.719"
"96.302","0.693"
"96.3003","0.688"
"96.302","0.725"
"96.3024","0.745"
"96.3017","0.78"
"96.3013","0.788"
"96.3018","0.803"
"96.3017","0.808"
"96.3021","0.774"
"96.3014","0.771"
"96.302","0.769"
"96.3016","0.764"
"96.3012","0.786"
"96.3021","0.772"
"96.301","0.793"
"96.3019","0.807"
"96.3015","0.819"
"96.3021","0.798"
"96.302","0.768"
"96.3005","0.742"
"96.3018","0.754"
"96.3018","0.757"
"96.3014","0.769"
"96.3008","0.777"
"96.3024","0.779"
"96.3021","0.759"
"96.3014","0.776"
"96.3006","0.762"
"96.3022","0.754"
"95.8149","0.758"
"95.2977","0.759"
"95.2965","0.753"
"95.2978","0.746"
"95.2977","0.732"
"95.3973","0.712"
"96.3011","0.708"
"96.3022","0.727"
"96.3022","0.733"
"96.3021","0.751"
"96.3013","0.753"
"96.3025","0.767"
"96.3016","0.785"
"96.3021","0.788"
"96.3009","0.764"
"96.3017","0.769"
"96.3018","0.748"
"96.3023","0.744"
"96.3004","0.751"
"96.3014","0.749"
"96.3019","0.742"
"96.3025","0.751"
"96.3011","0.752"
"96.302","0.779"
"96.3019","0.789"
"96.302","0.791"
"96.3023","0.765"
"96.3011","0.749"
"96.3021","0.751"
"96.3019","0.75"
"96.3015","0.745"
"96.3008","0.744"
"96.3022","0.745"
"96.3019","0.756"
"96.3021","0.768"
"96.3005","0.771"
"96.3025","0.764"
"96.3023","0.759"
"96.3018","0.769"
"96.3008","0.798"
"96.3023","0.797"
"96.3023","0.781"
"96.3027","0.775"
"96.3022","0.756"
"96.3013","0.772"
"96.3018","0.762"
"96.3019","0.768"
"96.3025","0.776"
"96.301","0.783"
"96.3019","0.817"
"96.302","0.825"
"95.9727","0.802"
"95.2983","0.794"
"95.297","0.767"
"95.2983","0.756"
"95.2979","0.737"
"95.2978","0.732"
"95.2969","0.737"
"95.299","0.739"
"95.2984","0.76"
"95.2978","0.809"
"95.297","0.827"
"95.298","0.811"
"95.2981","0.796"
"95.2983","0.769"
"95.2986","0.765"
"95.2966","0.769"
"95.2976","0.77"
"95.2983","0.764"
"95.2983","0.76"
"95.2968","0.762"
"95.2979","0.793"
"95.2982","0.723"
"95.298","0.699"
"95.2966","0.689"
"95.2975","0.715"
"95.2981","0.733"
"95.2984","0.738"
"95.297","0.774"
"95.2978","0.801"
"95.298","0.823"
"95.2978","0.827"
"95.2977","0.789"
"95.2972","0.757"
"95.2977","0.772"
"95.2975","0.774"
"95.2973","0.808"
"95.2968","0.802"
"95.2983","0.786"
"95.2977","0.811"
"95.2971","0.833"
"95.2973","0.833"
"95.2968","0.829"
"95.2967","0.799"
"95.2982","0.79"
"95.2977","0.805"
"95.2977","0.796"
"95.298","0.786"
"95.2971","0.792"
"95.2973","0.809"
"95.2974","0.822"
"95.2982","0.821"
"95.2977","0.821"
"95.2968","0.822"
"95.298","0.82"
"95.2971","0.821"
"95.2976","0.785"
"95.2978","0.792"
"95.2968","0.807"
"95.2973","0.815"
"95.2973","0.821"
"95.2979","0.818"
"95.2976","0.782"
"95.296","0.808"
"95.2976","0.802"
"95.2974","0.804"
"95.2976","0.805"
"95.2979","0.782"
"95.2965","0.807"
"95.2974","0.802"
"95.2977","0.786"
"95.2976","0.784"
"95.2979","0.795"
"95.2965","0.79"
"95.2973","0.774"
"95.2978","0.775"
"95.298","0.767"
"95.2974","0.78"
"95.2961","0.804"
"95.2976","0.812"
"95.2976","0.796"
"95.2973","0.793"
"95.2979","0.794"
"95.2965","0.787"
"95.2977","0.779"
"95.2975","0.769"
"95.298","0.771"
"95.2966","0.783"
"95.2971","0.792"
"95.297","0.795"
"95.2979","0.789"
"95.2983","0.786"
"95.2968","0.798"
"95.2977","0.808"
"95.2975","0.805"
"95.2977","0.81"
"95.2978","0.814"
"95.2967","0.826"
"95.2974","0.84"
"95.2973","0.823"
"95.2979","0.754"
"95.2974","0.739"
"95.296","0.724"
"95.2978","0.727"
"95.2983","0.747"
"95.2979","0.773"
"95.296","0.809"
"95.2975","0.817"
"95.298","0.821"
"95.2978","0.814"
"95.507","0.809"
"96.9969","0.812"
"96.9983","0.795"
"96.9977","0.786"
"96.9984","0.772"
"96.999","0.759"
"96.9972","0.762"
"95.7646","0.779"
"95.2977","0.776"
"95.2979","0.803"
"95.2968","0.788"
"95.2982","0.798"
"95.2986","0.799"
"95.2979","0.806"
"95.2974","0.803"
"95.2969","0.773"
"95.2984","0.776"
"95.2981","0.78"
"95.2974","0.78"
"95.2983","0.782"
"95.297","0.795"
"95.2979","0.792"
"95.2981","0.813"
"95.833","0.831"
"96.9973","0.832"
"96.9966","0.826"
"96.9984","0.797"
"96.9983","0.794"
"96.998","0.792"
"96.998","0.794"
"96.9968","0.798"
"96.9984","0.787"
"96.9988","0.788"
"96.9986","0.809"
"96.9981","0.819"
"96.9966","0.834"
"96.9981","0.823"
"96.9986","0.826"
"96.9984","0.841"
"96.9976","0.823"
"96.998","0.826"
"96.9969","0.779"
"96.9988","0.785"
"96.9988","0.776"
"96.9981","0.777"
"96.9977","0.771"
"96.9974","0.761"
"96.9986","0.76"
"96.998","0.776"
"96.9983","0.789"
"96.9972","0.787"
"96.9987","0.794"
"96.9984","0.798"
"96.9981","0.801"
"96.9981","0.828"
"96.9972","0.818"
"95.5554","0.835"
"95.2981","0.854"
"95.2984","0.854"
"95.2978","0.835"
"95.2981","0.797"
"95.2971","0.792"
"95.2977","0.789"
"95.2979","0.791"
"95.2984","0.804"
"95.2983","0.826"
"95.2965","0.866"
"95.2978","0.885"
"95.2987","0.862"
"95.2982","0.84"
"95.2988","0.813"
"95.2989","0.785"
"95.2971","0.786"
"95.298","0.771"
"95.298","0.762"
"95.6755","0.742"
"96.9974","0.73"
"96.9986","0.737"
"96.9985","0.756"
"96.9984","0.773"
"96.9984","0.82"
"96.9978","0.807"
"96.9988","0.779"
"96.999","0.8"
"96.9985","0.793"
"96.9975","0.773"
"96.9987","0.758"
"96.9989","0.74"
"96.1423","0.739"
"93.2899","0.735"
"93.2905","0.762"
"93.29","0.773"
"93.2897","0.793"
"93.2907","0.798"
"93.2894","0.792"
"93.2904","0.809"
"93.2902","0.824"
"93.2903","0.825"
"93.2899","0.754"
"93.2889","0.709"
"93.2903","0.7"
"93.2905","0.719"
"93.2892","0.73"
"93.2908","0.744"
"93.2903","0.803"
"93.2898","0.831"
"93.29","0.818"
"93.2891","0.815"
"93.2902","0.804"
"93.2898","0.799"
"93.2898","0.802"
"93.2902","0.784"
"93.2889","0.775"
"93.2902","0.784"
"93.29","0.817"
"94.6843","0.846"
"96.998","0.843"
"96.9985","0.813"
"96.9977","0.791"
"96.9985","0.793"
"96.9981","0.793"
"96.9979","0.786"
"96.997","0.752"
"96.9986","0.733"
"96.9981","0.68"
"96.9986","0.68"
"96.9971","0.699"
"96.998","0.73"
"96.9977","0.781"
"96.9987","0.793"
"96.9971","0.797"
"96.9981","0.817"
"96.998","0.849"
"95.8281","0.804"
"93.2901","0.8"
"93.2889","0.787"
"93.2899","0.803"
"95.3256","0.789"
"96.9984","0.784"
"96.9986","0.791"
"96.9981","0.751"
"96.9984","0.765"
"96.998","0.785"
"96.9987","0.794"
"96.9972","0.784"
"96.9984","0.787"
"96.999","0.775"
"96.9984","0.825"
"96.9986","0.834"
"96.997","0.814"
"96.9987","0.805"
"96.999","0.777"
"96.9985","0.813"
"96.9981","0.839"
"96.9983","0.876"
"96.9974","0.838"
"96.9985","0.804"
"96.9989","0.797"
"96.9979","0.836"
"96.9977","0.819"
"96.9973","0.816"
"96.9985","0.828"
"96.9982","0.825"
"95.062","0.842"
"93.2896","0.846"
"93.2897","0.856"
"93.2901","0.845"
"96.9387","0.822"
"96.9984","0.794"
"96.9978","0.767"
"96.9983","0.776"
"96.9975","0.783"
"96.9986","0.789"
"96.9982","0.798"
"96.9981","0.847"
"96.9979","0.841"
"96.9978","0.826"
"96.9976","0.816"
"96.9989","0.807"
"96.9983","0.819"
"96.998","0.806"
"96.9984","0.793"
"96.9976","0.772"
"96.9984","0.774"
"96.9977","0.786"
"96.9984","0.784"
"96.9982","0.786"
"96.9972","0.776"
"96.9984","0.781"
"96.998","0.803"
"96.9979","0.792"
"96.9969","0.726"
"96.9982","0.717"
"96.9985","0.733"
"96.9981","0.764"
"96.9972","0.791"
"96.9984","0.835"
"96.9982","0.845"
"96.9977","0.842"
"96.9983","0.799"
"96.9974","0.762"
"96.9984","0.756"
"96.9979","0.776"
"95.7256","0.8"
"93.6608","0.806"
"96.9966","0.802"
"96.9988","0.796"
"96.9983","0.837"
"96.9977","0.867"
"96.9978","0.856"
"96.9979","0.813"
"96.9968","0.771"
"96.9982","0.772"
"96.9983","0.773"
"96.9984","0.8"
"96.9979","0.824"
"96.9973","0.804"
"96.9985","0.824"
"96.9982","0.84"
"96.9977","0.87"
"96.9984","0.847"
"96.9989","0.82"
"96.9973","0.786"
"96.999","0.77"
"96.9982","0.757"
"96.9974","0.763"
"96.9969","0.785"
"96.9989","0.795"
"96.9985","0.808"
"96.9976","0.848"
"96.9979","0.851"
"96.9981","0.833"
"96.9968","0.815"
"96.9982","0.785"
"96.9982","0.781"
"96.9977","0.79"
"96.9978","0.8"
"96.9976","0.78"
"96.9985","0.798"
"96.9976","0.812"
"96.9979","0.827"
"96.9954","0.809"
"95.3141","0.801"
"96.5651","0.806"
"96.998","0.814"
"96.9982","0.82"
"96.9981","0.796"
"96.997","0.798"
"96.9981","0.814"
"96.9976","0.794"
"96.9976","0.807"
"96.8916","0.806"
"95.2974","0.792"
"95.298","0.8"
"96.2351","0.797"
"96.4935","0.797"
"95.2979","0.791"
"95.2969","0.782"
"95.298","0.8"
"95.2979","0.803"
"95.2981","0.802"
"95.3177","0.791"
"96.9911","0.773"
"96.9984","0.77"
"96.9977","0.787"
"96.9977","0.8"
"96.9972","0.79"
"96.9984","0.801"
"96.9984","0.796"
"96.9981","0.815"
"96.9978","0.812"
"96.9966","0.801"
"96.9981","0.781"
"96.9988","0.769"
"96.9979","0.779"
"96.998","0.779"
"96.9969","0.764"
"96.9985","0.709"
"96.9983","0.693"
"96.9974","0.729"
"95.3949","0.776"
"96.4045","0.767"
"96.9984","0.793"
"96.9984","0.817"
"96.9967","0.817"
"96.9984","0.792"
"96.9985","0.751"
"96.9986","0.751"
"96.9966","0.727"
"96.9975","0.72"
"96.9977","0.738"
"96.9986","0.761"
"96.9972","0.77"
"96.9982","0.821"
"96.9979","0.832"
"96.9977","0.831"
"96.9979","0.808"
"96.9985","0.799"
"96.997","0.796"
"96.9983","0.787"
"96.9976","0.781"
"96.9982","0.772"
"96.9973","0.762"
"96.9979","0.762"
"96.998","0.764"
"96.998","0.759"
"96.9988","0.762"
"96.9971","0.764"
"96.9987","0.783"
"96.9983","0.79"
"96.998","0.78"
"96.9969","0.759"
"96.9985","0.737"
"96.9987","0.717"
"96.9982","0.727"
"96.9963","0.741"
"96.9993","0.741"
"96.9982","0.754"
"96.9982","0.781"
"96.9967","0.805"
"96.9978","0.824"
"96.9982","0.798"
"96.9983","0.78"
"96.9983","0.779"
"96.9968","0.783"
"96.9979","0.782"
"96.9982","0.775"
"96.999","0.777"
"96.9975","0.777"
"96.9982","0.782"
"95.9193","0.787"
"95.2981","0.766"
"95.2981","0.767"
"95.2968","0.761"
"95.2981","0.777"
"95.2975","0.796"
"95.2976","0.782"
"95.2969","0.78"
"96.8413","0.765"
"96.9976","0.772"
"96.9973","0.793"
"96.9977","0.79"
"96.9969","0.798"
"95.6321","0.775"
"95.2977","0.783"
"95.2978","0.78"
"95.2973","0.787"
"95.296","0.764"
"95.298","0.763"
"95.2983","0.787"
"95.2976","0.803"
"95.2957","0.819"
"95.298","0.811"
"95.298","0.787"
"95.298","0.784"
"95.2975","0.782"
"95.2963","0.781"
"95.2976","0.793"
"95.2977","0.799"
"95.2984","0.784"
"95.2981","0.798"
"95.2961","0.85"
"95.2973","0.827"
"96.3934","0.825"
"96.9984","0.778"
"96.9985","0.763"
"96.9972","0.754"
"96.9982","0.745"
"96.9981","0.743"
"96.9982","0.732"
"96.997","0.734"
"96.9981","0.766"
"96.9976","0.792"
"96.998","0.809"
"96.9972","0.79"
"96.9982","0.766"
"95.942","0.779"
"95.2977","0.798"
"95.2976","0.808"
"95.2966","0.788"
"95.2978","0.78"
"95.2977","0.77"
"95.7533","0.781"
"96.9976","0.796"
"96.9963","0.798"
"96.9976","0.783"
"96.9977","0.769"
"96.9978","0.777"
"96.9966","0.794"
"96.9976","0.801"
"96.9975","0.792"
"96.9985","0.783"
"96.9985","0.794"
"96.9967","0.796"
"96.9981","0.813"
"96.9987","0.78"
"96.9982","0.773"
"96.998","0.785"
"96.9969","0.81"
"96.9987","0.81"
"96.9981","0.786"
"96.9982","0.782"
"96.9983","0.799"
"96.997","0.806"
"96.9977","0.777"
"96.9987","0.754"
"96.9988","0.738"
"96.9975","0.747"
"96.9984","0.868"
"96.9983","0.81"
"96.998","0.875"
"96.9981","0.871"
"96.9988","0.835"
"96.9976","0.822"
"96.9988","0.818"
"96.9981","0.777"
"95.6128","0.748"
"93.2904","0.747"
"93.2885","0.737"
"95.8032","0.733"
"96.9986","0.713"
"96.9972","0.728"
"96.9981","0.755"
"96.998","0.77"
"96.9982","0.762"
"96.9983","0.764"
"96.9973","0.74"
"96.999","0.73"
"96.9985","0.753"
"96.9973","0.744"
"96.9974","0.755"
"96.9984","0.745"
"96.9988","0.742"
"96.9975","0.722"
"96.9979","0.735"
"96.9985","0.748"
"96.9981","0.741"
"96.9974","0.728"
"96.9991","0.722"
"96.9989","0.73"
"96.9979","0.744"
"96.997","0.757"
"96.9985","0.743"
"96.9983","0.747"
"96.9987","0.705"
"96.9971","0.725"
"96.9985","0.735"
"96.9981","0.693"
"96.9969","0.665"
"96.9982","0.65"
"96.9985","0.688"
"96.9975","0.695"
"96.9989","0.697"
"96.9989","0.712"
"96.9988","0.732"
"96.9977","0.735"
"96.9982","0.711"
"96.9986","0.693"
"96.9976","0.685"
"96.9986","0.679"
"96.9986","0.707"
"96.9974","0.721"
"96.9985","0.735"
"96.9988","0.743"
"96.9987","0.753"
"96.998","0.781"
"96.9976","0.792"
"96.9982","0.774"
"96.9983","0.739"
"96.9992","0.718"
"96.9976","0.725"
"96.9984","0.713"
"96.9983","0.731"
"96.998","0.732"
"96.9992","0.734"
"96.9986","0.747"
"96.9984","0.788"
"96.9973","0.796"
"95.4094","0.78"
"95.2988","0.757"
"95.2989","0.739"
"95.2987","0.763"
"95.2966","0.755"
"96.4329","0.772"
"96.3794","0.762"
"95.2991","0.771"
"95.2971","0.783"
"95.2982","0.815"
"95.2979","0.814"
"95.2978","0.81"
"95.2983","0.796"
"95.2977","0.762"
"95.2985","0.758"
"95.2977","0.73"
"95.298","0.732"
"95.2969","0.735"
"95.2984","0.742"
"95.2982","0.769"
"95.2979","0.814"
"95.2971","0.836"
"95.2982","0.803"
"95.2984","0.762"
"95.2986","0.764"
"95.3574","0.75"
"96.9953","0.733"
"96.9983","0.739"
"96.4396","0.749"
"95.2988","0.752"
"95.2968","0.792"
"95.2983","0.824"
"95.2989","0.809"
"95.2981","0.792"
"95.2985","0.789"
"95.2974","0.778"
"95.2983","0.763"
"95.6961","0.751"
"96.3019","0.766"
"96.3011","0.777"
"96.3025","0.802"
"96.302","0.791"
"95.9815","0.832"
"95.2981","0.842"
"95.2972","0.844"
"95.2982","0.823"
"95.2987","0.799"
"95.2985","0.791"
"95.298","0.772"
"95.2969","0.758"
"95.2985","0.754"
"95.2984","0.762"
"95.2987","0.788"
"95.2988","0.829"
"95.2974","0.865"
"95.2982","0.878"
"95.2988","0.864"
"95.2991","0.82"
"95.8742","0.822"
"96.9987","0.807"
"96.9974","0.816"
"96.9988","0.78"
"96.9988","0.801"
"96.999","0.785"
"96.9985","0.8"
"96.9968","0.82"
"96.9981","0.812"
"96.9986","0.837"
"96.9985","0.838"
"96.9985","0.856"
"96.9984","0.872"
"96.998","0.862"
"96.9975","0.829"
"96.9989","0.842"
"96.9986","0.811"
"96.9981","0.813"
"96.9986","0.769"
"96.9978","0.778"
"96.9987","0.78"
"96.9986","0.806"
"96.999","0.85"
"96.9984","0.88"
"96.9899","0.87"
"93.321","0.852"
"93.2908","0.833"
"93.2902","0.825"
"92.8807","0.836"
"92.4809","0.817"
"93.2894","0.809"
"93.2891","0.792"
"93.2907","0.766"
"93.2909","0.781"
"93.2904","0.763"
"93.2891","0.782"
"93.29","0.792"
"93.2899","0.801"
"93.2903","0.785"
"93.2906","0.777"
"93.2892","0.803"
"93.2901","0.801"
"93.2902","0.799"
"93.2905","0.79"
"93.2905","0.773"
"93.2893","0.764"
"93.2903","0.778"
"93.2901","0.781"
"93.2901","0.793"
"93.2889","0.795"
"93.2903","0.802"
"93.2904","0.739"
"93.29","0.722"
"93.289","0.732"
"93.2903","0.739"
"93.2903","0.765"
"93.2906","0.808"
"93.2902","0.843"
"93.2886","0.857"
"93.29","0.84"
"93.2905","0.804"
"93.2913","0.775"
"93.2904","0.776"
"93.289","0.757"
"93.2906","0.746"
"93.2897","0.715"
"93.29","0.723"
"93.2888","0.725"
"93.2904","0.754"
"93.2897","0.812"
"93.2896","0.856"
"93.484","0.868"
"96.9963","0.852"
"93.7367","0.852"
"95.8742","0.827"
"96.9983","0.819"
"96.9982","0.779"
"96.9974","0.781"
"96.9981","0.813"
"96.998","0.823"
"96.9979","0.836"
"96.4569","0.839"
"95.2984","0.841"
"95.2977","0.854"
"96.9208","0.837"
"96.9984","0.822"
"96.9986","0.811"
"96.9987","0.782"
"96.9986","0.791"
"96.9975","0.818"
"96.9983","0.825"
"96.9982","0.864"
"96.2441","0.875"
"95.2989","0.843"
"95.2979","0.858"
"95.297","0.849"
"95.2976","0.847"
"95.2977","0.834"
"95.2984","0.812"
"95.2984","0.821"
"95.2977","0.832"
"95.2963","0.849"
"96.8658","0.847"
"96.9982","0.844"
"96.9987","0.838"
"96.9985","0.845"
"96.9982","0.818"
"96.9962","0.802"
"96.9985","0.749"
"96.9982","0.751"
"96.9979","0.76"
"96.998","0.77"
"96.9982","0.76"
"96.9987","0.814"
"96.998","0.789"
"96.9983","0.8"
"96.9973","0.78"
"96.9986","0.762"
"96.9985","0.763"
"96.9987","0.768"
"96.9987","0.785"
"96.9971","0.8"
"96.9985","0.809"
"96.9984","0.802"
"96.9986","0.807"
"96.9981","0.816"
"96.9972","0.805"
"94.1208","0.801"
"93.2902","0.78"
"94.1067","0.767"
"96.9976","0.754"
"96.9986","0.789"
"96.9976","0.808"
"96.9983","0.837"
"96.9988","0.833"
"96.9984","0.851"
"96.9975","0.86"
"96.9986","0.865"
"94.3183","0.842"
"93.2906","0.819"
"93.2909","0.802"
"93.2901","0.786"
"93.2886","0.795"
"93.2903","0.774"
"94.9825","0.763"
"96.9988","0.77"
"96.9972","0.759"
"96.9986","0.789"
"96.9981","0.814"
"96.9978","0.831"
"96.9987","0.833"
"96.9987","0.823"
"96.9978","0.846"
"96.9986","0.811"
"96.9981","0.816"
"96.9983","0.786"
"96.9985","0.793"
"96.9976","0.82"
"96.9984","0.826"
"96.998","0.856"
"96.9988","0.838"
"96.9986","0.817"
"96.9984","0.781"
"96.9977","0.792"
"95.8191","0.812"
"95.2982","0.865"
"95.2982","0.858"
"95.2986","0.86"
"95.2985","0.858"
"95.2968","0.828"
"95.2981","0.785"
"95.2989","0.773"
"95.2984","0.764"
"95.2969","0.789"
"95.2981","0.822"
"95.2983","0.846"
"95.298","0.836"
"95.299","0.8"
"95.3586","0.778"
"96.9956","0.77"
"96.998","0.774"
"96.9982","0.756"
"96.9994","0.736"
"96.9977","0.746"
"96.9986","0.74"
"96.9988","0.772"
"96.7809","0.778"
"95.2971","0.798"
"95.2981","0.794"
"95.2989","0.78"
"95.2989","0.766"
"95.2984","0.777"
"95.297","0.78"
"95.2979","0.78"
"95.298","0.776"
"95.2989","0.767"
"95.2977","0.76"
"95.2988","0.767"
"95.2979","0.773"
"95.298","0.776"
"95.2984","0.77"
"95.2978","0.765"
"95.2982","0.769"
"95.2982","0.785"
"95.2979","0.79"
"95.2965","0.791"
"95.2987","0.787"
"95.2988","0.759"
"95.2983","0.752"
"95.2962","0.775"
"95.2983","0.798"
"95.2986","0.781"
"95.2984","0.789"
"95.4708","0.771"
"96.9971","0.781"
"96.9983","0.801"
"96.9984","0.759"
"96.9984","0.709"
"96.9972","0.678"
"96.9987","0.68"
"96.9985","0.693"
"96.9974","0.701"
"96.9992","0.727"
"96.9985","0.796"
"96.9979","0.812"
"96.9985","0.798"
"96.9976","0.796"
"96.999","0.739"
"96.998","0.744"
"96.9989","0.752"
"96.9972","0.725"
"96.9985","0.757"
"96.9987","0.738"
"96.9994","0.723"
"96.9976","0.724"
"95.9402","0.761"
"95.298","0.767"
"95.2984","0.788"
"95.2972","0.804"
"95.2986","0.776"
"95.2989","0.795"
"95.298","0.798"
"95.2978","0.794"
"95.2972","0.771"
"95.2985","0.743"
"95.8704","0.737"
"96.9982","0.739"
"96.9973","0.739"
"96.9986","0.75"
"96.4509","0.773"
"95.2984","0.752"
"95.2976","0.76"
"95.2984","0.777"
"95.2982","0.786"
"95.2982","0.79"
"95.2976","0.792"
"95.2981","0.786"
"95.2975","0.776"
"95.298","0.778"
"95.2984","0.755"
"95.2967","0.755"
"95.2984","0.746"
"95.2984","0.759"
"95.2984","0.776"
"95.2961","0.786"
"95.2985","0.765"
"95.2988","0.776"
"95.298","0.759"
"95.2967","0.788"
"95.2987","0.781"
"95.2978","0.781"
"95.2979","0.76"
"95.2984","0.761"
"95.2973","0.746"
"95.2985","0.764"
"95.2979","0.767"
"95.2984","0.788"
"95.2975","0.805"
"95.2988","0.803"
"95.2981","0.813"
"95.2982","0.801"
"95.2981","0.785"
"95.2971","0.746"
"95.299","0.731"
"95.2989","0.719"
"95.2984","0.738"
"95.2967","0.769"
"95.298","0.808"
"95.2983","0.813"
"95.2981","0.815"
"95.2983","0.818"
"95.2972","0.847"
"95.298","0.813"
"95.298","0.812"
"95.8874","0.766"
"96.9989","0.745"
"96.9976","0.736"
"96.9994","0.751"
"96.3785","0.791"
"95.2978","0.816"
"95.2968","0.797"
"95.2987","0.804"
"95.2984","0.799"
"95.2982","0.824"
"95.2982","0.809"
"95.2976","0.815"
"95.2985","0.788"
"95.2987","0.781"
"95.2985","0.763"
"95.2984","0.757"
"95.2968","0.701"
"95.2988","0.728"
"95.299","0.754"
"95.2988","0.821"
"95.2971","0.876"
"95.2986","0.875"
"95.2983","0.88"
"96.3704","0.87"
"96.9993","0.842"
"96.9993","0.833"
"96.9984","0.814"
"96.9974","0.794"
"96.9988","0.761"
"96.9989","0.748"
"96.9983","0.757"
"96.9977","0.765"
"96.9983","0.773"
"96.9985","0.753"
"96.9983","0.705"
"96.9974","0.723"
"96.9993","0.722"
"96.9988","0.729"
"96.9989","0.722"
"96.9976","0.725"
"96.9992","0.745"
"96.9984","0.757"
"96.9981","0.769"
"96.9974","0.759"
"96.9994","0.734"
"96.9993","0.732"
"96.9988","0.751"
"96.9981","0.776"
"96.9988","0.78"
"96.3331","0.789"
"95.2983","0.786"
"95.297","0.788"
"95.2986","0.81"
"95.2983","0.819"
"95.9923","0.824"
"96.9988","0.799"
"96.9973","0.801"
"96.9985","0.82"
"96.9984","0.821"
"96.9984","0.793"
"96.999","0.797"
"96.9988","0.798"
"96.9976","0.807"
"96.9985","0.806"
"96.9991","0.815"
"96.9985","0.811"
"96.9992","0.823"
"96.9978","0.819"
"96.9987","0.841"
"96.9984","0.838"
"96.9982","0.839"
"96.9989","0.801"
"96.9984","0.791"
"96.9979","0.782"
"96.999","0.778"
"96.9989","0.783"
"96.9987","0.8"
"96.9979","0.793"
"96.9992","0.817"
"94.6082","0.812"
"93.2904","0.826"
"93.2906","0.822"
"93.2902","0.816"
"93.2885","0.787"
"93.2905","0.774"
"93.2906","0.741"
"93.2903","0.749"
"93.2892","0.75"
"93.2905","0.76"
"94.8406","0.774"
"96.9988","0.781"
"96.9983","0.798"
"96.9989","0.805"
"96.9985","0.805"
"96.998","0.783"
"96.9983","0.777"
"96.9978","0.772"
"96.9987","0.759"
"96.9986","0.757"
"96.9989","0.74"
"96.9981","0.712"
"96.9989","0.709"
"96.9994","0.705"
"96.9988","0.728"
"96.9986","0.787"
"96.9982","0.8"
"96.9985","0.819"
"96.999","0.814"
"96.9992","0.79"
"96.9975","0.791"
"96.9986","0.786"
"95.5","0.766"
"93.2908","0.74"
"93.2893","0.705"
"93.2908","0.702"
"93.2906","0.717"
"93.289","0.739"
"93.2908","0.779"
"93.2914","0.804"
"93.291","0.811"
"93.2905","0.821"
"93.2895","0.828"
"93.2898","0.794"
"93.2908","0.775"
"93.2914","0.735"
"93.2912","0.736"
"93.2892","0.714"
"93.2903","0.725"
"93.2906","0.738"
"93.2897","0.764"
"93.291","0.776"
"93.2902","0.818"
"93.2899","0.827"
"93.2902","0.823"
"93.2897","0.782"
"93.29","0.775"
"93.2906","0.761"
"93.29","0.754"
"93.2897","0.763"
"93.2896","0.769"
"93.2906","0.757"
"93.2903","0.776"
"93.2903","0.817"
"93.2899","0.82"
"93.2899","0.836"
"93.2903","0.813"
"93.2912","0.794"
"93.2907","0.8"
"93.2903","0.776"
"93.2893","0.755"
"93.2906","0.759"
"93.2909","0.732"
"93.2895","0.733"
"92.3445","0.755"
"92.2867","0.756"
"92.5935","0.767"
"93.2906","0.758"
"93.2897","0.793"
"93.2907","0.821"
"93.2896","0.835"
"93.29","0.805"
"93.2909","0.753"
"93.2897","0.724"
"93.2908","0.738"
"93.2909","0.736"
"93.2904","0.777"
"93.2888","0.837"
"93.2908","0.81"
"93.291","0.806"
"93.2909","0.796"
"93.2395","0.816"
"92.2859","0.82"
"92.2862","0.82"
"92.2859","0.81"
"92.2867","0.764"
"92.2864","0.767"
"92.2854","0.724"
"92.286","0.743"
"92.2863","0.753"
"92.2867","0.768"
"92.2854","0.76"
"92.2866","0.762"
"92.2873","0.746"
"92.2866","0.781"
"92.2849","0.791"
"92.2864","0.749"
"92.2868","0.693"
"92.2862","0.669"
"92.2855","0.67"
"92.2867","0.674"
"92.2872","0.679"
"92.2854","0.708"
"92.286","0.728"
"92.2858","0.747"
"92.2849","0.759"
"93.1938","0.745"
"92.7391","0.724"
"92.2867","0.724"
"92.2854","0.736"
"92.2859","0.741"
"92.286","0.771"
"92.2864","0.771"
"92.2859","0.76"
"92.2865","0.757"
"92.2863","0.79"
"92.2864","0.787"
"92.2867","0.772"
"92.2853","0.766"
"92.2871","0.728"
"92.2875","0.734"
"92.2866","0.757"
"92.2848","0.749"
"92.2863","0.782"
"92.2865","0.762"
"92.3369","0.751"
"93.2889","0.76"
"93.2901","0.789"
"93.2899","0.799"
"93.2903","0.769"
"93.2899","0.773"
"93.2912","0.78"
"93.2906","0.79"
"93.2899","0.791"
"93.2904","0.771"
"93.2897","0.758"
"93.2907","0.742"
"93.2905","0.75"
"93.2908","0.733"
"93.2888","0.747"
"93.2902","0.75"
"93.2911","0.759"
"93.2907","0.763"
"93.2891","0.789"
"93.2902","0.781"
"93.2909","0.782"
"94.1483","0.761"
"96.9976","0.737"
"96.9989","0.723"
"96.9992","0.715"
"96.9987","0.727"
"96.9975","0.758"
"96.9992","0.775"
"96.9997","0.765"
"96.9992","0.802"
"96.9985","0.827"
"96.9977","0.828"
"96.9995","0.792"
"95.1016","0.766"
"93.2912","0.784"
"93.2897","0.762"
"93.2902","0.762"
"93.2902","0.729"
"93.2908","0.709"
"93.2896","0.699"
"93.2909","0.693"
"94.5916","0.723"
"96.9984","0.782"
"96.9976","0.836"
"96.9982","0.846"
"96.9995","0.8"
"95.5997","0.774"
"93.2915","0.758"
"93.2897","0.751"
"93.2903","0.756"
"93.291","0.73"
"93.291","0.721"
"93.2895","0.714"
"93.2909","0.734"
"94.3455","0.759"
"96.9866","0.78"
"93.3196","0.809"
"93.2909","0.836"
"93.2909","0.869"
"93.2903","0.88"
"93.2905","0.884"
"93.2904","0.852"
"93.2891","0.811"
"93.2914","0.765"
"93.2908","0.769"
"93.2902","0.773"
"93.2907","0.788"
"93.2896","0.844"
"93.2907","0.888"
"93.2909","0.874"
"93.2907","0.917"
"93.2904","0.901"
"93.2903","0.856"
"93.1322","0.815"
"92.2858","0.793"
"92.2863","0.762"
"92.2864","0.759"
"92.2865","0.743"
"92.2849","0.757"
"92.2858","0.764"
"92.2869","0.741"
"92.2868","0.764"
"92.2858","0.81"
"92.2847","0.816"
"92.2863","0.799"
"92.2871","0.797"
"92.5482","0.764"
"93.2894","0.752"
"92.351","0.757"
"92.8985","0.747"
"93.2907","0.695"
"93.2895","0.676"
"93.2902","0.687"
"93.2911","0.728"
"93.2906","0.752"
"93.2901","0.768"
"93.2909","0.838"
"92.7639","0.84"
"92.2864","0.818"
"92.2868","0.776"
"92.2857","0.741"
"92.2869","0.724"
"92.2865","0.728"
"92.2859","0.721"
"92.286","0.724"
"92.287","0.732"
"92.2876","0.736"
"92.2859","0.773"
"92.2864","0.796"
"92.2867","0.822"
"92.2866","0.807"
"92.2868","0.777"
"92.2858","0.757"
"92.2871","0.751"
"92.2864","0.763"
"92.2863","0.771"
"92.2854","0.781"
"92.2871","0.774"
"92.2873","0.753"
"92.2871","0.767"
"92.2863","0.789"
"92.2849","0.808"
"92.2864","0.803"
"92.2866","0.784"
"92.287","0.755"
"92.285","0.761"
"92.2859","0.758"
"92.2865","0.752"
"92.2868","0.769"
"92.2867","0.789"
"92.2856","0.796"
"92.2867","0.836"
"92.2862","0.85"
"92.2859","0.855"
"92.2862","0.86"
"92.2869","0.825"
"92.2855","0.779"
"92.2866","0.763"
"92.2867","0.771"
"92.2867","0.78"
"92.2849","0.79"
"92.2864","0.79"
"92.2871","0.784"
"92.2867","0.793"
"92.2864","0.81"
"92.2852","0.818"
"92.2864","0.811"
"92.286","0.788"
"92.2861","0.78"
"92.2868","0.745"
"92.285","0.762"
"92.2865","0.762"
"92.7161","0.782"
"93.2905","0.77"
"93.2888","0.771"
"93.2908","0.777"
"93.2909","0.776"
"93.2906","0.798"
"93.2908","0.816"
"93.2893","0.83"
"93.2909","0.826"
"93.2907","0.795"
"93.2907","0.784"
"93.2908","0.78"
"93.2893","0.76"
"93.2904","0.756"
"93.2908","0.746"
"93.2909","0.775"
"93.2897","0.77"
"93.2907","0.821"
"93.2909","0.843"
"93.2903","0.833"
"93.2907","0.794"
"93.2897","0.782"
"93.2912","0.763"
"93.2909","0.756"
"93.0017","0.759"
"92.2867","0.741"
"92.2864","0.742"
"92.2868","0.737"
"92.2868","0.718"
"92.2865","0.726"
"92.2874","0.746"
"92.2867","0.754"
"92.2863","0.78"
"92.2855","0.771"
"92.2874","0.761"
"92.8843","0.752"
"93.2912","0.721"
"93.29","0.723"
"93.2906","0.696"
"93.2907","0.67"
"93.29","0.641"
"93.2911","0.668"
"93.2912","0.717"
"93.2488","0.747"
"92.2868","0.752"
"92.2873","0.809"
"92.2862","0.809"
"92.2871","0.804"
"92.2872","0.795"
"92.2863","0.771"
"92.2865","0.779"
"92.2868","0.768"
"92.2869","0.745"
"92.2857","0.74"
"92.2868","0.748"
"92.2869","0.73"
"92.2865","0.744"
"92.2851","0.749"
"92.2869","0.752"
"92.2873","0.752"
"92.2871","0.747"
"92.2851","0.765"
"92.2866","0.75"
"92.2866","0.754"
"92.287","0.748"
"92.2859","0.735"
"92.2868","0.744"
"92.2867","0.756"
"92.2859","0.777"
"92.2854","0.788"
"92.2869","0.807"
"92.2868","0.801"
"92.2868","0.793"
"92.287","0.77"
"92.2857","0.75"
"92.9791","0.754"
"93.2906","0.769"
"93.2907","0.816"
"93.2895","0.847"
"93.2896","0.883"
"93.2903","0.865"
"93.2904","0.866"
"93.2901","0.822"
"93.2903","0.797"
"93.2897","0.733"
"93.2906","0.73"
"93.2906","0.72"
"93.2914","0.736"
"93.2892","0.761"
"93.2902","0.822"
"93.2903","0.876"
"93.2908","0.845"
"93.2909","0.823"
"93.2905","0.804"
"93.2895","0.809"
"93.2903","0.8"
"93.2905","0.797"
"93.2909","0.76"
"93.2904","0.754"
"93.2906","0.765"
"93.2903","0.779"
"93.2908","0.83"
"93.2903","0.842"
"93.4376","0.86"
"96.9958","0.84"
"96.9995","0.828"
"96.9987","0.786"
"96.9985","0.76"
"96.999","0.729"
"96.9983","0.715"
"96.9994","0.733"
"96.9995","0.76"
"96.9995","0.778"
"93.4593","0.803"
"93.2906","0.823"
"93.2907","0.813"
"93.2916","0.782"
"93.2896","0.761"
"93.2909","0.742"
"93.2915","0.754"
"93.0331","0.75"
"92.2851","0.743"
"92.2874","0.734"
"92.2873","0.744"
"92.2873","0.735"
"92.2856","0.751"
"92.2866","0.764"
"92.2868","0.762"
"92.2863","0.774"
"92.286","0.752"
"92.2865","0.777"
"92.2864","0.78"
"92.2862","0.781"
"92.2863","0.793"
"92.2857","0.766"
"92.2868","0.76"
"92.2864","0.759"
"92.2863","0.784"
"92.2856","0.772"
"92.2863","0.759"
"92.2869","0.764"
"92.5807","0.78"
"93.2908","0.789"
"93.2886","0.814"
"93.2904","0.799"
"93.291","0.784"
"93.2903","0.785"
"93.2902","0.779"
"92.3136","0.752"
"92.2866","0.765"
"92.2868","0.771"
"92.2871","0.779"
"92.2855","0.793"
"92.2866","0.818"
"92.2867","0.834"
"92.2868","0.835"
"92.2867","0.829"
"92.2866","0.853"
"92.2855","0.855"
"93.1263","0.831"
"93.2902","0.78"
"93.2909","0.747"
"93.2902","0.729"
"93.29","0.735"
"93.29","0.772"
"93.2901","0.852"
"93.2906","0.858"
"93.3696","0.848"
"96.9909","0.837"
"93.9367","0.839"
"93.2905","0.822"
"93.2905","0.784"
"93.2911","0.761"
"93.2898","0.751"
"93.2907","0.742"
"93.2905","0.739"
"93.2908","0.705"
"93.2892","0.671"
"93.2902","0.643"
"93.2902","0.666"
"93.2895","0.671"
"93.2916","0.701"
"93.291","0.694"
"93.2897","0.72"
"93.291","0.766"
"93.2908","0.763"
"93.2901","0.771"
"93.2895","0.758"
"93.291","0.752"
"93.2915","0.746"
"93.2906","0.732"
"93.2892","0.729"
"93.2912","0.747"
"93.2906","0.742"
"93.291","0.745"
"93.2895","0.713"
"93.2907","0.744"
"93.2906","0.764"
"93.29","0.766"
"93.2893","0.764"
"93.2909","0.752"
"93.2904","0.751"
"93.2909","0.751"
"93.2895","0.771"
"93.2903","0.78"
"93.2906","0.769"
"93.2909","0.764"
"93.2897","0.772"
"93.2902","0.772"
"93.2902","0.795"
"93.2903","0.807"
"93.29","0.839"
"93.2893","0.842"
"93.2911","0.828"
"93.2908","0.867"
"93.2902","0.867"
"93.2904","0.862"
"93.078","0.814"
"92.2872","0.791"
"92.2864","0.765"
"92.2876","0.747"
"92.6143","0.778"
"93.2904","0.829"
"93.29","0.876"
"93.2906","0.861"
"93.2908","0.85"
"93.2908","0.836"
"93.2912","0.841"
"93.2908","0.81"
"93.2891","0.766"
"92.3921","0.731"
"92.2867","0.696"
"92.3452","0.689"
"93.2891","0.687"
"93.2915","0.687"
"93.2919","0.692"
"93.2897","0.738"
"93.2905","0.767"
"93.2906","0.78"
"93.2908","0.775"
"93.2895","0.769"
"93.291","0.768"
"93.2908","0.788"
"93.2902","0.759"
"93.2899","0.768"
"93.2896","0.755"
"93.2909","0.751"
"93.2909","0.726"
"93.2907","0.733"
"93.2896","0.746"
"93.2908","0.757"
"93.2904","0.76"
"93.291","0.764"
"93.2903","0.747"
"93.2913","0.758"
"93.2902","0.752"
"93.2906","0.764"
"93.2897","0.753"
"93.291","0.733"
"93.2908","0.737"
"93.2912","0.714"
"93.2898","0.721"
"93.2902","0.75"
"93.2907","0.765"
"93.2905","0.805"
"93.2893","0.782"
"93.2904","0.78"
"93.2908","0.802"
"93.2909","0.817"
"93.2901","0.832"
"93.2892","0.838"
"93.2904","0.833"
"93.2908","0.841"
"93.2904","0.836"
"93.2908","0.869"
"93.2905","0.868"
"93.2902","0.86"
"93.2897","0.889"
"93.2907","0.896"
"93.29","0.874"
"93.2906","0.825"
"94.3993","0.777"
"96.9991","0.733"
"93.4617","0.75"
"93.2912","0.818"
"93.2906","0.888"
"93.2904","0.829"
"93.2907","0.785"
"93.2895","0.809"
"93.2909","0.78"
"92.7709","0.777"
"92.287","0.795"
"92.2864","0.797"
"92.2849","0.793"
"92.2866","0.769"
"92.287","0.741"
"92.2865","0.737"
"92.2848","0.746"
"92.2863","0.744"
"92.286","0.742"
"92.2861","0.751"
"92.2853","0.755"
"92.2867","0.743"
"92.2871","0.75"
"92.2864","0.772"
"92.2851","0.775"
"92.2868","0.773"
"91.8262","0.763"
"91.2822","0.739"
"91.2807","0.722"
"92.0277","0.734"
"91.886","0.756"
"91.282","0.765"
"91.2811","0.764"
"91.2821","0.758"
"91.2817","0.752"
"91.4284","0.772"
"92.2854","0.782"
"92.2865","0.782"
"91.7003","0.775"
"91.282","0.768"
"91.2815","0.737"
"91.2815","0.727"
"91.2816","0.729"
"91.2819","0.736"
"91.2801","0.729"
"91.2815","0.76"
"91.2815","0.776"
"91.2824","0.761"
"91.2805","0.767"
"91.2819","0.743"
"90.7091","0.732"
"90.2784","0.744"
"90.2768","0.752"
"90.2779","0.743"
"90.2783","0.727"
"90.2788","0.747"
"90.2769","0.728"
"90.278","0.739"
"90.746","0.752"
"91.2815","0.72"
"91.2802","0.733"
"91.2824","0.733"
"91.6572","0.739"
"92.2864","0.745"
"92.285","0.754"
"92.2863","0.77"
"92.7125","0.79"
"93.2904","0.776"
"93.2892","0.771"
"93.2909","0.78"
"93.2907","0.782"
"93.2903","0.773"
"93.2907","0.771"
"93.29","0.761"
"93.2907","0.751"
"93.2906","0.764"
"93.2905","0.767"
"93.2893","0.775"
"93.2907","0.776"
"93.2912","0.78"
"93.291","0.796"
"93.2907","0.819"
"93.2893","0.849"
"93.2909","0.848"
"93.2911","0.827"
"93.2905","0.851"
"93.2911","0.836"
"93.2909","0.821"
"93.2895","0.81"
"93.291","0.814"
"93.2908","0.835"
"94.694","0.852"
"96.9985","0.858"
"96.9991","0.857"
"96.9984","0.845"
"96.9989","0.814"
"94.8094","0.74"
"93.2916","0.682"
"93.29","0.644"
"93.2914","0.729"
"93.2915","0.809"
"93.2919","0.83"
"93.291","0.86"
"93.2895","0.913"
"93.2904","0.901"
"92.5115","0.867"
"92.2874","0.813"
"92.2875","0.78"
"92.2871","0.792"
"92.2856","0.773"
"92.2866","0.771"
"91.8011","0.77"
"91.2825","0.736"
"91.2807","0.736"
"91.2825","0.745"
"91.7392","0.752"
"92.1492","0.762"
"91.28","0.785"
"92.1436","0.778"
"92.2869","0.774"
"92.2869","0.744"
"92.2856","0.747"
"92.2865","0.751"
"92.2862","0.749"
"92.2868","0.747"
"92.2858","0.735"
"92.2872","0.731"
"92.2869","0.729"
"92.2866","0.729"
"92.2859","0.723"
"92.2867","0.734"
"92.2866","0.704"
"92.2869","0.716"
"92.2856","0.701"
"92.287","0.692"
"92.1727","0.705"
"91.2802","0.704"
"91.2818","0.712"
"91.2821","0.707"
"91.2805","0.697"
"91.2822","0.685"
"91.2821","0.703"
"91.2817","0.714"
"91.2803","0.701"
"91.282","0.7"
"91.4199","0.691"
"92.2855","0.678"
"91.6177","0.68"
"91.2815","0.682"
"91.2805","0.696"
"91.2819","0.717"
"91.2815","0.72"
"91.2819","0.707"
"91.2806","0.729"
"91.2814","0.724"
"91.2816","0.723"
"91.2803","0.725"
"91.2821","0.706"
"91.2822","0.717"
"91.2817","0.704"
"91.2804","0.73"
"91.2816","0.727"
"91.2815","0.731"
"91.2804","0.732"
"91.2821","0.717"
"91.2822","0.729"
"91.3983","0.712"
"92.2848","0.725"
"92.2867","0.722"
"92.6317","0.716"
"93.2893","0.703"
"93.2904","0.748"
"93.2906","0.768"
"93.2906","0.75"
"93.2888","0.702"
"93.2905","0.664"
"93.2909","0.652"
"93.2894","0.665"
"93.2908","0.674"
"93.2912","0.679"
"93.2901","0.69"
"93.2912","0.703"
"93.2903","0.73"
"93.2912","0.753"
"93.2895","0.704"
"93.2912","0.703"
"93.2911","0.695"
"93.2894","0.696"
"93.2912","0.701"
"93.2904","0.721"
"93.2905","0.727"
"93.2896","0.738"
"93.2912","0.749"
"93.2906","0.769"
"93.2902","0.766"
"93.2898","0.754"
"93.291","0.753"
"93.2907","0.739"
"93.2906","0.719"
"93.2892","0.713"
"93.291","0.719"
"93.2904","0.743"
"93.2909","0.744"
"93.2901","0.751"
"93.2909","0.785"
"93.2904","0.78"
"93.2905","0.764"
"93.2897","0.758"
"93.2909","0.74"
"93.2907","0.73"
"93.2908","0.72"
"93.2893","0.731"
"93.2905","0.726"
"93.2907","0.738"
"93.29","0.745"
"93.2911","0.749"
"93.2906","0.739"
"93.2909","0.746"
"93.2898","0.744"
"93.2909","0.754"
"93.2911","0.737"
"93.2913","0.719"
"93.29","0.721"
"93.2908","0.735"
"93.2906","0.762"
"93.2909","0.741"
"93.2899","0.758"
"93.2911","0.721"
"93.2906","0.743"
"93.2915","0.738"
"93.2898","0.741"
"93.2907","0.735"
"93.2915","0.715"
"93.2915","0.719"
"93.2901","0.718"
"93.2906","0.724"
"93.2906","0.741"
"93.2897","0.749"
"93.2913","0.756"
"93.2908","0.76"
"93.2909","0.783"
"93.2909","0.78"
"93.2896","0.769"
"93.291","0.76"
"93.2918","0.735"
"93.2913","0.724"
"93.2899","0.711"
"93.2907","0.729"
"93.291","0.766"
"93.2893","0.763"
"93.2911","0.765"
"93.2909","0.775"
"93.291","0.78"
"93.291","0.79"
"93.289","0.777"
"93.291","0.766"
"93.2908","0.741"
"93.2911","0.723"
"93.2897","0.703"
"93.2915","0.686"
"93.2912","0.716"
"93.2892","0.752"
"93.2907","0.759"
"93.2911","0.76"
"93.2911","0.761"
"93.2901","0.756"
"93.2908","0.754"
"93.2906","0.758"
"93.2905","0.741"
"93.289","0.723"
"93.291","0.677"
"93.2913","0.645"
"93.2898","0.641"
"93.2917","0.67"
"93.2919","0.693"
"93.2917","0.746"
"93.2898","0.781"
"93.2909","0.817"
"93.2907","0.832"
"93.2911","0.805"
"93.2913","0.758"
"93.2905","0.734"
"93.2912","0.741"
"93.291","0.715"
"93.2896","0.72"
"93.291","0.741"
"93.2911","0.747"
"93.2909","0.744"
"93.2901","0.758"
"93.2912","0.785"
"93.2911","0.789"
"93.2905","0.758"
"93.2909","0.751"
"93.2901","0.708"
"93.2907","0.717"
"93.2906","0.712"
"93.2894","0.721"
"93.291","0.719"
"93.2908","0.712"
"93.2903","0.696"
"93.2904","0.701"
"93.2912","0.718"
"93.2904","0.739"
"93.2888","0.765"
"93.2906","0.735"
"93.2912","0.75"
"93.2906","0.738"
"93.2895","0.744"
"93.2908","0.746"
"93.2906","0.751"
"93.2902","0.742"
"93.2895","0.732"
"93.2913","0.743"
"93.2909","0.76"
"93.1818","0.753"
"92.2854","0.756"
"92.2866","0.742"
"92.2866","0.741"
"92.2866","0.756"
"92.2857","0.787"
"92.2865","0.81"
"92.2865","0.813"
"92.2872","0.786"
"92.2875","0.765"
"92.2857","0.758"
"92.2865","0.708"
"92.2874","0.673"
"92.2861","0.647"
"92.2871","0.67"
"92.2868","0.707"
"92.286","0.733"
"92.2872","0.76"
"92.287","0.783"
"92.2867","0.789"
"92.2866","0.811"
"92.2859","0.788"
"92.2866","0.771"
"92.2873","0.728"
"92.2874","0.723"
"92.2857","0.689"
"92.2865","0.714"
"92.2871","0.709"
"92.286","0.721"
"92.2872","0.728"
"92.2869","0.759"
"92.2872","0.791"
"92.2867","0.785"
"92.286","0.768"
"92.2871","0.736"
"92.2872","0.7"
"92.2859","0.721"
"92.2868","0.711"
"92.2868","0.717"
"92.2879","0.707"
"92.2862","0.713"
"92.2875","0.724"
"92.2872","0.784"
"92.2871","0.796"
"92.2852","0.793"
"92.2868","0.792"
"92.2875","0.764"
"92.287","0.758"
"92.2857","0.748"
"92.2869","0.737"
"92.2873","0.728"
"92.287","0.707"
"92.2861","0.683"
"92.2871","0.69"
"92.2874","0.712"
"92.2857","0.759"
"92.2866","0.844"
"91.5489","0.831"
"91.2828","0.845"
"91.282","0.821"
"91.2824","0.81"
"91.2809","0.806"
"91.2821","0.777"
"91.2824","0.765"
"91.2826","0.754"
"91.2806","0.755"
"91.2817","0.762"
"91.2822","0.806"
"91.2821","0.827"
"91.2821","0.843"
"91.2822","0.847"
"91.2812","0.837"
"91.2821","0.814"
"91.8803","0.788"
"92.2876","0.756"
"92.288","0.759"
"91.3018","0.763"
"91.2818","0.733"
"91.2828","0.691"
"91.2813","0.68"
"91.2826","0.675"
"91.2821","0.672"
"91.2815","0.704"
"91.2832","0.698"
"91.2827","0.755"
"91.2819","0.773"
"91.2815","0.784"
"91.2826","0.775"
"91.2822","0.744"
"91.2823","0.735"
"91.2815","0.735"
"91.2823","0.739"
"90.784","0.711"
"90.2788","0.722"
"90.2778","0.7"
"90.279","0.715"
"90.5706","0.719"
"91.2815","0.744"
"91.2815","0.751"
"91.2823","0.752"
"91.2825","0.751"
"91.2815","0.738"
"91.2824","0.745"
"91.2823","0.753"
"91.2822","0.745"
"91.2811","0.732"
"91.2828","0.73"
"91.2822","0.723"
"91.2826","0.717"
"91.2812","0.726"
"91.2821","0.734"
"91.2821","0.746"
"91.2822","0.76"
"91.2815","0.766"
"91.2825","0.75"
"91.2821","0.748"
"91.2824","0.749"
"91.2806","0.738"
"91.2823","0.735"
"91.2827","0.745"
"91.2826","0.736"
"91.2815","0.741"
"91.2816","0.739"
"90.9489","0.74"
"90.2792","0.74"
"90.2775","0.761"
"90.2789","0.762"
"90.279","0.791"
"90.2788","0.801"
"90.2771","0.8"
"91.1559","0.787"
"91.2825","0.772"
"91.2823","0.76"
"91.2815","0.743"
"91.2814","0.752"
"91.2822","0.754"
"91.2823","0.757"
"91.2819","0.765"
"91.2809","0.795"
"91.282","0.799"
"91.2816","0.79"
"91.2821","0.745"
"91.281","0.709"
"91.2824","0.706"
"90.9515","0.692"
"90.278","0.69"
"90.2796","0.697"
"90.279","0.714"
"90.2786","0.715"
"90.2773","0.716"
"90.2788","0.718"
"90.279","0.704"
"90.277","0.72"
"90.2784","0.738"
"90.2787","0.749"
"90.2778","0.743"
"90.2774","0.748"
"90.2786","0.729"
"90.7566","0.744"
"91.1291","0.761"
"90.2769","0.764"
"90.2785","0.764"
"90.2787","0.758"
"90.278","0.757"
"90.2769","0.765"
"90.2785","0.756"
"90.2784","0.757"
"90.2787","0.759"
"90.2787","0.781"
"90.2773","0.815"
"90.2777","0.865"
"90.891","0.879"
"91.2821","0.856"
"91.2819","0.86"
"91.2821","0.857"
"91.2815","0.847"
"91.2813","0.82"
"90.5673","0.774"
"90.2787","0.752"
"90.2793","0.748"
"90.2773","0.759"
"90.2781","0.788"
"90.2786","0.823"
"89.9859","0.816"
"89.2747","0.787"
"89.2736","0.772"
"89.2747","0.781"
"89.2745","0.776"
"89.2742","0.772"
"89.2737","0.753"
"89.2754","0.742"
"89.2744","0.733"
"89.2749","0.71"
"89.2735","0.726"
"89.2744","0.694"
"89.2743","0.682"
"89.2731","0.653"
"90.0093","0.671"
"90.279","0.671"
"90.2769","0.694"
"90.2789","0.708"
"90.2793","0.728"
"90.2783","0.766"
"90.2766","0.774"
"90.278","0.772"
"90.279","0.752"
"90.2786","0.738"
"90.2773","0.726"
"90.2783","0.725"
"90.2788","0.719"
"90.2778","0.732"
"90.2772","0.723"
"90.2787","0.72"
"90.2788","0.724"
"90.2767","0.745"
"90.2782","0.721"
"90.2784","0.718"
"90.2791","0.713"
"90.2773","0.677"
"90.2791","0.687"
"90.2788","0.709"
"90.2771","0.692"
"90.2784","0.704"
"90.279","0.707"
"90.2779","0.7"
"90.2788","0.717"
"90.2784","0.739"
"90.2784","0.748"
"90.2773","0.75"
"90.2789","0.726"
"90.2786","0.71"
"90.2791","0.719"
"90.2774","0.715"
"90.2782","0.721"
"90.2785","0.714"
"90.2779","0.716"
"90.279","0.717"
"90.2782","0.722"
"90.2781","0.734"
"90.2774","0.755"
"90.2785","0.756"
"90.2789","0.749"
"90.1629","0.737"
"89.2735","0.724"
"90.0122","0.719"
"90.2785","0.71"
"90.2778","0.71"
"90.2792","0.703"
"90.2789","0.732"
"90.2783","0.782"
"90.2786","0.818"
"90.2776","0.832"
"90.2786","0.796"
"90.2789","0.751"
"90.3937","0.719"
"91.2808","0.705"
"91.282","0.697"
"91.2827","0.709"
"91.2811","0.745"
"91.2824","0.805"
"91.282","0.86"
"91.2821","0.88"
"91.2818","0.877"
"91.2826","0.869"
"91.2825","0.829"
"91.2811","0.811"
"91.2819","0.754"
"91.2821","0.723"
"91.2826","0.672"
"91.2812","0.63"
"91.2825","0.646"
"91.2827","0.727"
"91.2812","0.808"
"91.2823","0.862"
"91.2818","0.876"
"91.2825","0.845"
"91.283","0.813"
"91.2366","0.809"
"90.2782","0.784"
"90.279","0.775"
"90.279","0.751"
"90.2792","0.733"
"90.2787","0.725"
"90.2798","0.721"
"90.2787","0.718"
"90.278","0.716"
"90.2784","0.714"
"90.2794","0.722"
"90.2793","0.715"
"90.2776","0.716"
"90.2791","0.748"
"90.2794","0.775"
"90.2783","0.765"
"90.2776","0.758"
"90.2791","0.76"
"90.2793","0.728"
"90.2783","0.726"
"90.2769","0.716"
"90.2784","0.74"
"89.8955","0.737"
"89.3044","0.739"
"90.2766","0.727"
"89.6168","0.742"
"89.2749","0.753"
"89.2744","0.758"
"89.2735","0.757"
"89.2751","0.734"
"89.275","0.723"
"89.2737","0.72"
"89.2749","0.733"
"89.2746","0.749"
"89.2744","0.77"
"89.2739","0.768"
"89.2748","0.746"
"89.2749","0.759"
"89.2747","0.754"
"89.2747","0.762"
"88.3014","0.753"
"88.2715","0.748"
"88.2718","0.729"
"88.2706","0.737"
"88.2714","0.734"
"88.2709","0.747"
"88.2717","0.706"
"88.2704","0.742"
"88.2718","0.717"
"88.272","0.736"
"88.2716","0.74"
"88.2703","0.734"
"88.9952","0.715"
"89.2746","0.718"
"89.2737","0.683"
"89.2748","0.679"
"89.2747","0.69"
"89.2742","0.702"
"89.2742","0.721"
"89.2753","0.742"
"89.5379","0.743"
"90.2776","0.752"
"90.2785","0.768"
"90.2789","0.762"
"90.2784","0.751"
"90.279","0.748"
"90.2775","0.755"
"90.2787","0.743"
"90.2783","0.746"
"90.2788","0.758"
"90.2775","0.773"
"90.2789","0.788"
"90.2786","0.782"
"90.279","0.771"
"90.2772","0.754"
"90.2789","0.735"
"90.279","0.725"
"90.2789","0.734"
"90.2773","0.764"
"90.278","0.787"
"90.2788","0.821"
"90.2792","0.777"
"90.2777","0.747"
"90.2788","0.727"
"90.2791","0.712"
"90.2786","0.679"
"90.2769","0.641"
"89.763","0.623"
"89.2734","0.618"
"89.2751","0.649"
"89.2751","0.653"
"89.2736","0.681"
"89.2755","0.684"
"89.7149","0.702"
"90.2324","0.725"
"89.274","0.72"
"89.9306","0.712"
"90.2795","0.696"
"90.278","0.688"
"90.2787","0.686"
"90.2789","0.686"
"90.2779","0.693"
"90.2792","0.687"
"90.2786","0.696"
"90.2788","0.722"
"90.2774","0.707"
"89.647","0.737"
"89.2748","0.704"
"89.2743","0.708"
"89.2754","0.703"
"89.2745","0.724"
"89.2742","0.729"
"89.2736","0.748"
"89.2747","0.745"
"89.2748","0.746"
"89.2752","0.738"
"89.2736","0.758"
"89.2745","0.765"
"88.8896","0.758"
"88.2717","0.743"
"88.271","0.734"
"88.2718","0.738"
"88.2712","0.744"
"88.2718","0.729"
"88.2701","0.735"
"88.2717","0.71"
"88.1237","0.675"
"87.2667","0.652"
"87.8933","0.659"
"88.1199","0.694"
"87.2665","0.73"
"88.0454","0.732"
"88.2718","0.772"
"88.2713","0.793"
"88.2704","0.791"
"88.272","0.756"
"88.2718","0.724"
"88.272","0.712"
"88.2707","0.703"
"88.2715","0.699"
"88.2718","0.706"
"88.2703","0.726"
"88.2718","0.733"
"88.272","0.743"
"88.5469","0.792"
"89.2741","0.785"
"89.2734","0.768"
"89.2753","0.762"
"89.2749","0.754"
"89.2747","0.76"
"89.2731","0.739"
"89.2749","0.711"
"89.2745","0.71"
"89.2738","0.719"
"89.2748","0.718"
"89.2742","0.74"
"89.2744","0.766"
"89.2738","0.763"
"90.1666","0.766"
"89.6887","0.775"
"89.2744","0.761"
"89.2745","0.754"
"90.2378","0.752"
"90.2784","0.727"
"90.279","0.725"
"90.2779","0.729"
"90.279","0.726"
"90.2781","0.733"
"90.2782","0.755"
"90.2779","0.767"
"90.2789","0.738"
"90.2785","0.744"
"90.2789","0.759"
"90.2772","0.74"
"90.2785","0.74"
"89.8137","0.733"
"89.2752","0.728"
"89.2734","0.728"
"89.2745","0.733"
"89.2747","0.74"
"89.2748","0.735"
"89.2733","0.745"
"89.275","0.74"
"89.275","0.762"
"89.2799","0.747"
"90.27","0.746"
"90.2787","0.73"
"90.2792","0.728"
"90.2776","0.742"
"90.2781","0.688"
"90.2787","0.67"
"90.279","0.664"
"90.2773","0.651"
"90.2785","0.618"
"90.2774","0.665"
"90.2789","0.721"
"90.2792","0.761"
"90.2784","0.785"
"90.2782","0.797"
"90.278","0.79"
"89.5955","0.765"
"89.2744","0.752"
"89.2746","0.748"
"89.2733","0.738"
"89.2746","0.724"
"89.2746","0.717"
"89.2738","0.722"
"89.2753","0.725"
"89.2747","0.743"
"89.2745","0.767"
"89.2736","0.789"
"89.2744","0.784"
"89.2747","0.795"
"89.2749","0.78"
"89.2748","0.77"
"89.2731","0.763"
"89.2744","0.759"
"89.275","0.745"
"89.2752","0.747"
"89.2734","0.739"
"89.275","0.758"
"89.2746","0.753"
"89.2748","0.774"
"89.2733","0.803"
"89.2749","0.778"
"89.2752","0.768"
"89.2751","0.763"
"89.2743","0.752"
"89.2732","0.743"
"89.2742","0.736"
"89.2753","0.734"
"89.2735","0.739"
"89.2749","0.752"
"89.2745","0.771"
"89.2743","0.796"
"89.2745","0.777"
"89.2739","0.774"
"89.2744","0.772"
"89.2744","0.771"
"89.2746","0.758"
"89.2735","0.746"
"89.2744","0.734"
"89.275","0.721"
"89.2747","0.72"
"89.2732","0.718"
"89.2747","0.732"
"89.2747","0.73"
"89.2741","0.727"
"89.2754","0.734"
"89.2751","0.728"
"89.2744","0.722"
"89.2735","0.727"
"89.2749","0.734"
"89.275","0.735"
"89.2751","0.731"
"89.2732","0.726"
"89.2743","0.731"
"89.2744","0.723"
"89.2745","0.742"
"89.274","0.757"
"89.2745","0.778"
"89.6411","0.785"
"90.2791","0.774"
"90.2774","0.753"
"90.2786","0.755"
"90.2789","0.775"
"90.279","0.782"
"90.2774","0.789"
"90.278","0.786"
"90.279","0.815"
"90.2793","0.793"
"90.2789","0.819"
"90.2777","0.798"
"90.2789","0.777"
"89.6744","0.745"
"89.2748","0.725"
"89.2739","0.709"
"89.2753","0.704"
"88.8581","0.707"
"88.2711","0.73"
"88.2704","0.754"
"88.9876","0.775"
"89.2749","0.776"
"89.2749","0.797"
"89.2733","0.804"
"89.2736","0.786"
"89.2744","0.759"
"89.2749","0.756"
"89.2737","0.718"
"89.2746","0.717"
"89.2745","0.706"
"89.2744","0.705"
"89.2733","0.718"
"89.2743","0.712"
"89.2745","0.73"
"89.275","0.742"
"89.2733","0.773"
"89.2741","0.801"
"89.2743","0.795"
"89.2751","0.791"
"89.2733","0.781"
"89.2746","0.76"
"89.2746","0.764"
"89.2746","0.765"
"89.274","0.785"
"89.2732","0.777"
"89.2746","0.766"
"89.2751","0.742"
"89.2749","0.722"
"89.2735","0.714"
"89.2749","0.726"
"89.2741","0.769"
"89.2736","0.743"
"89.2744","0.78"
"89.2748","0.798"
"88.8588","0.795"
"88.2715","0.793"
"88.2702","0.813"
"88.2709","0.808"
"87.5892","0.798"
"87.267","0.769"
"87.2674","0.744"
"87.2658","0.73"
"87.267","0.726"
"87.5868","0.717"
"88.2696","0.709"
"88.2715","0.717"
"88.2718","0.728"
"88.2719","0.722"
"88.2701","0.736"
"88.2708","0.753"
"88.2712","0.758"
"88.2713","0.759"
"88.2703","0.747"
"88.2715","0.742"
"88.2715","0.724"
"88.2714","0.727"
"88.2697","0.723"
"88.2711","0.724"
"88.2714","0.73"
"88.2714","0.739"
"88.27","0.752"
"88.2713","0.755"
"88.2714","0.744"
"88.2708","0.74"
"88.2708","0.71"
"88.2717","0.712"
"88.2714","0.718"
"88.2697","0.715"
"88.2708","0.705"
"88.2712","0.714"
"88.27","0.701"
"88.2713","0.711"
"88.2708","0.705"
"88.2712","0.714"
"88.2698","0.723"
"88.2705","0.737"
"88.2709","0.739"
"88.2717","0.736"
"88.27","0.745"
"88.2709","0.74"
"88.2711","0.751"
"88.2711","0.745"
"88.2698","0.74"
"88.2711","0.741"
"88.2712","0.733"
"88.2701","0.728"
"88.2712","0.726"
"88.2712","0.727"
"88.2715","0.734"
"88.2702","0.725"
"88.2713","0.738"
"87.8319","0.756"
"87.2668","0.773"
"87.2656","0.764"
"87.2665","0.764"
"87.2667","0.767"
"87.4932","0.776"
"88.2701","0.783"
"88.2701","0.781"
"88.2707","0.767"
"88.2713","0.749"
"88.2714","0.718"
"88.27","0.717"
"88.2712","0.743"
"88.2715","0.761"
"88.2703","0.805"
"88.2702","0.815"
"88.2713","0.812"
"88.809","0.804"
"88.9972","0.786"
"88.2712","0.781"
"88.2701","0.751"
"88.2715","0.711"
"88.2713","0.671"
"88.2703","0.643"
"88.2721","0.637"
"88.2712","0.64"
"88.2696","0.673"
"88.2721","0.699"
"88.2712","0.728"
"88.2704","0.712"
"88.2718","0.735"
"87.7943","0.763"
"87.2667","0.763"
"87.2653","0.77"
"87.2669","0.747"
"87.2673","0.741"
"87.267","0.708"
"87.2656","0.696"
"87.2673","0.685"
"87.2671","0.702"
"87.2649","0.715"
"87.2666","0.71"
"87.2675","0.716"
"87.2675","0.726"
"87.2661","0.738"
"87.2666","0.738"
"87.2667","0.738"
"87.2671","0.74"
"87.2659","0.734"
"87.2671","0.705"
"87.2675","0.72"
"87.2652","0.716"
"87.2663","0.684"
"87.2667","0.702"
"87.2673","0.717"
"87.2657","0.736"
"87.2668","0.74"
"87.2672","0.748"
"87.2661","0.755"
"87.2663","0.748"
"87.2679","0.711"
"87.2673","0.702"
"87.2659","0.7"
"87.2666","0.698"
"87.2668","0.701"
"87.2656","0.707"
"87.2672","0.724"
"87.2669","0.729"
"87.2666","0.733"
"87.2657","0.725"
"87.267","0.694"
"87.2669","0.678"
"87.2652","0.657"
"87.2668","0.674"
"87.2667","0.659"
"87.2652","0.666"
"87.2668","0.662"
"87.2676","0.652"
"87.2658","0.692"
"87.2668","0.696"
"87.2659","0.71"
"87.2652","0.665"
"87.2669","0.624"
"87.2668","0.626"
"87.2657","0.628"
"87.267","0.637"
"87.2674","0.609"
"87.2659","0.622"
"87.2674","0.658"
"87.2664","0.658"
"87.2656","0.657"
"87.2672","0.658"
"87.2672","0.654"
"87.2657","0.64"
"87.2673","0.64"
"87.2658","0.677"
"87.2673","0.698"
"87.2661","0.708"
"87.3335","0.712"
"88.2697","0.693"
"88.2714","0.699"
"88.2709","0.716"
"88.2693","0.705"
"88.2709","0.714"
"88.2706","0.693"
"88.2704","0.681"
"88.2715","0.673"
"88.2714","0.665"
"88.2702","0.644"
"88.2712","0.635"
"88.2709","0.604"
"88.27","0.619"
"88.2708","0.639"
"88.2716","0.64"
"88.27","0.655"
"88.2717","0.636"
"88.3088","0.664"
"89.2715","0.672"
"89.2741","0.691"
"89.2025","0.661"
"88.2708","0.67"
"88.2714","0.652"
"88.2717","0.651"
"88.2703","0.68"
"88.2714","0.69"
"88.2711","0.692"
"88.2698","0.692"
"88.2718","0.674"
"88.1148","0.653"
"87.2662","0.668"
"87.2667","0.651"
"87.2677","0.675"
"87.2655","0.684"
"87.2672","0.675"
"87.4492","0.665"
"88.2705","0.664"
"88.2717","0.662"
"88.2708","0.688"
"88.2697","0.703"
"88.2711","0.686"
"88.2721","0.667"
"88.2707","0.639"
"88.2722","0.62"
"88.2716","0.614"
"88.2702","0.61"
"88.2718","0.612"
"88.2704","0.615"
"88.2716","0.593"
"88.2713","0.63"
"88.2706","0.667"
"88.9734","0.692"
"89.2744","0.688"
"89.2734","0.688"
"89.2749","0.699"
"89.2743","0.696"
"89.2729","0.685"
"89.275","0.66"
"89.2753","0.635"
"89.2737","0.616"
"88.5123","0.619"
"88.2721","0.621"
"88.2697","0.64"
"88.2717","0.636"
"88.2717","0.647"
"88.2703","0.656"
"88.2724","0.635"
"88.271","0.647"
"88.271","0.665"
"88.2716","0.677"
"88.2711","0.687"
"88.2706","0.66"
"88.2722","0.656"
"88.2702","0.639"
"89.1773","0.642"
"89.2746","0.656"
"89.2731","0.658"
"89.2735","0.67"
"89.2744","0.664"
"89.2735","0.656"
"89.2742","0.651"
"89.2748","0.642"
"89.2717","0.647"
"89.274","0.643"
"89.2748","0.644"
"89.2732","0.649"
"89.2745","0.633"
"89.2753","0.628"
"89.2737","0.635"
"89.2746","0.686"
"89.2739","0.69"
"89.2726","0.658"
"89.2742","0.62"
"89.2731","0.606"
"89.2745","0.611"
"89.2744","0.625"
"89.2736","0.604"
"89.2753","0.623"
"89.2746","0.628"
"89.2723","0.643"
"89.2744","0.674"
"89.2751","0.673"
"89.2735","0.651"
"88.8144","0.647"
"88.2711","0.661"
"88.2708","0.654"
"88.6828","0.657"
"89.273","0.67"
"89.2749","0.64"
"89.2745","0.645"
"89.2736","0.647"
"89.2746","0.67"
"89.2739","0.675"
"89.273","0.687"
"89.2747","0.681"
"89.2747","0.694"
"89.2732","0.665"
"89.2744","0.687"
"89.2747","0.688"
"89.2741","0.688"
"89.2729","0.671"
"89.2749","0.653"
"89.2759","0.645"
"89.2738","0.664"
"89.274","0.679"
"89.2745","0.676"
"89.2739","1.387"
"89.2748","0.648"
"89.2738","0.63"
"89.2753","0.655"
"89.2745","0.662"
"89.2724","0.675"
"89.2736","0.651"
"89.2732","0.629"
"89.2744","0.614"
"89.2747","0.628"
"89.272","0.63"
"89.2744","0.642"
"89.2748","0.65"
"89.2739","0.666"
"89.2746","0.686"
"89.0578","0.701"
"88.2699","0.719"
"88.271","0.715"
"88.2712","0.731"
"88.3063","0.707"
"89.2718","0.7"
"89.2748","0.697"
"89.2745","0.706"
"89.2733","0.685"
"89.2745","0.694"
"89.275","0.719"
"89.2734","0.701"
"89.2745","0.73"
"89.2744","0.733"
"89.2743","0.736"
"89.2727","0.726"
"89.2748","0.712"
"89.2752","0.699"
"89.2743","0.699"
"89.2733","0.689"
"89.2748","0.698"
"89.2745","0.681"
"89.273","0.696"
"89.2747","0.707"
"89.2748","0.702"
"89.2733","0.709"
"89.2748","0.718"
"89.2745","0.721"
"89.2895","0.724"
"90.2732","0.704"
"90.279","0.718"
"90.2781","0.713"
"90.2776","0.656"
"90.2786","0.633"
"90.279","0.619"
"90.2769","0.631"
"90.2792","0.671"
"90.2792","0.664"
"90.2773","0.711"
"90.2789","0.756"
"90.2783","0.781"
"90.2785","0.796"
"90.2772","0.762"
"90.2787","0.744"
"89.8748","0.723"
"89.2744","0.724"
"89.2727","0.71"
"89.2747","0.7"
"89.2748","0.684"
"89.2736","0.671"
"89.2746","0.649"
"89.2751","0.686"
"89.2728","0.706"
"89.2744","0.753"
"89.2749","0.751"
"89.2743","0.755"
"89.2732","0.739"
"89.2742","0.737"
"89.2742","0.745"
"89.2747","0.712"
"89.2737","0.693"
"89.275","0.683"
"89.2747","0.689"
"89.2736","0.735"
"89.2746","0.738"
"89.2741","0.754"
"89.2745","0.759"
"89.2733","0.766"
"89.275","0.732"
"89.2743","0.734"
"89.2747","0.73"
"89.2733","0.719"
"89.2745","0.713"
"89.2743","0.701"
"89.2735","0.686"
"89.2749","0.69"
"89.2742","0.691"
"89.2727","0.716"
"89.2742","0.703"
"89.275","0.712"
"89.2741","0.705"
"89.2727","0.709"
"89.2749","0.721"
"88.9834","0.711"
"88.2699","0.695"
"88.2709","0.684"
"88.2717","0.675"
"88.2701","0.637"
"88.2715","0.642"
"88.2709","0.651"
"88.2698","0.675"
"88.2712","0.699"
"88.2716","0.699"
"88.2707","0.695"
"88.2709","0.696"
"88.2716","0.714"
"88.271","0.717"
"88.2694","0.685"
"88.2716","0.691"
"88.2717","0.682"
"88.2701","0.688"
"88.2714","0.669"
"88.2715","0.688"
"88.2699","0.7"
"88.2712","0.682"
"88.2708","0.661"
"88.2694","0.624"
"88.2712","0.65"
"88.2717","0.642"
"88.2702","0.648"
"87.5821","0.646"
"87.2675","0.662"
"87.2649","0.678"
"87.9543","0.685"
"88.2708","0.686"
"88.2706","0.677"
"87.523","0.661"
"87.2672","0.68"
"87.265","0.696"
"87.2668","0.699"
"87.2669","0.692"
"87.2659","0.691"
"87.2672","0.658"
"87.2671","0.647"
"87.2657","0.666"
"87.2669","0.686"
"87.2663","0.703"
"87.2671","0.706"
"87.2664","0.69"
"87.2667","0.684"
"87.2666","0.703"
"87.2657","0.708"
"87.2672","0.701"
"87.2672","0.679"
"87.2655","0.694"
"87.2669","0.661"
"87.267","0.674"
"87.2653","0.679"
"87.2672","0.659"
"86.9458","0.66"
"86.2613","0.667"
"87.078","0.649"
"86.9976","0.646"
"86.261","0.668"
"86.2616","0.69"
"86.2624","0.694"
"86.2606","0.697"
"87.1539","0.689"
"87.2676","0.673"
"87.2669","0.679"
"87.2658","0.69"
"86.769","0.686"
"86.2625","0.677"
"86.2615","0.667"
"86.2624","0.66"
"86.2625","0.631"
"86.2613","0.661"
"86.2623","0.683"
"86.2621","0.73"
"86.2602","0.698"
"86.2619","0.655"
"86.2626","0.663"
"86.2604","0.69"
"86.2626","0.672"
"86.2625","0.667"
"86.2607","0.676"
"86.2624","0.668"
"86.2616","0.682"
"86.2608","0.722"
"86.2617","0.675"
"86.2623","0.683"
"86.2603","0.654"
"86.2621","0.659"
"86.2616","0.697"
"86.2604","0.712"
"86.2613","0.713"
"86.2622","0.732"
"86.2623","0.702"
"86.2614","0.724"
"86.2617","0.715"
"86.2623","0.69"
"86.2603","0.671"
"86.2623","0.682"
"86.2617","0.658"
"86.2613","0.665"
"86.2617","0.667"
"86.2624","0.665"
"86.26","0.666"
"86.2622","0.672"
"86.2623","0.653"
"86.2608","0.649"
"86.2623","0.667"
"86.2617","0.691"
"86.2601","0.712"
"86.2625","0.712"
"86.2624","0.713"
"86.2625","0.708"
"86.2611","0.744"
"86.262","0.715"
"86.2615","0.722"
"86.2621","0.729"
"86.2611","0.707"
"86.2621","0.664"
"86.262","0.667"
"86.2606","0.657"
"86.2622","0.66"
"86.2621","0.666"
"86.2608","0.68"
"86.2627","0.695"
"86.1393","0.73"
"85.2576","0.745"
"85.2592","0.738"
"85.2592","0.716"
"85.2596","0.697"
"85.2577","0.677"
"85.2592","0.667"
"85.2587","0.647"
"85.2575","0.622"
"85.2591","0.622"
"85.2577","0.603"
"85.2583","0.635"
"85.4513","0.668"
"86.2605","0.671"
"86.2615","0.685"
"86.2613","0.727"
"86.2609","0.736"
"86.2618","0.712"
"86.2617","0.683"
"86.2625","0.662"
"86.2607","0.65"
"86.2623","0.667"
"86.2617","0.696"
"86.2599","0.714"
"86.2627","0.728"
"86.2623","0.72"
"86.2605","0.739"
"86.2612","0.731"
"86.262","0.732"
"86.2621","0.693"
"86.2607","0.68"
"86.2625","0.653"
"86.2621","0.65"
"86.2602","0.64"
"86.2619","0.641"
"86.2606","0.607"
"86.2618","0.624"
"86.2617","0.656"
"86.2609","0.693"
"86.2617","0.708"
"86.262","0.706"
"86.2623","0.737"
"86.2606","0.727"
"86.2612","0.715"
"86.262","0.705"
"86.2612","0.685"
"86.2627","0.658"
"85.9348","0.651"
"85.2581","0.656"
"85.2591","0.655"
"85.2595","0.665"
"85.2583","0.667"
"85.2601","0.679"
"85.2596","0.708"
"85.258","0.713"
"85.2585","0.719"
"85.2591","0.699"
"85.3727","0.705"
"86.2605","0.647"
"86.2617","0.648"
"86.2621","0.659"
"86.2601","0.682"
"86.2624","0.697"
"86.2617","0.714"
"86.2612","0.708"
"86.2625","0.746"
"86.2617","0.733"
"86.193","0.736"
"85.2582","0.724"
"85.2591","0.728"
"85.2593","0.682"
"85.2568","0.671"
"85.2592","0.682"
"85.2588","0.676"
"85.2572","0.691"
"85.2592","0.662"
"85.2591","0.687"
"85.2589","0.706"
"85.2583","0.741"
"85.2581","0.742"
"85.2594","0.744"
"85.2579","0.719"
"85.2597","0.703"
"85.2591","0.693"
"85.2593","0.692"
"85.2575","0.706"
"85.2594","0.7"
"85.2589","0.696"
"85.2583","0.696"
"85.2588","0.688"
"85.2591","0.673"
"85.2576","0.673"
"85.2594","0.645"
"85.2589","0.619"
"85.2569","0.622"
"85.2588","0.647"
"85.2593","0.641"
"85.2583","0.672"
"85.2599","0.662"
"85.2587","0.681"
"85.2581","0.697"
"85.2595","0.686"
"85.2595","0.69"
"85.2574","0.656"
"85.2593","0.655"
"85.2589","0.657"
"85.2572","0.655"
"85.2587","0.664"
"85.2593","0.67"
"85.2576","0.667"
"85.2591","0.695"
"85.2587","0.713"
"85.2571","0.719"
"86.0347","0.696"
"85.9351","0.686"
"85.2574","0.662"
"85.2591","0.666"
"85.259","0.658"
"85.2579","0.685"
"85.2589","0.681"
"85.2587","0.704"
"85.2599","0.702"
"85.2576","0.714"
"85.2585","0.726"
"85.2589","0.717"
"85.258","0.695"
"85.2591","0.668"
"85.2588","0.664"
"85.2579","0.666"
"85.2589","0.663"
"85.259","0.667"
"85.2576","0.675"
"85.2593","0.682"
"85.2597","0.684"
"85.2574","0.705"
"85.2586","0.709"
"85.2585","0.72"
"85.259","0.715"
"85.2588","0.69"
"85.2596","0.68"
"85.2592","0.689"
"85.2578","0.682"
"85.2591","0.68"
"85.2591","0.661"
"85.2583","0.658"
"85.2592","0.664"
"85.2589","0.662"
"85.2581","0.649"
"85.2593","0.636"
"85.2145","0.621"
"84.2547","0.617"
"84.2558","0.637"
"84.2547","0.64"
"84.2568","0.63"
"84.2561","0.639"
"84.2541","0.667"
"84.2552","0.667"
"84.2549","0.681"
"84.2544","0.691"
"84.2563","0.671"
"84.2557","0.667"
"84.2534","0.682"
"84.2545","0.673"
"84.256","0.655"
"84.2543","0.672"
"84.2563","0.654"
"84.2562","0.651"
"84.2544","0.665"
"84.2553","0.672"
"84.2544","0.672"
"84.2538","0.677"
"84.2561","0.661"
"84.2557","0.678"
"84.2533","0.675"
"85.1469","0.695"
"85.2594","0.68"
"85.2591","0.669"
"85.2582","0.672"
"85.2599","0.647"
"85.2585","0.669"
"85.2585","0.682"
"85.2592","0.688"
"85.2598","0.691"
"85.2581","0.684"
"85.2596","0.683"
"85.2584","0.687"
"85.2582","0.691"
"85.2589","0.68"
"85.2589","0.685"
"85.2575","0.668"
"85.2589","0.665"
"85.2593","0.657"
"85.2578","0.666"
"85.2584","0.677"
"85.2591","0.682"
"85.259","0.66"
"85.2601","0.686"
"85.0054","0.684"
"84.2538","0.696"
"84.2551","0.699"
"84.2548","0.716"
"84.2554","0.691"
"84.254","0.706"
"84.2556","0.7"
"84.2558","0.703"
"84.2535","0.694"
"83.5727","0.691"
"83.2515","0.681"
"83.2499","0.66"
"83.2514","0.647"
"83.4094","0.643"
"84.2551","0.635"
"84.2558","0.641"
"84.2549","0.68"
"84.2533","0.662"
"84.2556","0.648"
"84.2564","0.634"
"84.254","0.686"
"84.256","0.661"
"84.2567","0.68"
"84.255","0.683"
"84.2557","0.671"
"84.2543","0.675"
"84.2533","0.676"
"84.2552","0.654"
"84.256","0.634"
"84.2543","0.624"
"84.2559","0.601"
"84.2555","0.612"
"84.2565","0.648"
"84.2559","0.686"
"84.2536","0.657"
"84.2552","0.687"
"84.2546","0.672"
"84.254","0.674"
"84.2558","0.666"
"84.5554","0.641"
"85.2583","0.637"
"84.5239","0.645"
"84.2548","0.652"
"84.2535","0.655"
"84.2553","0.667"
"84.2555","0.669"
"84.2534","0.663"
"84.2562","0.651"
"84.3785","0.648"
"85.2584","0.637"
"85.2599","0.649"
"85.2593","0.657"
"85.2573","0.661"
"85.2591","0.649"
"85.2593","0.663"
"85.2576","0.637"
"85.2594","0.647"
"85.2574","0.656"
"84.3522","0.671"
"84.2554","0.648"
"84.2547","0.674"
"84.2554","0.641"
"84.2551","0.669"
"84.2541","0.664"
"85.1157","0.679"
"85.2587","0.689"
"85.2586","0.694"
"84.3052","0.689"
"84.256","0.689"
"84.2556","0.693"
"84.2533","0.701"
"84.2547","0.691"
"84.256","0.68"
"84.2542","0.674"
"84.2556","0.642"
"84.2554","0.67"
"84.2533","0.671"
"84.2549","0.699"
"84.2555","0.714"
"84.2539","0.707"
"84.2559","0.706"
"84.6978","0.73"
"85.2585","0.737"
"85.2576","0.698"
"85.259","0.676"
"85.1327","0.648"
"84.2539","0.631"
"84.2552","0.636"
"84.2548","0.651"
"84.2539","0.663"
"84.2545","0.671"
"84.2268","0.684"
"83.2513","0.666"
"83.7847","0.673"
"84.256","0.668"
"84.2542","0.664"
"83.7194","0.665"
"83.2506","0.662"
"83.2505","0.661"
"83.2512","0.68"
"83.2504","0.68"
"83.2485","0.679"
"83.2516","0.69"
"83.2512","0.687"
"83.2499","0.681"
"83.2514","0.657"
"83.2508","0.668"
"83.2499","0.656"
"83.2512","0.658"
"83.2505","0.669"
"83.2493","0.66"
"83.2514","0.685"
"83.2512","0.698"
"83.2498","0.708"
"83.2504","0.728"
"83.2502","0.746"
"83.2504","0.72"
"83.2494","0.737"
"83.2512","0.727"
"83.2505","0.707"
"83.2489","0.688"
"83.251","0.701"
"83.2513","0.688"
"83.2511","0.688"
"83.25","0.715"
"83.2513","0.742"
"83.2513","0.744"
"83.2491","0.733"
"83.2506","0.739"
"83.2512","0.738"
"83.2509","0.711"
"83.2496","0.718"
"83.2504","0.705"
"83.2505","0.693"
"83.25","0.681"
"83.2516","0.681"
"83.251","0.675"
"83.251","0.684"
"83.252","0.684"
"83.2503","0.674"
"83.2498","0.673"
"83.251","0.664"
"83.2516","0.66"
"83.2497","0.671"
"83.2501","0.674"
"83.2505","0.684"
"83.2512","0.682"
"83.2491","0.699"
"83.2507","0.699"
"83.2508","0.714"
"83.2503","0.726"
"83.2507","0.724"
"83.251","0.704"
"83.2504","0.684"
"83.2514","0.681"
"83.2508","0.685"
"83.2502","0.682"
"83.2501","0.691"
"83.2508","0.676"
"83.2505","0.695"
"83.2497","0.712"
"83.2504","0.725"
"83.2513","0.743"
"83.2508","0.75"
"83.2492","0.722"
"83.2503","0.715"
"83.2509","0.668"
"83.2496","0.676"
"83.2504","0.684"
"83.0505","0.687"
"82.2457","0.673"
"82.2464","0.708"
"82.247","0.7"
"82.2455","0.703"
"82.2467","0.739"
"82.2461","0.773"
"82.2463","0.753"
"82.2448","0.749"
"83.1644","0.747"
"82.6812","0.735"
"82.2469","0.734"
"82.2456","0.722"
"82.2467","0.71"
"82.2469","0.691"
"82.2464","0.691"
"82.2458","0.682"
"82.2466","0.683"
"82.3096","0.714"
"83.2482","0.74"
"83.2511","0.775"
"83.2509","0.747"
"83.2507","0.763"
"83.2501","0.738"
"83.2514","0.74"
"83.2509","0.723"
"83.2511","0.71"
"83.2498","0.695"
"83.2519","0.685"
"83.2513","0.689"
"83.249","0.668"
"83.2506","0.656"
"83.2511","0.648"
"83.2492","0.642"
"83.2512","0.659"
"83.2521","0.681"
"83.25","0.72"
"83.2511","0.738"
"83.2514","0.771"
"83.2503","0.733"
"83.2496","0.715"
"83.2503","0.684"
"83.2506","0.683"
"83.2509","0.682"
"83.2517","0.652"
"83.2508","0.663"
"83.2493","0.668"
"83.2509","0.67"
"83.2503","0.687"
"83.2499","0.656"
"83.2509","0.67"
"83.2515","0.662"
"83.2496","0.678"
"83.2499","0.679"
"83.2505","0.689"
"83.2511","0.669"
"83.2521","0.662"
"83.2518","0.675"
"83.2492","0.657"
"83.2507","0.668"
"83.0654","0.688"
"82.2448","0.678"
"82.2466","0.682"
"82.2477","0.672"
"82.2445","0.701"
"82.2457","0.69"
"82.2457","0.704"
"82.2458","0.724"
"82.2448","0.698"
"82.247","0.694"
"82.2465","0.711"
"82.2456","0.682"
"82.2455","0.681"
"82.2459","0.684"
"82.2445","0.666"
"82.2473","0.659"
"82.2471","0.67"
"82.245","0.709"
"82.2462","0.726"
"82.664","0.755"
"83.2504","0.738"
"83.2497","0.726"
"83.2505","0.731"
"83.251","0.717"
"83.249","0.702"
"83.25","0.692"
"83.2505","0.68"
"83.251","0.677"
"83.2498","0.655"
"83.2512","0.641"
"83.2493","0.661"
"82.3407","0.696"
"82.2463","0.682"
"82.2468","0.701"
"82.2458","0.691"
"82.2464","0.722"
"82.2461","0.715"
"82.2452","0.699"
"82.2463","0.696"
"82.2461","0.671"
"82.2452","0.66"
"82.2465","0.637"
"82.2468","0.671"
"82.2453","0.669"
"82.2459","0.704"
"82.2462","0.716"
"82.2464","0.706"
"82.2451","0.739"
"82.2454","0.736"
"82.2454","0.723"
"82.2448","0.711"
"82.2462","0.695"
"82.2467","0.668"
"82.2452","0.667"
"82.247","0.678"
"82.6339","0.667"
"83.2499","0.674"
"83.251","0.684"
"82.8204","0.674"
"82.246","0.642"
"82.2468","0.643"
"82.2461","0.7"
"82.2459","0.709"
"82.2464","0.717"
"82.2473","0.72"
"82.2464","0.735"
"82.2446","0.741"
"82.2454","0.71"
"82.2463","0.697"
"82.2457","0.683"
"82.2461","0.647"
"82.2477","0.641"
"82.2452","0.655"
"82.2468","0.685"
"82.2463","0.717"
"82.2471","0.73"
"82.2459","0.756"
"82.2459","0.774"
"82.2457","0.783"
"82.246","0.782"
"82.2455","0.742"
"82.2456","0.711"
"82.2473","0.71"
"82.2475","0.708"
"82.2458","0.67"
"82.2461","0.674"
"82.2464","0.667"
"82.2455","0.682"
"82.2467","0.688"
"82.2459","0.725"
"82.2454","0.754"
"82.2472","0.769"
"82.2462","0.765"
"82.2459","0.741"
"82.2439","0.748"
"82.2449","0.714"
"82.2447","0.673"
"82.2449","0.664"
"82.2461","0.64"
"82.247","0.614"
"82.2443","0.63"
"82.2459","0.627"
"82.2453","0.661"
"82.2443","0.689"
"82.2454","0.716"
"82.2454","0.737"
"82.2459","0.762"
"82.2458","0.744"
"82.2471","0.719"
"82.2457","0.702"
"82.246","0.687"
"82.2466","0.655"
"82.2459","0.638"
"82.2438","0.637"
"82.247","0.659"
"82.2475","0.67"
"82.2446","0.687"
"82.2454","0.724"
"82.2449","0.743"
"82.246","0.75"
"82.2452","0.736"
"82.2469","0.73"
"82.2463","0.73"
"82.2451","0.707"
"82.2463","0.695"
"82.2461","0.682"
"82.2347","0.666"
"81.2468","0.645"
"81.2422","0.649"
"81.2412","0.65"
"81.2413","0.696"
"81.7377","0.702"
"82.2472","0.682"
"82.2449","0.693"
"82.2455","0.721"
"82.2454","0.711"
"82.2445","0.714"
"82.2453","0.695"
"82.2466","0.695"
"82.2456","0.666"
"82.246","0.668"
"82.2461","0.666"
"82.2444","0.697"
"82.2453","0.697"
"82.2449","0.705"
"82.2456","0.692"
"82.245","0.693"
"82.2464","0.692"
"82.2459","0.705"
"82.2444","0.711"
"82.2461","0.715"
"82.6232","0.693"
"83.2513","0.709"
"83.2499","0.718"
"83.2511","0.705"
"83.2509","0.681"
"83.2498","0.652"
"83.2514","0.625"
"83.2513","0.632"
"83.2495","0.63"
"82.8418","0.655"
"82.2453","0.656"
"82.2457","0.672"
"82.246","0.709"
"82.246","0.719"
"82.2451","0.707"
"82.246","0.696"
"82.246","0.696"
"82.246","0.67"
"82.2466","0.653"
"82.0845","0.66"
"81.2406","0.677"
"81.2416","0.68"
"81.4361","0.666"
"82.2451","0.666"
"82.2472","0.662"
"82.2474","0.676"
"82.2453","0.689"
"82.246","0.685"
"82.2469","0.729"
"82.2463","0.729"
"82.2444","0.719"
"82.2454","0.737"
"82.2468","0.698"
"82.2455","0.706"
"82.9987","0.69"
"83.2505","0.673"
"83.2493","0.664"
"83.2515","0.653"
"83.5024","0.658"
"84.2548","0.695"
"84.2571","0.654"
"83.9704","0.679"
"83.2499","0.7"
"83.2504","0.708"
"83.2507","0.688"
"83.2512","0.691"
"83.2498","0.676"
"83.2509","0.673"
"83.2523","0.655"
"83.2506","0.659"
"83.2512","0.658"
"83.2503","0.66"
"82.3044","0.671"
"82.2473","0.692"
"82.2466","0.691"
"82.2441","0.709"
"82.2452","0.715"
"82.2454","0.671"
"82.2434","0.644"
"82.2458","0.618"
"82.2464","0.628"
"82.2444","0.634"
"82.2463","0.623"
"82.2441","0.635"
"81.4043","0.658"
"81.2428","0.689"
"81.2412","0.702"
"82.1656","0.712"
"82.246","0.707"
"82.2477","0.685"
"82.2452","0.694"
"82.247","0.675"
"82.3611","0.659"
"83.25","0.659"
"83.2514","0.666"
"83.2522","0.663"
"83.2502","0.678"
"83.2515","0.682"
"83.2512","0.681"
"83.2504","0.658"
"83.2519","0.657"
"83.251","0.642"
"83.2494","0.634"
"83.2516","0.642"
"83.2506","0.638"
"83.2504","0.644"
"83.2518","0.643"
"83.2494","0.631"
"83.252","0.631"
"83.2521","0.651"
"83.2505","0.66"
"83.2515","0.683"
"83.2509","0.667"
"83.2492","0.667"
"83.2522","0.645"
"83.0322","0.641"
"82.2442","0.65"
"82.246","0.625"
"82.2455","0.616"
"82.2449","0.592"
"82.2466","0.583"
"82.2446","0.604"
"82.2463","0.612"
"82.3311","0.63"
"83.2494","0.648"
"83.25","0.69"
"83.25","0.7"
"83.249","0.705"
"83.2515","0.69"
"83.02","0.668"
"82.2446","0.644"
"82.2459","0.639"
"82.2468","0.638"
"82.2445","0.646"
"82.246","0.656"
"82.2474","0.645"
"82.245","0.648"
"82.2471","0.686"
"82.2472","0.697"
"82.2446","0.703"
"82.246","0.696"
"82.2468","0.692"
"82.2447","0.691"
"82.2461","0.692"
"82.2459","0.676"
"82.2439","0.68"
"82.2466","0.653"
"82.2459","0.674"
"82.2452","0.647"
"82.2466","0.668"
"82.2463","0.68"
"82.2444","0.661"
"82.2466","0.677"
"82.2467","0.67"
"82.2458","0.647"
"82.2459","0.661"
"82.2465","0.666"
"82.2457","0.642"
"82.2463","0.641"
"82.2474","0.64"
"82.2451","0.656"
"82.2467","0.665"
"82.2462","0.697"
"82.2441","0.702"
"82.247","0.715"
"82.2471","0.688"
"82.2454","0.697"
"82.2468","0.707"
"82.2474","0.676"
"82.2352","0.687"
"81.2466","0.679"
"81.242","0.668"
"81.2435","0.661"
"81.2409","0.656"
"81.2428","0.658"
"81.2416","0.659"
"81.2407","0.669"
"81.2431","0.66"
"81.242","0.667"
"81.2406","0.669"
"81.2427","0.649"
"81.2418","0.68"
"81.2406","0.634"
"81.2423","0.608"
"81.2409","0.622"
"81.2433","0.61"
"81.2427","0.65"
"81.2408","0.653"
"81.2419","0.667"
"81.2432","0.658"
"81.2419","0.662"
"81.8524","0.652"
"82.2465","0.636"
"82.2451","0.647"
"82.2463","0.645"
"82.2464","0.653"
"82.2449","0.645"
"82.2475","0.654"
"82.2449","0.671"
"82.2459","0.687"
"82.2469","0.656"
"82.2449","0.655"
"82.247","0.651"
"82.2466","0.633"
"82.2447","0.633"
"82.2472","0.647"
"82.2453","0.664"
"82.2448","0.695"
"82.2457","0.699"
"82.2461","0.701"
"82.2465","0.712"
"82.2449","0.704"
"82.2464","0.7"
"82.2459","0.694"
"82.2452","0.663"
"82.2465","0.667"
"82.2469","0.665"
"82.2446","0.653"
"82.8354","0.657"
"83.2507","0.663"
"83.25","0.664"
"83.2508","0.672"
"83.2519","0.701"
"83.2497","0.731"
"83.2508","0.722"
"83.2504","0.729"
"83.2524","0.701"
"83.2497","0.703"
"83.2507","0.695"
"83.154","0.7"
"82.2451","0.701"
"82.2462","0.698"
"82.2464","0.703"
"82.2444","0.705"
"82.2462","0.683"
"82.2466","0.713"
"82.2466","0.719"
"82.2449","0.744"
"82.2463","0.735"
"82.2458","0.734"
"82.245","0.726"
"82.2465","0.697"
"82.2468","0.711"
"82.2454","0.714"
"82.2445","0.746"
"82.2461","0.739"
"82.246","0.722"
"82.2464","0.754"
"82.2451","0.733"
"82.2464","0.754"
"82.2458","0.751"
"82.2467","0.748"
"82.2449","0.75"
"82.2464","0.723"
"82.2467","0.721"
"82.2454","0.714"
"82.2465","0.74"
"82.247","0.756"
"82.2462","0.771"
"82.2458","0.792"
"82.2447","0.788"
"82.2466","0.773"
"82.6276","0.76"
"83.2502","0.753"
"83.2508","0.738"
"83.2515","0.7"
"83.2509","0.708"
"83.2497","0.706"
"84.1118","0.744"
"84.2548","0.755"
"84.2556","0.793"
"84.2673","0.821"
"85.254","0.795"
"85.2594","0.788"
"85.7254","0.767"
"86.2624","0.757"
"86.2612","0.703"
"86.9908","0.666"
"87.2665","0.634"
"87.2659","0.608"
"87.2674","0.63"
"87.2667","0.647"
"87.2662","0.66"
"87.7754","0.682"
"88.3353","0.699"
"89.2733","0.719"
"89.2744","0.756"
"89.2744","0.771"
"89.2747","0.768"
"89.2737","0.737"
"89.2745","0.732"
"89.275","0.729"
"89.2749","0.736"
"89.2736","0.752"
"89.2744","0.775"
"89.2745","0.774"
"89.3611","0.773"
"90.2774","0.769"
"90.2784","0.762"
"90.2782","0.753"
"90.2788","0.752"
"90.2772","0.748"
"90.2796","0.744"
"90.7263","0.73"
"91.2824","0.748"
"91.2813","0.756"
"91.2827","0.785"
"91.2818","0.816"
"91.283","0.825"
"91.282","0.809"
"91.2815","0.788"
"91.2825","0.761"
"91.2824","0.759"
"91.2826","0.771"
"91.2816","0.796"
"91.2818","0.828"
"91.2829","0.833"
"91.283","0.828"
"91.2829","0.801"
"91.2826","0.791"
"91.2816","0.805"
"91.2816","0.789"
"91.2822","0.775"
"91.2831","0.76"
"91.281","0.745"
"91.2826","0.752"
"91.2823","0.753"
"91.2828","0.757"
"91.2815","0.766"
"92.192","0.797"
"92.2874","0.804"
"92.287","0.791"
"92.2867","0.783"
"92.2863","0.778"
"92.2873","0.741"
"92.2875","0.728"
"92.2868","0.73"
"92.2858","0.742"
"92.2874","0.773"
"92.7734","0.79"
"93.2914","0.791"
"93.2908","0.79"
"93.2906","0.811"
"93.2913","0.808"
"93.2908","0.799"
"93.2921","0.797"
"93.2907","0.779"
"93.2905","0.771"
"93.2911","0.779"
"93.2913","0.793"
"93.2911","0.781"
"93.2904","0.793"
"92.4464","0.783"
"92.2881","0.771"
"92.2869","0.764"
"92.2863","0.739"
"92.2885","0.749"
"92.2873","0.769"
"92.287","0.787"
"92.2883","0.761"
"92.2864","0.745"
"92.2881","0.774"
"92.2869","0.776"
"92.288","0.75"
"92.2859","0.695"
"92.2876","0.661"
"92.2869","0.676"
"92.2865","0.682"
"92.2878","0.708"
"92.2866","0.764"
"92.2869","0.798"
"92.2865","0.819"
"92.2873","0.798"
"92.2869","0.78"
"92.2877","0.781"
"92.2867","0.771"
"92.2862","0.767"
"92.2876","0.752"
"92.2875","0.734"
"92.2876","0.738"
"92.2861","0.768"
"92.2879","0.796"
"92.287","0.806"
"92.287","0.795"
"92.2861","0.778"
"92.2876","0.755"
"92.2876","0.747"
"92.2874","0.73"
"92.2867","0.716"
"92.2876","0.724"
"92.7171","0.722"
"93.2913","0.744"
"93.2906","0.766"
"93.2912","0.808"
"93.2915","0.788"
"93.2917","0.788"
"93.2917","0.776"
"93.2905","0.762"
"93.2914","0.705"
"93.2924","0.712"
"93.2908","0.662"
"93.2927","0.673"
"93.2914","0.679"
"93.2898","0.7"
"93.2917","0.712"
"93.2911","0.716"
"93.2923","0.709"
"93.291","0.706"
"93.2925","0.688"
"93.8389","0.699"
"96.9978","0.752"
"96.9997","0.741"
"96.9998","0.722"
"96.9984","1.388"
"96.9998","0.628"
"96.9999","0.638"
"96.999","0.61"
"97.0007","1.409"
"96.9986","0.723"
"96.9998","0.732"
"97.0005","0.728"
"96.9992","0.727"
"97.0006","0.744"
"96.9997","0.733"
"96.9995","0.736"
"96.9989","0.786"
"96.9995","0.646"
"96.9995","0.68"
"96.9989","0.694"
"97.0001","0.71"
"96.158","0.728"
"95.2989","0.774"
"95.2985","0.791"
"95.2994","0.792"
"95.2991","0.772"
"95.2996","0.777"
"95.363","0.783"
"96.3018","0.784"
"96.3026","0.776"
"96.3035","0.763"
"96.1646","0.728"
"95.2987","0.717"
"95.2994","0.738"
"95.3003","0.757"
"95.2995","0.764"
"95.2986","0.795"
"95.2998","0.794"
"95.2997","0.791"
"95.2992","0.8"
"95.2997","0.782"
"95.2976","0.75"
"95.2994","0.74"
"95.2994","0.744"
"95.2987","0.752"
"95.298","0.766"
"96.0333","0.773"
"96.303","0.752"
"96.3042","0.755"
"96.3022","0.754"
"96.3034","0.802"
"96.3028","0.828"
"96.6724","0.86"
"97.3057","0.845"
"97.3056","0.808"
"96.3401","0.795"
"96.3036","0.795"
"96.3031","0.797"
"96.3032","0.784"
"96.3025","0.754"
"96.3036","0.762"
"96.303","0.756"
"96.3036","0.781"
"96.3029","0.767"
"96.3025","0.735"
"96.3032","0.699"
"96.304","0.662"
"96.3019","0.687"
"96.3035","0.722"
"96.3031","0.762"
"96.3038","0.776"
"96.3026","0.789"
"96.303","0.813"
"96.3027","0.817"
"96.3031","0.813"
"96.3033","0.812"
"96.3021","0.782"
"96.3037","0.768"
"96.3043","0.757"
"96.3032","0.79"
"96.303","0.865"
"96.3024","0.867"
"96.303","0.869"
"96.3029","0.865"
"96.3037","0.848"
"96.3036","0.856"
"96.3028","0.83"
"96.3026","0.808"
"96.3025","0.764"
"96.3031","0.748"
"96.3039","0.727"
"96.3025","0.725"
"96.3035","0.735"
"96.3035","0.809"
"96.3029","0.868"
"96.3036","0.873"
"96.3032","0.854"
"96.3021","0.865"
"96.3029","0.843"
"96.3032","0.817"
"96.3034","0.782"
"96.303","0.76"
"96.3022","0.761"
"96.3034","0.778"
"96.3035","0.792"
"96.3036","0.803"
"96.3037","0.827"
"96.3023","0.831"
"96.3032","0.846"
"96.3034","0.867"
"95.7418","0.83"
"95.2993","0.809"
"95.2993","0.792"
"95.2988","0.786"
"95.2995","0.779"
"95.3002","0.785"
"95.3001","0.786"
"95.3019","0.794"
"96.2939","0.795"
"96.3042","0.796"
"96.3036","0.798"
"96.052","0.821"
"95.3001","0.82"
"95.2985","0.821"
"95.2998","0.8"
"95.3001","0.815"
"95.2996","0.831"
"95.2992","0.83"
"95.2985","0.817"
"95.3001","0.824"
"95.2995","0.821"
"95.2995","0.826"
"95.2996","0.809"
"95.2996","0.8"
"95.2984","0.782"
"95.2995","0.787"
"95.2998","0.814"
"95.2995","0.838"
"95.2992","0.851"
"95.2989","0.806"
"95.2997","0.813"
"95.2996","0.806"
"95.2994","0.825"
"95.2998","0.807"
"95.2981","0.799"
"95.2995","0.778"
"95.2999","0.77"
"95.2999","0.766"
"95.2992","0.775"
"95.2987","0.78"
"95.2999","0.75"
"95.2993","0.747"
"95.2998","0.783"
"95.2987","0.764"
"95.2998","0.787"
"95.2993","0.792"
"95.2997","0.795"
"95.2995","0.787"
"95.298","0.781"
"95.2995","0.758"
"96.0092","0.747"
"96.9999","0.761"
"96.9976","0.778"
"96.999","0.827"
"96.9998","0.831"
"96.3427","0.8"
"95.2994","0.794"
"95.2981","0.811"
"95.2993","0.809"
"95.2995","0.788"
"95.2994","0.787"
"95.2997","0.785"
"95.298","0.799"
"95.299","0.801"
"95.2999","0.794"
"95.2996","0.787"
"95.2992","0.808"
"95.2981","0.806"
"95.2994","0.804"
"95.2994","0.781"
"95.2997","0.773"
"95.2996","0.778"
"95.2979","0.801"
"95.2992","0.802"
"95.8178","0.787"
"96.3035","0.766"
"96.303","0.767"
"96.3033","0.77"
"96.3035","0.788"
"96.3036","0.815"
"96.3032","0.811"
"96.3027","0.812"
"96.3038","0.838"
"96.3034","0.826"
"96.3033","0.807"
"96.3037","0.772"
"96.3023","0.767"
"96.3031","0.771"
"96.3031","0.785"
"96.3033","0.805"
"96.3033","0.801"
"96.3027","0.785"
"96.3041","0.794"
"96.3034","0.794"
"96.3033","0.794"
"96.3042","0.789"
"96.3025","0.779"
"96.3033","0.799"
"96.3036","0.808"
"96.3035","0.813"
"96.3039","0.789"
"96.3022","0.78"
"96.3036","0.774"
"96.3037","0.767"
"96.3031","0.781"
"96.3025","0.764"
"96.3037","0.748"
"96.3034","0.727"
"96.3035","0.776"
"96.3017","0.753"
"96.3033","0.75"
"96.3036","0.719"
"96.4193","0.686"
"97.3042","0.668"
"97.3058","0.707"
"97.0625","0.72"
"96.3022","0.734"
"96.3039","0.741"
"96.3037","0.762"
"96.3029","0.782"
"96.3029","0.812"
"96.3028","0.783"
"96.3034","0.784"
"96.3036","0.776"
"96.3037","0.789"
"96.3023","0.791"
"97.2168","0.795"
"96.6524","0.791"
"96.3045","0.779"
"96.4185","0.796"
"97.3039","0.781"
"96.4704","0.767"
"96.8318","0.763"
"97.3058","0.77"
"97.3055","0.785"
"97.3054","0.805"
"97.3053","0.83"
"97.3057","0.855"
"97.3062","0.843"
"97.3063","0.806"
"97.305","0.812"
"97.3062","0.805"
"97.3058","0.799"
"97.3058","0.8"
"97.3062","0.795"
"97.3053","0.795"
"97.3066","0.805"
"97.3058","0.833"
"97.3058","0.844"
"97.3061","0.858"
"97.306","0.84"
"97.3052","0.836"
"97.3065","0.834"
"97.306","0.849"
"97.306","0.817"
"97.3065","0.823"
"97.3064","0.792"
"97.3054","0.774"
"97.3064","0.786"
"97.3062","0.779"
"97.3063","0.793"
"97.306","0.817"
"97.3054","0.827"
"97.3063","0.838"
"97.3058","0.833"
